CCSDS_OEM_VERS = 2.0
CREATION_DATE  = 2026-09-14T15:42:47.186
ORIGINATOR     = NASA/JSC/FOD/TOPO

META_START
OBJECT_NAME          = ISS
OBJECT_ID            = 1998-067-A
CENTER_NAME          = Earth
REF_FRAME            = EME2000
TIME_SYSTEM          = UTC
START_TIME           = 2026-09-14T12:00:00.000
USEABLE_START_TIME   = 2026-09-14T12:00:00.000
USEABLE_STOP_TIME    = 2026-09-29T12:00:00.000
STOP_TIME            = 2026-09-29T12:00:00.000
META_STOP

COMMENT Source: This file was produced by the TOPO office within FOD at JSC.
COMMENT Units are in kg and m^2
COMMENT MASS=463156.00
COMMENT DRAG_AREA=1205.00
COMMENT DRAG_COEFF=1.55
COMMENT SOLAR_RAD_AREA=0.00
COMMENT SOLAR_RAD_COEFF=0.00
COMMENT Orbits start at the ascending node epoch
COMMENT ISS first asc. node: EPOCH = 2026-09-14T12:43:36.215 $ ORBIT = 2560 $ LAN(DEG) = 33.50367
COMMENT ISS last asc. node : EPOCH = 2026-09-29T11:55:50.987 $ ORBIT = 2792 $ LAN(DEG) = -43.36490
COMMENT Begin sequence of events
COMMENT TRAJECTORY EVENT SUMMARY:
COMMENT 
COMMENT |       EVENT        |       TIG        | ORB |   DV    |   HA    |   HP    |
COMMENT |                    |       GMT        |     |   M/S   |   KM    |   KM    |
COMMENT |                    |                  |     |  (F/S)  |  (NM)   |  (NM)   |
COMMENT =============================================================================
COMMENT  96P_Launch            259:13:33:53.000             0.0     427.1     410.9
COMMENT                                                    (0.0)   (230.6)   (221.9)
COMMENT 
COMMENT  96P_Docking           262:13:46:00.000             0.0     426.5     411.2
COMMENT                                                    (0.0)   (230.3)   (222.0)
COMMENT 
COMMENT  Cygnus Reboost        268:16:08:00.000             1.1     425.0     412.1
COMMENT                                                    (3.6)   (229.5)   (222.5)
COMMENT 
COMMENT =============================================================================
COMMENT End sequence of events
2026-09-14T12:00:00.000 4763.644436288440 4732.319302583750 -1056.540624534430 -4.04872905231359 2.77448588434157 -5.88253553828648
2026-09-14T12:04:00.000 3630.554151971040 5218.049120104730 -2412.630687035820 -5.33572963204720 1.24896432749523 -5.34919272859946
2026-09-14T12:08:00.000 2233.726796988570 5324.765197432220 -3593.005311347880 -6.23330985144904 -0.36458638301271 -4.42744862742240
2026-09-14T12:12:00.000 674.908113133361 5045.401949033290 -4512.147323473170 -6.67772357359487 -1.94881966926228 -3.18572214584922
2026-09-14T12:16:00.000 -932.792687473737 4400.836276116140 -5103.779074302770 -6.63845124078032 -3.38962258267022 -1.71485526731887
2026-09-14T12:20:00.000 -2473.086614690730 3438.144731643950 -5325.438322443260 -6.11954034031845 -4.58400679627676 -0.12126778981140
2026-09-14T12:24:00.000 -3834.742232310600 2227.096643334260 -5161.330123790830 -5.15879185243913 -5.44687968142200 1.48052926784375
2026-09-14T12:28:00.000 -4919.385222632370 855.175562368298 -4623.334343373820 -3.82491076779918 -5.91650895224512 2.97568556074090
2026-09-14T12:32:00.000 -5648.406098111050 -578.547928533481 -3750.188718580100 -2.21304551344355 -5.95865904766078 4.25649351466534
2026-09-14T12:36:00.000 -5968.611521008060 -1970.376240863720 -2604.865914425430 -0.43866510873656 -5.56929434199863 5.22991127226588
2026-09-14T12:40:00.000 -5856.203885473710 -3219.364714599470 -1270.225583488910 1.37011360644272 -4.77538145364761 5.82431680956040
2026-09-14T12:44:00.000 -5318.752509059410 -4234.666042516670 156.848926426559 3.08166267221721 -3.63366904618351 5.99529956226894
2026-09-14T12:48:00.000 -4394.845994190860 -4942.258690741240 1572.482753121380 4.57074902577120 -2.22678925650275 5.72942795664373
2026-09-14T12:52:00.000 -3151.396759167340 -5290.484145008010 2873.452040529740 5.72811507722258 -0.65731000870441 5.04557852853581
2026-09-14T12:56:00.000 -1678.750512093940 -5253.918784749100 3964.839411808880 6.46900210090351 0.96015532422068 3.99361976886718
2026-09-14T13:00:00.000 -84.011161868214 -4835.224148030180 4767.036918157660 6.73935164824596 2.50763555559761 2.65045569740268
2026-09-14T13:04:00.000 1516.833652871800 -4064.885881532050 5221.565632193060 6.51958558574076 3.87266487050729 1.11408887607066
2026-09-14T13:08:00.000 3007.363171149580 -2998.919200151530 5295.265556785300 5.82562789813181 4.95620366957519 -0.50376004061407
2026-09-14T13:12:00.000 4279.118705368860 -1714.795892680940 4982.657053177030 4.70750603913530 5.67951373616361 -2.08547981177292
2026-09-14T13:16:00.000 5239.432312944140 -305.881710942922 4306.378781042030 3.24606369900642 5.98971362798715 -3.51576760003086
2026-09-14T13:20:00.000 5818.204052810690 1125.293190054720 3315.619733325150 1.54740226187318 5.86381137309608 -4.69003012791116
2026-09-14T13:24:00.000 5973.093981286160 2474.479510897520 2082.614042093920 -0.26460257550145 5.31062070083144 -5.52201172793622
2026-09-14T13:28:00.000 5692.751615535960 3643.363372006590 697.417502645237 -2.05718919540141 4.37055674167227 -5.95046319206986
2026-09-14T13:32:00.000 4997.749483861370 4546.874610298010 -738.739302187417 -3.69883086502472 3.11288405220437 -5.94414712387380
2026-09-14T13:36:00.000 3939.048900321250 5119.518335464220 -2121.007506632350 -5.06947290753506 1.63038520934433 -5.50434441041522
2026-09-14T13:40:00.000 2594.102168758080 5320.166023939780 -3348.744407783900 -6.06981048284082 0.03196994974036 -4.66451780796712
2026-09-14T13:44:00.000 1060.961636475750 5134.912757932530 -4332.913188968520 -6.62847058171328 -1.56587483261799 -3.48720686316470
2026-09-14T13:48:00.000 -549.030935461966 4577.844654532230 -5002.470556610350 -6.70663211736462 -3.04780054449089 -2.05880481869496
2026-09-14T13:52:00.000 -2119.349543402720 3689.773003952970 -5309.311305515710 -6.30003702645947 -4.30772017692775 -0.48287605571047
2026-09-14T13:56:00.000 -3536.573993719060 2535.140882875240 -5231.510257635990 -5.43857545550363 -5.25585285717524 1.12723678728904
2026-09-14T14:00:00.000 -4698.341174062460 1197.396446776650 -4774.759540472360 -4.18398737481226 -5.82447036836571 2.65601793342756
2026-09-14T14:04:00.000 -5520.537109296800 -226.873842097893 -3971.955672147030 -2.62575159363165 -5.97243683371611 3.99355475056559
2026-09-14T14:08:00.000 -5943.287948216030 -1634.709678129790 -2880.963725429010 -0.87533610612766 -5.68815390974016 5.04288604662122
2026-09-14T14:12:00.000 -5935.400007090850 -2924.076900496950 -1580.652511554140 0.94111080169445 -4.99100087343015 5.72706310156659
2026-09-14T14:16:00.000 -5496.839026343270 -4001.252022300320 -165.341807579752 2.69163794349962 -3.93053247457159 5.99515704320353
2026-09-14T14:20:00.000 -4658.962404166830 -4787.735889998720 1262.001869948270 4.24826998554985 -2.58333534415726 5.82657403070386
2026-09-14T14:24:00.000 -3482.374433406670 -5226.127075712340 2597.328829794350 5.49685026286595 -1.04753138327362 5.23298856732417
2026-09-14T14:28:00.000 -2052.519734738770 -5284.418721969050 3743.215707037820 6.34585703667915 0.56474568355639 4.25759096380233
2026-09-14T14:32:00.000 -473.383295994942 -4958.348927424390 4616.071143966900 6.73325432473370 2.13587411364421 2.97168774628829
2026-09-14T14:36:00.000 1140.170848198790 -4271.669977020760 5152.256893616840 6.63094463201214 3.55150880829535 1.46918184507846
2026-09-14T14:40:00.000 2670.795980403220 -3274.331508448870 5312.677156730680 6.04637599872850 4.70893995473509 -0.14058204762860
2026-09-14T14:44:00.000 4007.142712833440 -2038.822067925820 5085.558957054460 5.02176472408719 5.52415878451737 -1.74060047390009
2026-09-14T14:48:00.000 5051.882936614030 -654.947081327449 4487.306216369380 3.63106060457303 5.93769890963219 -3.21443733490145
2026-09-14T14:52:00.000 5728.776980459620 776.606774464389 3561.389236210430 1.97509259046537 5.91897267363713 -4.45433458483555
2026-09-14T14:56:00.000 5988.332022311090 2151.572479446610 2375.285561073190 0.17455818389021 5.46897356062254 -5.36927429856566
2026-09-14T15:00:00.000 5811.538654489390 3369.754994455090 1015.599986399370 -1.63875790914086 4.62048540883869 -5.89191207286494
2026-09-14T15:04:00.000 5211.374971037420 4342.454737684870 -418.299469036436 -3.33179708581067 3.43595412944518 -5.98397608734920
2026-09-14T15:08:00.000 4231.864768006640 4999.072255268970 -1821.690118757390 -4.78060688437176 2.00276940123611 -5.63940048253052
2026-09-14T15:12:00.000 2944.715845990000 5292.301819338920 -3092.311553502200 -5.87991279308672 0.42637822824519 -4.88458763280760
2026-09-14T15:16:00.000 1443.853960499530 5201.486555886050 -4137.921673512630 -6.55094636109291 -1.17807320701918 -3.77598749698320
2026-09-14T15:20:00.000 -161.623442290584 4733.888543696650 -4882.961351399010 -6.74669929789166 -2.69450218686626 -2.39521265769742
2026-09-14T15:24:00.000 -1755.435229543820 3923.904661171320 -5273.847281644810 -6.45452879567500 -4.01418182869816 -0.84261629153073
2026-09-14T15:28:00.000 -3222.426268765050 2830.405377795090 -5282.607526026860 -5.69631364737110 -5.04300842803788 0.76997463563585
2026-09-14T15:32:00.000 -4456.663260769310 1532.467348140020 -4908.722547120640 -4.52653734951302 -5.70760108754500 2.32690215336466
2026-09-14T15:36:00.000 -5368.851443019260 123.807382376237 -4179.128778244540 -3.02864450110710 -5.96003930501278 3.71628591446936
2026-09-14T15:40:00.000 -5892.682580997350 -1293.783341994940 -3146.398714069340 -1.30968473877505 -5.78140434112693 4.83762346550992
2026-09-14T15:44:00.000 -5989.682479201040 -2617.638478160020 -1885.137792201880 0.50671922830693 -5.18344569586007 5.60893988399184
2026-09-14T15:48:00.000 -5652.202325312110 -3751.596987852250 -486.763400820318 2.28886337110032 -4.20842023492376 5.97305169451009
2026-09-14T15:52:00.000 -4904.209610344800 -4613.067952527480 947.051346752767 3.90662624155788 -2.92651916834431 5.90230087299155
2026-09-14T15:56:00.000 -3799.718341538590 -5139.191040164420 2311.818585406250 5.24138227482735 -1.43096823070564 5.40110190382168
2026-09-14T16:00:00.000 -2418.891913521820 -5291.555637612780 3507.975358552680 6.19525978698749 0.16903903326614 4.50582234549148
2026-09-14T16:04:00.000 -862.132277707305 -5059.039547052930 4448.258165838250 6.69852183647474 1.75674544075041 3.28190434065938
2026-09-14T16:08:00.000 757.324608483718 -4458.577358125820 5064.099620694510 6.71455637234562 3.21653324934607 1.81870479967090
2026-09-14T16:12:00.000 2321.692293973800 -3533.862489523740 5310.599481686200 6.24224271384474 4.44240395356463 0.22285205056868
2026-09-14T16:16:00.000 3717.176750640680 -2352.115596329050 5169.733165968870 5.31572538672631 5.34540713420809 -1.38964987734591
2026-09-14T16:20:00.000 4842.180368584820 -999.229413374967 4651.638981586580 4.00190730513079 5.85981953519920 -2.90149433837003
2026-09-14T16:24:00.000 5614.656253087770 426.402835332814 3793.933386978520 2.39587545433994 5.94782912435587 -4.20236421457012
2026-09-14T16:28:00.000 5978.136440142790 1820.975485724200 2659.076572167970 0.61449577330878 5.60250487269641 -5.19682673123668
2026-09-14T16:32:00.000 5906.002352054230 3082.857968754780 1329.901021459390 -1.21190223397385 4.84886546773615 -5.81167481429783
2026-09-14T16:36:00.000 5403.559522321330 4120.127774368680 -96.461922750343 -2.94932197218117 3.74231843537558 -6.00176938540895
2026-09-14T16:40:00.000 4507.676079141800 4857.416613396080 -1515.805912551670 -4.47044723601123 2.36451338026676 -5.75368508741579
2026-09-14T16:44:00.000 3283.976660208270 5241.481507660680 -2824.634068994410 -5.66450862076923 0.81694225262146 -5.08667912440855
2026-09-14T16:48:00.000 1821.835276712140 5245.019768583700 -3927.833898522520 -6.44556746514936 -0.78713911926815 -4.05083524999912
2026-09-14T16:52:00.000 227.642409633814 4868.456850055600 -4745.595988891580 -6.75854324647729 -2.33137998917007 -2.72268152960200
2026-09-14T16:56:00.000 -1383.043743319480 4139.653743907030 -5219.044323025840 -6.58241393740767 -3.70485049281588 -1.19900831946440
2026-09-14T17:00:00.000 -2893.795523975340 3111.683150667780 -5314.256872330110 -5.93089091948295 -4.80953601781306 0.41026823173005
2026-09-14T17:04:00.000 -4195.521181220480 1858.945313855940 -5024.512357850610 -4.85099946125019 -5.56668191505963 1.98965780289402
2026-09-14T17:08:00.000 -5194.104219676820 471.903001878188 -4370.708081236170 -3.41981325436932 -5.92193161237504 3.42578371186881
2026-09-14T17:12:00.000 -5817.051292020700 -949.249168662581 -3399.936388241790 -1.73949929978239 -5.84904219744658 4.61497162796331
2026-09-14T17:16:00.000 -6018.760969483000 -2301.635429036040 -2182.280850566690 0.06925333780967 -5.35216569864607 5.47046256598384
2026-09-14T17:20:00.000 -5784.006550048660 -3487.086724962070 -805.944115958817 1.87551914432634 -4.46622762998530 5.92904481334668
2026-09-14T17:24:00.000 -5129.268820831380 -4419.321600388550 629.061049069362 3.54762884717506 -3.25482102990548 5.95619872419258
2026-09-14T17:28:00.000 -4101.728491862030 -5030.348775808950 2018.204631239520 4.96307260058635 -1.80586202856947 5.54910766859122
2026-09-14T17:32:00.000 -2775.905479399940 -5275.562583488140 3260.162384422850 6.01802188575840 -0.22506834363182 4.73714953685744
2026-09-14T17:36:00.000 -1248.179912727700 -5137.064798502170 4264.324169463750 6.63528279606030 1.37215273187462 3.57963784527081
2026-09-14T17:40:00.000 370.324538391434 -4624.945343994680 4957.459702252890 6.76990796866794 2.86943144492732 2.16114452713234
2026-09-14T17:44:00.000 1961.890609546340 -3776.477727129740 5289.034897900910 6.41216577790150 4.15797679694723 0.58504904579866
2026-09-14T17:48:00.000 3410.754107698770 -2653.352190096510 5234.838803012410 5.58792896864757 5.14430509316817 -1.03399970956942
2026-09-14T17:52:00.000 4611.459568026410 -1337.198458169330 4798.710877486800 4.35672277181129 5.75669663826552 -2.57827133956085
2026-09-14T17:56:00.000 5476.487322487030 76.277737563546 4012.294633534700 2.80763188623145 5.95030093647614 -3.93516922063213
2026-09-14T18:00:00.000 5942.651618016400 1484.192725973450 2932.825518699390 1.05318734276516 5.71056353421704 -5.00531275304274
2026-09-14T18:04:00.000 5975.824737492270 2783.974190475160 1639.053929773840 -0.77845356072292 5.05468476008219 -5.70998840316230
2026-09-14T18:08:00.000 5573.574579188650 3880.917761210210 225.500139850232 -2.55297260045459 4.03069501580366 -5.99734806412794
2026-09-14T18:12:00.000 4765.420541291920 4695.247568066890 -1204.540236988400 -4.14019163466473 2.71417279824485 -5.84665361643236
2026-09-14T18:16:00.000 3610.595426372340 5168.045292182060 -2546.728703639880 -5.42428232782186 1.20217421743556 -5.26995853091059
2026-09-14T18:20:00.000 2193.511546735610 5265.507686770490 -3703.446076202830 -6.31254309616283 -0.39444341354217 -4.31076366614255
2026-09-14T18:24:00.000 617.370897890099 4981.235910381800 -4590.922979244240 -6.74197563478580 -1.95963482157653 -3.04014471414890
2026-09-14T18:28:00.000 -1003.479864016710 4336.442490735940 -5145.190113523840 -6.68312543981896 -3.38070923709910 -1.55095609031745
2026-09-14T18:32:00.000 -2551.812973365820 3378.195318475520 -5326.489861327550 -6.14145340338831 -4.55612924657964 0.04914104407024
2026-09-14T18:36:00.000 -3915.814736696460 2175.915967278790 -5121.923153295420 -5.15628949047909 -5.40213384314271 1.64524381531544
2026-09-14T18:40:00.000 -4996.913281766020 816.445753432879 -4546.275356875200 -3.79803511299173 -5.85812228623624 3.12283266439002
2026-09-14T18:44:00.000 -5716.722869207940 -602.037251443454 -3641.005939792770 -2.16360395718713 -5.89079555090172 4.37540552451036
2026-09-14T18:48:00.000 -6022.688780317230 -1976.917974493130 -2471.429824220810 -0.37016188450661 -5.49677524393914 5.31185587871499
2026-09-14T18:52:00.000 -5892.034520367350 -3208.462969554490 -1122.196519225540 1.45274318817846 -4.70340363056212 5.86320932114969
2026-09-14T18:56:00.000 -5333.659455301510 -4207.073348450420 308.711388441568 3.17230408814719 -3.56741379799964 5.98813094270624
2026-09-14T19:00:00.000 -4387.709357470020 -4899.951802212560 1717.104762245120 4.66266498567374 -2.17120532571203 5.67662889855712
2026-09-14T19:04:00.000 -3122.721024635430 -5236.543033701270 3000.283491660300 5.81459759356705 -0.61653365371232 4.95103301821172
2026-09-14T19:08:00.000 -1630.609932529790 -5192.278783784600 4064.634697843350 6.54373618030682 0.98314778856809 3.86425355442751
2026-09-14T19:12:00.000 -19.901259987622 -4770.377066984530 4832.529512440210 6.79688103454447 2.51120424674929 2.49571226229891
2026-09-14T19:16:00.000 1592.251546921160 -4001.555024784710 5247.985632286500 6.55570935411512 3.85653612319259 0.94521695612023
2026-09-14T19:20:00.000 3088.598038619340 -2941.721036490810 5280.686021506930 5.83767800345011 4.92153285193141 -0.67445280196814
2026-09-14T19:24:00.000 4360.251524206350 -1667.904720314570 4928.146427744180 4.69461606997109 5.62882235054075 -2.24550645073736
2026-09-14T19:28:00.000 5314.555573854620 -272.716522398308 4215.919716440710 3.20917275682392 5.92672640552049 -3.65348410915251
2026-09-14T19:32:00.000 5881.837449418610 1142.318135156000 3195.811226628000 1.48912228843379 5.79311645522663 -4.79537596692993
2026-09-14T19:36:00.000 6020.589185028210 2474.125664846760 1942.213302366450 -0.33996728661711 5.23738877370482 -5.58721448323468
2026-09-14T19:40:00.000 5720.654218824910 3625.670789491290 546.690194687391 -2.14409589492070 4.30018868733044 -5.97079665493874
2026-09-14T19:44:00.000 5004.038044401890 4513.157010339670 -888.783313882706 -3.79093404088188 3.05053173036392 -5.91815612001422
2026-09-14T19:48:00.000 3923.284347891430 5072.265896919920 -2259.417040905560 -5.16002321094014 1.58064372294126 -5.43399777897943
2026-09-14T19:52:00.000 2557.453417936070 5262.863030373770 -3465.442966859780 -6.15224134752111 -0.00153200410850 -4.55506807765195
2026-09-14T19:56:00.000 1006.102960678020 5071.769937814320 -4419.433741917940 -6.69687927029810 -1.58075872136045 -3.34671726041371
2026-09-14T20:00:00.000 -618.123461532086 4513.475377159190 -5052.554133677660 -6.75612938141816 -3.04309407197359 -1.89749971498827
2026-09-14T20:04:00.000 -2197.681668977350 3628.853986618760 -5319.337701684670 -6.32706884069188 -4.28385989605732 -0.31239163712433
2026-09-14T20:08:00.000 -3618.484387414840 2482.079527637420 -5200.745897929990 -5.44117458978247 -5.21464368225107 1.29462760678075
2026-09-14T20:12:00.000 -4777.897238705470 1156.016007278360 -4705.401682646970 -4.16186347916377 -5.76892530199964 2.80829411815898
2026-09-14T20:16:00.000 -5591.946341662950 -253.590021016357 -3868.984573078070 -2.58038638021323 -5.90650951499471 4.11967338382926
2026-09-14T20:20:00.000 -6001.327210037530 -1644.823196282000 -2751.808321201540 -0.80995238101542 -5.61655565039677 5.13362239397962
2026-09-14T20:24:00.000 -5975.804844340200 -2916.838019177150 -1434.668405894450 1.02177686278610 -4.91887500073314 5.77568449961834
2026-09-14T20:28:00.000 -5516.633711664760 -3977.167801774040 -13.141601022213 2.78166516978876 -3.86314635721395 5.99800411921646
2026-09-14T20:32:00.000 -4656.684708934090 -4748.548774819190 1409.328116436650 4.34103395053353 -2.52564139946049 5.78334417937356
2026-09-14T20:36:00.000 -3458.196672330380 -5174.695890944150 2729.032456198730 5.58545864083971 -1.00384324135467 5.14684629913480
2026-09-14T20:40:00.000 -2008.223911326790 -5224.524215872510 3849.707629226100 6.42389068116300 0.59114638930040 4.13493528845878
2026-09-14T20:44:00.000 -412.194010986418 -4894.398787500570 4689.620907064950 6.79515911954293 2.14308906291369 2.82150293106155
2026-09-14T20:48:00.000 1213.820239089340 -4208.344962646500 5187.530466411030 6.67223155353520 3.53912448172112 1.30233765470842
2026-09-14T20:52:00.000 2751.558398417120 -3216.251121285540 5307.114097343920 6.06399569684086 4.67788728312749 -0.31196695833227
2026-09-14T20:56:00.000 4089.142356328070 -1990.221352232230 5039.565259154480 5.01437941913029 5.47668965063352 -1.90407805363848
2026-09-14T21:00:00.000 5129.142183557520 -619.376580098371 4404.232889784030 3.59918303656877 5.87724965311417 -3.35806429160059
2026-09-14T21:04:00.000 5795.658399923030 796.547439789071 3447.295967735600 1.92100435125823 5.84997468808532 -4.56761936540142
2026-09-14T21:08:00.000 6039.943113393930 2154.426448921050 2238.505652558550 0.10218447584132 5.39645328692436 -5.44386990387992
2026-09-14T21:12:00.000 5844.113530877710 3355.313567597340 866.141439111510 -1.72402900278889 4.54977426334793 -5.92232878209888
2026-09-14T21:16:00.000 5222.560073641310 4311.789325875240 -569.507627637387 -3.42368360952322 3.37230572823964 -5.96806746948581
2026-09-14T21:20:00.000 4220.871303454550 4954.455007618250 -1963.612674654220 -4.87240904381459 1.95087232198712 -5.57842263621519
2026-09-14T21:24:00.000 2912.370266381840 5237.029560358610 -3214.619189921160 -5.96496573454535 0.39002150719776 -4.78313113813871
2026-09-14T21:28:00.000 1392.525442452730 5139.628025936500 -4231.747292900190 -6.62313569960707 -1.19627733083795 -3.64156093261705
2026-09-14T21:32:00.000 -228.208034810327 4669.976464829070 -4941.532592912730 -6.80088579208477 -2.69332471655025 -2.23764238910886
2026-09-14T21:36:00.000 -1832.463826718890 3862.597874255650 -5292.953188582390 -6.48685631613375 -3.99379302027107 -0.67330177231230
2026-09-14T21:40:00.000 -3304.342617633180 2776.156545101800 -5260.884776606990 -5.70446907761719 -5.00494314190564 0.93884340248463
2026-09-14T21:44:00.000 -4537.557392922130 1489.208091308240 -4847.748502864900 -4.50990762220068 -5.65465180879468 2.48314563437834
2026-09-14T21:48:00.000 -5442.874909270680 94.664377680571 -4083.313942803930 -2.98834964457165 -5.89606615154416 3.84861536399637
2026-09-14T21:52:00.000 -5954.463657839660 -1306.703482965770 -3022.678818293630 -1.24857622111435 -5.71100006116791 4.93640833932529
2026-09-14T21:56:00.000 -6034.728517659780 -2613.395073609630 -1742.488135378810 0.58422093724886 -5.11169031479936 5.66692287698179
2026-09-14T22:00:00.000 -5677.237734781590 -3730.492761776090 -335.559517423074 2.37708282947655 -4.14053586390613 5.98590144409395
2026-09-14T22:04:00.000 -4907.431096855780 -4576.644269557250 1095.790786564700 3.99907294253206 -2.86754002245103 5.86903957445875
2026-09-14T22:08:00.000 -3780.919194184960 -5090.127196279480 2447.253620290560 5.33131612273369 -1.38526509217701 5.32417254053526
2026-09-14T22:12:00.000 -2379.471012388650 -5233.466783291470 3620.243648533200 6.27613062794345 0.19808238647730 4.39089110052854
2026-09-14T22:16:00.000 -804.981137138696 -4996.205385948340 4529.204373710970 6.76452064645059 1.76700761574136 3.13742568836829
2026-09-14T22:20:00.000 828.051650046191 -4395.613624424040 5107.863943894840 6.76101812481611 3.20737716076889 1.65521020815554
2026-09-14T22:24:00.000 2400.873055196270 -3475.358291956050 5314.009663887180 6.26578095584867 4.41463635308016 0.05209378810794
2026-09-14T22:28:00.000 3799.054504161070 -2302.316063182960 5132.523222655080 5.31450295860768 5.30107704974904 -1.55533279376025
2026-09-14T22:32:00.000 4920.771604952130 -961.747923996981 4576.485310674780 3.97588289891996 5.80211360060266 -3.05007539505219
2026-09-14T22:36:00.000 5684.187632086010 448.833353075451 3686.280501191460 2.34686306730372 5.88086861577961 -4.32293216958342
2026-09-14T22:40:00.000 6033.488569203120 1826.704495249630 2526.761441209140 0.54607264439899 5.53112799554867 -5.28050503065533
2026-09-14T22:44:00.000 5943.097407464890 3071.444061354790 1182.579921633170 -1.29467533768716 4.77826533427619 -5.85226671285853
2026-09-14T22:48:00.000 5419.675400971910 4092.387223521530 -248.021237054713 -3.04028305022416 3.67770831872196 -5.99629169332007
2026-09-14T22:52:00.000 4501.649316783310 4815.373597861980 -1660.539190186440 -4.56287117372263 2.31067446092583 -5.70265139567609
2026-09-14T22:56:00.000 3256.271190401850 5188.215444232320 -2952.007625825910 -5.75163956955134 0.77783294117397 -4.99395866918045
2026-09-14T23:00:00.000 1774.489112896940 5184.433721372720 -4028.613035010250 -6.52112612465382 -0.80866063069406 -3.92330728521892
2026-09-14T23:04:00.000 164.102009944474 4804.981923165200 -4812.506027033560 -6.81712894023511 -2.33379540669890 -2.56969625734540
2026-09-14T23:08:00.000 -1458.178056727420 4077.918477854940 -5247.281547066930 -6.61987288392607 -3.68803409868179 -1.03167663817091
2026-09-14T23:12:00.000 -2975.104248312760 3056.178260031530 -5301.815951143470 -5.94457984490923 -4.77475580369374 0.57986864976802
2026-09-14T23:16:00.000 -4277.148489500480 1813.699105803940 -4972.320545568770 -4.83994636963692 -5.51649621333333 2.14931551657933
2026-09-14T23:20:00.000 -5270.168606359030 440.196391122751 -4282.555088824970 -3.38478284067903 -5.85997028405318 3.56397849837525
2026-09-14T23:24:00.000 -5882.064735797170 -965.114550727441 -3282.219305174180 -1.68299473063156 -5.77980310424634 4.72163089292199
2026-09-14T23:28:00.000 -6068.030410801150 -2300.513064281210 -2043.555738911430 0.14315285616407 -5.28070545907249 5.53779857131947
2026-09-14T23:32:00.000 -5813.978509569090 -3469.067109028160 -656.301651841118 1.96144601507023 -4.39773564484296 5.95212178667654
2026-09-14T23:36:00.000 -5137.799640614180 -4385.725383763580 778.723070280130 3.63927281169403 -3.19431608584505 5.93327674697263
2026-09-14T23:40:00.000 -4088.250311944250 -4983.649709588850 2156.980366849570 5.05371678607605 -1.75786539963523 5.48187597497663
2026-09-14T23:44:00.000 -2741.450353976690 -5219.214209418520 3377.953044311820 6.10113419603289 -0.19314641822487 4.63058515495094
2026-09-14T23:48:00.000 -1195.286983902240 -5075.227716450140 4352.575390310480 6.70489312670783 1.38569476348708 3.44155431999798
2026-09-14T23:52:00.000 437.794660340013 -4562.170868939560 5009.778126041040 6.82105014469075 2.86366840089354 2.00161756525097
2026-09-14T23:56:00.000 2039.041356455360 -3717.360312036030 5301.640235268420 6.44120801707569 4.13348478541257 0.41563318302531
2026-09-15T00:00:00.000 3491.988587408800 -2602.178841135860 5206.810895059220 5.59268096933349 5.10301048788061 -1.20115511046485
2026-09-15T00:04:00.000 4690.847482100550 -1297.663342476440 4732.049033098640 4.33664569373192 5.70158788284194 -2.73110068899209
2026-09-15T00:08:00.000 5548.188023703610 101.314018560540 3911.801356224510 2.76401539128642 5.88530247109121 -4.06252593661630
2026-09-15T00:12:00.000 6001.355490443120 1492.899233747950 2805.786536790910 0.98915658563922 5.64029043123001 -5.09780193730788
2026-09-15T00:16:00.000 6017.170322125470 2775.682003661920 1494.718992456040 -0.85816691659283 4.98416775003212 -5.76072317067156
2026-09-15T00:20:00.000 5594.495175983270 3856.193429681580 74.411901309125 -2.64240253049825 3.96512497865176 -6.00254993853543
2026-09-15T00:24:00.000 4764.374459811670 4655.868246886690 -1351.347641798600 -4.23267851445015 2.65837810819249 -5.80601632241736
2026-09-15T00:28:00.000 3587.664605009030 5116.869613114840 -2678.559131189690 -5.51305049318062 1.16027024796802 -5.18656998349041
2026-09-15T00:32:00.000 2150.373020270520 5206.259885582510 -3810.722970442950 -6.39115079954056 -0.41940125557326 -4.19080356341826
2026-09-15T00:36:00.000 557.164171015151 4918.224317987100 -4665.878717062480 -6.80474566145286 -1.96585305371924 -2.89241802691812
2026-09-15T00:40:00.000 -1076.388858263980 4274.243007785700 -5182.421306714690 -6.72557294470093 -3.36777217890806 -1.38622406173951
2026-09-15T00:44:00.000 -2632.151928085890 3321.317324811370 -5323.330511782370 -6.16055752371336 -4.52499188100745 0.21895417535347
2026-09-15T00:48:00.000 -3997.786753141820 2128.479571971300 -5078.625860774510 -5.15071286988623 -5.35507227155490 1.80789050395141
2026-09-15T00:52:00.000 -5074.607335770060 781.883187934808 -4465.986305771630 -3.76817206221852 -5.79855611443398 3.26658419003813
2026-09-15T00:56:00.000 -5784.527916572180 -621.226608925727 -3529.541224597810 -2.11154616226850 -5.82302151046805 4.48986596445893
2026-09-15T01:00:00.000 -6075.695998705740 -1979.338273670610 -2336.872632347060 -0.29966161784062 -5.42565346450374 5.38864059565824
2026-09-15T01:04:00.000 -5926.416642790350 -3193.931325414040 -974.331783584577 1.53649336959709 -4.63414593348281 5.89663853970412
2026-09-15T01:08:00.000 -5346.951325597940 -4176.660699852740 459.119154986030 3.26323886655713 -3.50514186972213 5.97575823503232
2026-09-15T01:12:00.000 -4378.974496634640 -4855.893719612760 1859.101196608010 4.75415699177977 -2.12046106507133 5.61933224390272
2026-09-15T01:16:00.000 -3092.635923195620 -5182.074462627570 3123.525152258050 5.89993523821362 -0.58106949282266 4.85300714135493
2026-09-15T01:20:00.000 -1581.406473438590 -5131.411051451570 4160.158301838770 6.61676814909645 1.00068127125308 3.73272242110963
2026-09-15T01:24:00.000 44.823974336825 -4707.587617059570 4893.404422578350 6.85241687956816 2.50960809562181 2.34025902596849
2026-09-15T01:28:00.000 1667.790337600570 -3941.436894030260 5269.795691229410 6.58974193616195 3.83602194511105 0.77711332840995
2026-09-15T01:32:00.000 3169.461603329080 -2888.647229009200 5261.847294171250 5.84773614046996 4.88373041923480 -0.84304148411254
2026-09-15T01:36:00.000 4440.547184559770 -1625.702553186980 4870.005205418590 4.67981616619903 5.57658362419373 -2.40246036079004
2026-09-15T01:40:00.000 5388.383194449550 -244.418777518804 4122.655118397410 3.17036938099472 5.86377524915723 -3.78742519970660
2026-09-15T01:44:00.000 5943.730469378880 1154.660228794030 3074.169853863790 1.42907735870509 5.72389587299415 -4.89645241699760
2026-09-15T01:48:00.000 6065.944597369800 2469.591617130610 1801.030270009210 -0.41688846459297 5.16681671038149 -5.64796383260533
2026-09-15T01:52:00.000 5746.084565947920 3604.544984916360 396.256720238603 -2.23216910758873 4.23334288737713 -5.98664146652219
2026-09-15T01:56:00.000 5007.651758223370 4476.933219408380 -1037.479477104400 -3.88352848672618 2.99234508618462 -5.88794866392930
2026-09-15T02:00:00.000 3904.814088676970 5023.552910591290 -2395.536065001470 -5.25032729033854 1.53539723467985 -5.36004923034557
2026-09-15T02:04:00.000 2518.248850516590 5205.187540609090 -3579.084274378370 -6.23367167171765 -0.03051542940986 -4.44286116778117
2026-09-15T02:08:00.000 949.017659085200 5009.313550481540 -4502.353675000890 -6.76355368926252 -1.59137682903831 -3.20448230057303
2026-09-15T02:12:00.000 -688.948152145037 4450.763168568410 -5098.753264671570 -6.80326140777648 -3.03460244159763 -1.73559139863648
2026-09-15T02:16:00.000 -2277.118434466560 3570.420108688190 -5325.482120001970 -6.35126839867971 -4.25692293487929 -0.14253365215245
2026-09-15T02:20:00.000 -3700.783629939850 2432.140631479430 -5166.396352265260 -5.44068525978678 -5.17121778687025 1.46017315325147
2026-09-15T02:24:00.000 -4857.101510910080 1118.173968669590 -4633.041861827000 -4.13671054748681 -5.71215634297702 2.95758342123427
2026-09-15T02:28:00.000 -5662.313547331250 -276.607706766540 -3763.840127331560 -2.53232887456003 -5.84048413364229 4.24193048649616
2026-09-15T02:32:00.000 -6057.736821445730 -1651.351703152010 -2621.480581668850 -0.74239531209526 -5.54599941454298 5.21993101712101
2026-09-15T02:36:00.000 -6014.134863184210 -2906.395207793820 -1288.607845550480 1.10396283157136 -4.84885628438557 5.81965703284995
2026-09-15T02:40:00.000 -5534.081291414540 -3950.495612319400 138.025633817536 2.87241735256395 -3.79875626294114 5.99631536206998
2026-09-15T02:44:00.000 -4651.990092076470 -4707.582848890810 1554.587052894820 4.43367458374231 -2.47166321508690 5.73610696284569
2026-09-15T02:48:00.000 -3431.712559657470 -5122.430224080520 2857.801962281670 5.67328976918089 -0.96422555544739 5.05750347492963
2026-09-15T02:52:00.000 -1961.888134240560 -5164.774533463580 3952.602163883570 6.50047126140657 0.61350791683591 4.00998126146295
2026-09-15T02:56:00.000 -349.399072820498 -4831.531366015370 4759.148426404990 6.85490857727994 2.14654989115657 2.67010940182800
2026-09-15T03:00:00.000 1288.493787350890 -4146.950908091380 5218.640719554870 6.71087739458894 3.52347273311157 1.13553168339479
2026-09-15T03:04:00.000 2832.678189052810 -3160.800504808390 5297.541382025630 6.07873527582165 4.64432256299000 -0.48212314572574
2026-09-15T03:08:00.000 4170.800466001280 -1944.736269370310 4989.991661735530 5.00408171266481 5.42772951707227 -2.06523286922241
2026-09-15T03:12:00.000 5205.367471604410 -587.137902046122 4318.245104858520 3.56446008814014 5.81649669821205 -3.49850114223689
2026-09-15T03:16:00.000 5860.843352707840 813.221248492305 3331.134773050040 1.86427409534839 5.78179111548802 -4.67707941512348
2026-09-15T03:20:00.000 6089.270011496370 2154.327485512420 2100.622025413010 0.02757357800759 5.32570724152191 -5.51431595248848
2026-09-15T03:24:00.000 5873.922818662780 3338.437135939600 716.583887252525 -1.81105812034708 4.48155383047699 -5.94855369526293
2026-09-15T03:28:00.000 5230.632205933290 4279.339802281130 -719.819968110009 -3.51665665666070 3.31154629294981 -5.94809084902784
2026-09-15T03:32:00.000 4206.608865204670 4908.775649437140 -2103.703501758100 -4.96440896071048 1.90207121974038 -5.51376263063238
2026-09-15T03:36:00.000 2876.819087799260 5181.443639067280 -3334.281494257020 -6.04929348118924 0.35677452192263 -4.67860954670640
2026-09-15T03:40:00.000 1338.273494705700 5078.181485150270 -4322.283924667780 -6.69370654818701 -1.21157952039313 -3.50486087514523
2026-09-15T03:44:00.000 -297.227557089186 4607.128457139770 -4996.376724422600 -6.85263567914423 -2.68964612102927 -2.07871342295089
2026-09-15T03:48:00.000 -1911.255549704950 3802.888302117930 -5308.124440992700 -6.51604318438488 -3.97149119913496 -0.50362264361064
2026-09-15T03:52:00.000 -3387.196720543980 2723.878302343110 -5235.261975011290 -5.70891089362303 -4.96569783433506 1.10706114177704
2026-09-15T03:56:00.000 -4618.446543923260 1448.111032196550 -4783.147580510860 -4.48917627274991 -5.60127595507909 2.63777285894331
2026-09-15T04:00:00.000 -5515.893055355010 67.700808800790 -3984.368546091120 -2.94387610078778 -5.83236901719967 3.97845125535608
2026-09-15T04:04:00.000 -6014.256766139140 -1317.590425322960 -2896.512803811310 -1.18349200889980 -5.64152496456458 5.03202080858694
2026-09-15T04:08:00.000 -6076.878416166890 -2607.405139247860 -1598.214698669100 0.66527023339323 -5.04136273837818 5.72125665684786
2026-09-15T04:12:00.000 -5698.603521223180 -3708.025762249420 -183.644157152355 2.46815964191055 -4.07438661300675 5.99483042800559
2026-09-15T04:16:00.000 -4906.407250217190 -4539.290405934910 1244.286794051050 4.09340846844868 -2.81040261046294 5.83177565615507
2026-09-15T04:20:00.000 -3757.565344268370 -5040.577228099250 2581.498544341750 5.42191619622689 -1.34140962970533 5.24341137000722
2026-09-15T04:24:00.000 -2335.489193648840 -5175.324762505190 3730.449574355170 6.35638061836251 0.22537778912981 4.27255785355346
2026-09-15T04:28:00.000 -743.574968599027 -4933.715017542860 4607.342971580360 6.82858244814578 1.77572973217418 2.99017047406072
2026-09-15T04:32:00.000 902.406122439034 -4333.335173404360 5148.250861551330 6.80419500481942 3.19689511443505 1.48980217095951
2026-09-15T04:36:00.000 2482.756319648480 -3417.839537259460 5313.722567494830 6.28497498043931 4.38570066680597 -0.11937694275000
2026-09-15T04:40:00.000 3882.513760590260 -2253.755076334050 5091.601744058000 5.30836023999828 5.25582614231993 -1.72041807062319
2026-09-15T04:44:00.000 4999.740131858380 -925.683011654486 4497.922455295730 3.94482938456893 5.74387273381621 -3.19674606475091
2026-09-15T04:48:00.000 5752.920558015190 469.780120802178 3575.816231293560 2.29313850506637 5.81389698006168 -4.44047578914441
2026-09-15T04:52:00.000 6086.984258314610 1831.016909753010 2392.470302039100 0.47360270979804 5.46033982019665 -5.36029618762143
2026-09-15T04:56:00.000 5977.470117387460 3058.829827023380 1034.283529096080 -1.38057976982626 4.70886665035528 -5.88847736374346
2026-09-15T05:00:00.000 5432.441118126620 4063.795208425900 -399.484571421547 -3.13332636512960 3.61477955547554 -5.98631111318599
2026-09-15T05:04:00.000 4491.910927397360 4772.926712660370 -1804.107228829040 -4.65620654486530 2.25886677356457 -5.64726020676106
2026-09-15T05:08:00.000 3224.780139278270 5135.063049340490 -3077.219633753350 -5.83848009332699 0.74097332295282 -4.89734792446809
2026-09-15T05:12:00.000 1723.565855905650 5124.506223290750 -4126.383621685080 -6.59525440828856 -0.82792734924913 -3.79265403745787
2026-09-15T05:16:00.000 97.449538679529 4742.684684696500 -4875.769969986840 -6.87330009624225 -2.33418255304734 -2.41454465862402
2026-09-15T05:20:00.000 -1535.742563728420 4017.793411663760 -5271.477265579240 -6.65408488235767 -3.66968405989517 -0.86322270396499
2026-09-15T05:24:00.000 -3057.975693644980 3002.572266979220 -5285.190683871620 -5.95430808625682 -4.73912381267050 0.74954174994402
2026-09-15T05:28:00.000 -4359.314954523530 1770.466883182700 -4916.050006460920 -4.82434983959705 -5.46620296193026 2.30802138063925
2026-09-15T05:32:00.000 -5345.632501976760 410.443374105524 -4190.671886623330 -3.34484553622066 -5.79860639450623 3.70023671327621
2026-09-15T05:36:00.000 -5945.287442189380 -979.242697344447 -3161.339248757650 -1.62152951424518 -5.71174291743972 4.82553832679060
2026-09-15T05:40:00.000 -6114.339260896160 -2297.986961773510 -1902.406203035270 0.22179409484401 -5.21080853252144 5.60175506017536
2026-09-15T05:44:00.000 -5839.908421516570 -3450.042866117250 -505.107876137860 2.05158574587686 -4.33097278923347 5.97132626481963
2026-09-15T05:48:00.000 -5141.371658901520 -4351.537523285850 928.965754057082 3.73429159352913 -3.13548208694746 5.90616759783595
2026-09-15T05:52:00.000 -4069.136826652020 -4936.729157176150 2295.311746464210 5.14656400521142 -1.71124553665273 5.41031951608238
2026-09-15T05:56:00.000 -2701.010536356460 -5162.926897908760 3494.263954375680 6.18489738264029 -0.16220835772892 4.51976664254235
2026-09-15T06:00:00.000 -1136.458496430190 -5013.646149747010 4438.367191671060 6.77343691123060 1.39860018884934 3.29961022175792
2026-09-15T06:04:00.000 510.736047560617 -4499.763026583260 5058.786716075390 6.86939029154589 2.85761324616410 1.83890590414850
2026-09-15T06:08:00.000 2120.784625885610 -3658.650525214910 5310.279546043130 6.46575471039838 4.10889816212448 0.24399508259892
2026-09-15T06:12:00.000 3576.569357846580 -2551.435755600370 5174.442545154920 5.59164754604797 5.06161076178777 -1.36914688960526
2026-09-15T06:16:00.000 4772.104057230720 -1258.581853702320 4661.034061627160 4.31014308842750 5.64640181337274 -2.88319672410664
2026-09-15T06:20:00.000 5620.202859023530 125.888354962790 3807.321009695270 2.71398347682433 5.82033784841588 -4.18759379399707
2026-09-15T06:24:00.000 6058.891977982550 1501.177013071290 2675.473395123010 0.91928942655155 5.57028195797258 -5.18667814946095
2026-09-15T06:28:00.000 6056.066387112610 2767.065414565210 1348.099461385530 -0.94266917525519 4.91426392395832 -5.80690451354525
2026-09-15T06:32:00.000 5611.970242086880 3831.332018660640 -77.801451421633 -2.73530378922136 3.90050081638632 -6.00270408202192
2026-09-15T06:36:00.000 4759.224585879770 4616.620190821660 -1498.046933015480 -4.32716279971361 2.60386092118720 -5.76021149397352
2026-09-15T06:40:00.000 3560.339750360300 5066.166176695670 -2809.065411949380 -5.60223801993677 1.11992337999843 -5.09828969068660
2026-09-15T06:44:00.000 2102.923682093230 5147.883610223460 -3915.578383218100 -6.46867553113434 -0.44260965348930 -4.06665958865502
2026-09-15T06:48:00.000 493.063211632180 4856.507851602580 -4737.527664340130 -6.86516801080092 -1.97033467635658 -2.74153439327998
2026-09-15T06:52:00.000 -1152.501517022440 4213.728378288360 -5215.729714198510 -6.76465998439639 -3.35336825995342 -1.21953487145659
2026-09-15T06:56:00.000 -2714.791520572080 3266.415428618770 -5315.925298482260 -6.17552248735499 -4.49293565751648 0.38951233844443
2026-09-15T07:00:00.000 -4080.985842051370 2083.157356371520 -5031.043565842350 -5.14035365616360 -5.30778913076269 1.97012801048957
2026-09-15T07:04:00.000 -5152.319472366230 749.403496412459 -4381.643248536870 -3.73305355226799 -5.73945814737020 3.40882585085103
2026-09-15T07:08:00.000 -5851.063363377660 -638.517789099067 -3414.513398437910 -2.05407838531108 -5.75630603828025 4.60175929220608
2026-09-15T07:12:00.000 -6126.152858612480 -1980.178908229210 -2199.478738857460 -0.22394846605788 -5.35611121751060 5.46198330298188
2026-09-15T07:16:00.000 -5957.044977740190 -3178.243029144660 -824.531571970307 1.62502330874782 -4.56677210168411 5.92603532526377
2026-09-15T07:20:00.000 -5355.427083263740 -4145.546965163960 610.438857026470 3.35817637525776 -3.44474793459633 5.95891341086127
2026-09-15T07:24:00.000 -4364.593645268610 -4811.568322855600 2000.903433945480 4.84850989238382 -2.07142959326904 5.55733324795776
2026-09-15T07:28:00.000 -3056.382001645060 -5127.712975414250 3245.443531500260 5.98672946206609 -0.54697945745510 4.75031637657335
2026-09-15T07:32:00.000 -1525.879869397630 -5070.920429112180 4253.266093957120 6.68957077462514 1.01735034419548 3.59679235874946
2026-09-15T07:36:00.000 115.590943063312 -4645.328650637970 4950.875662947030 6.90584088404468 2.50758020377352 2.18104567767864
2026-09-15T07:40:00.000 1748.648323525250 -3881.906487730920 5287.410994860240 6.61988684860533 3.81545484983141 0.60621576922350
2026-09-15T07:44:00.000 3254.513374842860 -2836.143363280570 5238.282816267130 5.85230778416443 4.84608109544625 -1.01320573065540
2026-09-15T07:48:00.000 4523.571463273190 -1584.034657928740 4806.944680418660 4.65846392964989 5.52447423143401 -2.55939538743407
2026-09-15T07:52:00.000 5463.315666296860 -216.622764464100 4024.686604949080 3.12470813617877 5.80099886226959 -3.91960026024558
2026-09-15T07:56:00.000 6005.106736231570 1166.561808865090 2948.443112496690 1.36247621327836 5.65502935027795 -4.99416876153748
2026-09-15T08:00:00.000 6109.305171498640 2464.736723218900 1656.732570584720 -0.49948128038829 5.09691099904436 -5.70404985219284
2026-09-15T08:04:00.000 5768.308154335090 3583.308522839680 243.938415520355 -2.32461842645958 4.16759274037127 -5.99699096542159
2026-09-15T08:08:00.000 5007.182229521200 4440.912912112920 -1186.691281946530 -3.97902453084267 2.93566833771138 -5.85188832492247
2026-09-15T08:12:00.000 3881.757788578750 4975.448366360590 -2530.769236825690 -5.34190559233121 1.49199462272886 -5.28036242165193
2026-09-15T08:16:00.000 2474.353443877180 5148.591599292010 -3690.527634080390 -6.31471217281976 -0.05743954504872 -4.32554413888329
2026-09-15T08:20:00.000 887.522592729334 4948.441508534890 -4581.972883159190 -6.82832390666726 -1.59987917405654 -3.05824111841152
2026-09-15T08:24:00.000 -763.575898981209 4390.122248058900 -5140.854450224210 -6.84729192804331 -3.02422066282656 -1.57107420237269
2026-09-15T08:28:00.000 -2359.500546342120 3514.454689095950 -5327.079895267480 -6.37146984578084 -4.22861212498216 0.02845153151444
2026-09-15T08:32:00.000 -3784.988118150630 2384.911722190300 -5127.403021462150 -5.43555658770680 -5.12718635685147 1.62542417771174
2026-09-15T08:36:00.000 -4937.036349053740 1083.084871743760 -4556.266757716830 -4.10643747525355 -5.65563200088926 3.10528170248182
2026-09-15T08:40:00.000 -5732.146144878620 -297.026510932609 -3654.810453977530 -2.47890547781642 -5.77548458817824 4.36136900650682
2026-09-15T08:44:00.000 -6112.331318189160 -1655.611859200860 -2488.077701820330 -0.66960041390943 -5.47714571363620 5.30234425595710
2026-09-15T08:48:00.000 -6049.452857850800 -2894.160344672140 -1140.511083027510 1.19081444591124 -4.78109387392422 5.85892983676768
2026-09-15T08:52:00.000 -5547.492885811720 -3922.627190048860 290.044675823589 2.96700797198370 -3.73703656188793 5.98951342407792
2026-09-15T08:56:00.000 -4642.457921336710 -4666.081174765540 1699.451040695050 4.52909974124560 -2.42046496918113 5.68363369136117
2026-09-15T09:00:00.000 -3399.884760213260 -5070.287259001350 2984.937257528910 5.76251247153202 -0.92729654568635 4.96314149856428
2026-09-15T09:04:00.000 -1910.051614375290 -5105.765294781730 4052.724195787170 6.57696993159863 0.63344903072646 3.88060570591737
2026-09-15T09:08:00.000 -281.300774153654 -4769.931700068710 4824.935666182000 6.91308303370377 2.14806299360189 2.51510725395138
2026-09-15T09:12:00.000 1367.907770915590 -4087.225908210470 5245.270113646250 6.74641737479971 3.50643210672569 0.96622738811215
2026-09-15T09:16:00.000 2917.626392792830 -3107.280001255670 5283.055411042350 6.08902834656263 4.60997648999563 -0.65335303310842
2026-09-15T09:20:00.000 4255.089916276790 -1901.299476940720 4935.429902477390 4.98832291912527 5.37854212236338 -2.22591883023739
2026-09-15T09:24:00.000 5282.845480098100 -556.948834347999 4227.574964377830 3.52381882177392 5.75594826680067 -3.63686217491132
2026-09-15T09:28:00.000 5925.871063419550 827.947809971862 3210.976220245760 1.80181685210157 5.71428227900670 -4.78293855122879
2026-09-15T09:32:00.000 6137.140754401690 2152.512973236460 1959.763404846390 -0.05205034345206 5.25623311702552 -5.57989181333443
2026-09-15T09:36:00.000 5901.205737933180 3320.231558823110 565.331691801705 -1.90193284796624 4.41529069549212 -5.96907041163408
2026-09-15T09:40:00.000 5235.420884679110 4246.116108336250 -870.414113247003 -3.61207634211737 3.25344585194730 -5.92214580696559
2026-09-15T09:44:00.000 4188.649061829830 4863.030551791100 -2242.667681134780 -5.05740733035166 1.85648038856008 -5.44341518674037
2026-09-15T09:48:00.000 2837.504840108710 5126.608061911450 -3451.535794424480 -6.13318585441447 0.32707819728907 -4.56918078721128
2026-09-15T09:52:00.000 1280.519442294940 5018.351908456250 -4409.373660893060 -6.76257388465422 -1.22326446895763 -3.36446594003219
2026-09-15T09:56:00.000 -369.209730604031 4546.743789234270 -5047.064898481270 -6.90164527637500 -2.68258047553328 -1.91762059865176
2026-09-15T10:00:00.000 -1992.264222747780 3746.393579710410 -5318.823408801230 -6.54181611261112 -3.94637279818156 -0.33347441407325
2026-09-15T10:04:00.000 -3471.403045456150 2675.391085997960 -5205.252680924980 -5.70961518989044 -4.92451776339233 1.27411897777072
2026-09-15T10:08:00.000 -4699.780297687840 1411.135660268890 -4714.614797305160 -4.46465083718436 -5.54711515983882 2.78982103617637
2026-09-15T10:12:00.000 -5588.451306869010 44.898809684965 -3882.250936856020 -2.89567777147850 -5.76912005039015 4.10457430201726
2026-09-15T10:16:00.000 -6072.722099054750 -1324.563641828700 -2768.182609453960 -1.11495360993319 -5.57365306135970 5.12297820752269
2026-09-15T10:20:00.000 -6116.936908994570 -2598.018412569010 -1452.979288787650 0.74917871163326 -4.97372863319479 5.77029518014143
2026-09-15T10:24:00.000 -5717.286442914900 -3682.928462729630 -32.069086390482 2.56128105577202 -4.01189889397568 5.99829109700524
2026-09-15T10:28:00.000 -4902.316029705830 -4500.275127189120 1391.160344856930 4.18890317050389 -2.75762125199299 5.78937203334038
2026-09-15T10:32:00.000 -3730.969677390630 -4990.454560126530 2712.966892764970 5.51281114272794 -1.30219343821679 5.15821842670360
2026-09-15T10:36:00.000 -2288.301163355640 -5117.714447593130 3836.925226990570 6.43603109687450 0.24817518982402 4.15073930742025
2026-09-15T10:40:00.000 -679.214978391527 -4872.790839826330 4681.050001925460 6.89116315635666 1.78036962014628 2.84059507104015
2026-09-15T10:44:00.000 979.271135167978 -4273.524270824420 5183.802432813830 6.84518496122400 3.18304092991826 1.32334963130073
2026-09-15T10:48:00.000 2566.546345778820 -3363.482612447870 5308.502249872990 6.30132584608169 4.35438336559393 -0.29060678316268
2026-09-15T10:52:00.000 3967.125403771640 -2208.793335613730 5045.968099386270 5.29880945798615 5.20932585343198 -1.88389659950868
2026-09-15T10:56:00.000 5078.999089500640 -893.377072031917 4415.190187019950 3.91004453331814 5.68554170040983 -3.34052283758599
2026-09-15T11:00:00.000 5821.041886286830 487.078779782085 3462.013577002410 2.23568567620483 5.74792378864758 -4.55402664891100
2026-09-15T11:04:00.000 6139.006951184180 1832.039154594790 2255.902578066020 0.39773941736899 5.39150665794122 -5.43527889155683
2026-09-15T11:08:00.000 6009.631401173670 3043.495563678680 884.931008699047 -1.46919384021520 4.64224416951522 -5.91938116897798
2026-09-15T11:12:00.000 5442.456923256640 4033.237536198640 -550.708610725750 -3.22811516480196 3.55534067308859 -5.97092470200388
2026-09-15T11:16:00.000 4479.128668940310 4729.418965368920 -1946.175227104470 -4.75024416527836 2.21106187152945 -5.58683818151022
2026-09-15T11:20:00.000 3190.203241904570 5081.842841832750 -3199.806509630640 -5.92496883638823 0.70834386198090 -4.79644766232975
2026-09-15T11:24:00.000 1669.761770083010 5065.526241883950 -4220.621007424410 -6.66804544298911 -0.84301626752095 -3.65877011075878
2026-09-15T11:28:00.000 28.342725828769 4682.299999484430 -4934.876632577230 -6.92728163879130 -2.33075257604898 -2.25745432654498
2026-09-15T11:32:00.000 -1615.151994153920 3960.427524821430 -5291.220089192750 -6.68544365896016 -3.64813566819819 -0.69426711468789
2026-09-15T11:36:00.000 -3141.955199225530 2952.393573572260 -5264.173047154410 -5.96080032614012 -4.70116692939254 0.91821843635337
2026-09-15T11:40:00.000 -4441.796981129140 1731.093198699620 -4855.793041689870 -4.80543109233187 -5.41467178144920 2.46437867227081
2026-09-15T11:44:00.000 -5420.626591689850 384.701296410245 -4095.502871885160 -3.30171222928900 -5.73722489834396 3.83305368600216
2026-09-15T11:48:00.000 -6007.298145251970 -989.501627043865 -3038.102309227760 -1.55709280032413 -5.64485373072019 4.92517774643451
2026-09-15T11:52:00.000 -6158.774469519360 -2291.997175318960 -1760.007132850120 0.30291464336913 -5.14309947690787 5.66078811345501
2026-09-15T11:56:00.000 -5863.463196827890 -3428.194270359180 -353.892454102225 2.14338921785823 -4.26733492669828 5.98529702956884
2026-09-15T12:00:00.000 -5142.287214421650 -4315.376330399360 1077.984988861720 3.82998329506349 -3.08058554612236 5.87400862272097
2026-09-15T12:04:00.000 -4047.322160545270 -4888.853484031820 2431.275826953800 5.23912132134578 -1.66913299335938 5.33434480437077
2026-09-15T12:08:00.000 -2658.041040091690 -5106.801447254230 3607.261441265800 6.26755043586712 -0.13599312200409 4.40552173368586
2026-09-15T12:12:00.000 -1075.455002259730 -4953.344868002680 4520.160031488580 6.84014250942700 1.40695895836591 3.15540960047075
2026-09-15T12:16:00.000 585.334748514962 -4439.678416721920 5103.416853431050 6.91529502311031 2.84745895497245 1.67531870429490
2026-09-15T12:20:00.000 2203.560284395550 -3603.163556926090 5314.505960463690 6.48758597071772 4.08098188806942 0.07293286007190
2026-09-15T12:24:00.000 3661.516342285110 -2504.584087544980 5137.955260254970 5.58778208502590 5.01800386499642 -1.53529399564929
2026-09-15T12:28:00.000 4853.040897596360 -1223.773756144520 4586.486675643530 4.28079623970095 5.59025552938451 -3.03226013066004
2026-09-15T12:32:00.000 5691.236586173700 146.118139178455 3700.158104775600 2.66131049369475 5.75574031277918 -4.30865645283332
2026-09-15T12:36:00.000 6114.856159636300 1505.357346210580 2543.527679253560 0.84715331505408 5.50196010116744 -5.27086682146897
2026-09-15T12:40:00.000 6092.900127182980 2754.902615053840 1201.023017261280 -1.02895977529853 4.84723314574789 -5.84802860765379
2026-09-15T12:44:00.000 5627.028184459060 3803.735501231350 -229.248325617796 -2.82935333650483 3.83971834933611 -5.99779067016894
2026-09-15T12:48:00.000 4751.469073680290 4575.643101862900 -1642.802233971450 -4.42205576329130 2.55383497847513 -5.70972771010142
2026-09-15T12:52:00.000 3530.402203732090 5014.854084305980 -2936.589866456480 -5.69107997636876 1.08435452716508 -5.00609241480248
2026-09-15T12:56:00.000 2053.033247420060 5090.038579979330 -4016.628812476120 -6.54511403254006 -0.46115876712303 -3.93960631771315
2026-09-15T13:00:00.000 426.868340586338 4796.393518943810 -4804.813135493640 -6.92380038842883 -1.97060165367231 -2.58893134316985
2026-09-15T13:04:00.000 -1230.205986512570 4155.744543100840 -5244.414144071380 -6.80137120562139 -3.33548314043747 -1.05240151958595
2026-09-15T13:08:00.000 -2798.394971295880 3214.770124058520 -5303.947523518870 -6.18765946681966 -4.45833867838347 0.55919201638658
2026-09-15T13:12:00.000 -4164.438606532510 2041.574267725270 -4979.259782455230 -5.12695511401720 -5.25905200217113 2.13016391883239
2026-09-15T13:16:00.000 -5229.559395704220 720.867071284030 -4293.768697688050 -3.69496201725522 -5.68012872790776 3.54773290474946
2026-09-15T13:20:00.000 -5916.439095268750 -651.960887787790 -3296.861229751670 -1.99387954586992 -5.69060626134318 4.70947969570911
2026-09-15T13:24:00.000 -6174.837283177730 -1977.551811713940 -2060.533223600840 -0.14588599328255 -5.28868272413569 5.53059699867231
2026-09-15T13:28:00.000 -5985.408357546190 -3159.702262298980 -674.363040156257 1.71524240173484 -4.50238551692402 5.95033719418772
2026-09-15T13:32:00.000 -5361.351293157180 -4112.391429967290 760.898599167147 3.45377892091015 -3.38810053558661 5.93702615936249
2026-09-15T13:36:00.000 -4347.633017032250 -4766.173601759680 2140.694050212300 4.94243928909946 -2.02672131017138 5.49085394680134
2026-09-15T13:40:00.000 -3017.772092585870 -5073.365271876970 3364.381074119720 6.07209867259053 -0.51754907877483 4.64408564542950
2026-09-15T13:44:00.000 -1468.442941239240 -5011.578448791490 4342.692276070150 6.76014052120436 1.02926985778364 3.45860468386512
2026-09-15T13:48:00.000 187.665777795962 -4585.334605329470 5004.295193538210 6.95651964126595 2.50105905262038 2.02102341036809
2026-09-15T13:52:00.000 1830.119636145770 -3825.655061961500 5300.963806032970 6.64704123727864 3.79098349490470 0.43605058098528
2026-09-15T13:56:00.000 3339.469445169310 -2787.750427832870 5211.017727453810 5.85403135826706 4.80547817223707 -1.18111616909776
2026-09-15T14:00:00.000 4605.858691725160 -1547.028955170340 4740.872933996980 4.63461711339415 5.47076486454686 -2.71290788663666
2026-09-15T14:04:00.000 5536.959587536830 -193.701635641656 3924.634567484180 3.07697395688761 5.73804737468307 -4.04751135488694
2026-09-15T14:08:00.000 6064.764195672410 1173.719561292310 2821.726137116080 1.29437671163855 5.58743026050180 -5.08709612521491
2026-09-15T14:12:00.000 6150.663056792060 2455.610148041230 1512.622060236820 -0.58293361845547 5.02964599221611 -5.75517895496804
2026-09-15T14:16:00.000 5788.403594400370 3558.577360297290 92.975854308764 -2.41725662760070 4.10562843124283 -6.00262552895185
2026-09-15T14:20:00.000 5004.619517524190 4402.411745919750 -1333.481731339160 -4.07404423322067 2.88359728908488 -5.81171847810724
2026-09-15T14:24:00.000 3856.799559500310 4926.034970875370 -2662.696994326190 -5.43238919041585 1.45369860825319 -5.19746444352421
2026-09-15T14:28:00.000 2428.874032016500 5091.931605555530 -3798.022899349880 -6.39422112883573 -0.07917561177450 -4.20609953047110
2026-09-15T14:32:00.000 824.850540406836 4888.712641461430 -4657.268499200290 -6.89123466562238 -1.60358423421886 -2.91099174113956
2026-09-15T14:36:00.000 -838.894294236748 4331.695027029770 -5178.525224672670 -6.88913958988205 -3.00975552969660 -1.40668477506394
2026-09-15T14:40:00.000 -2442.021520381850 3461.574781181760 -5324.417190586780 -6.38928159841388 -4.19715299626295 0.19815426046360
2026-09-15T14:44:00.000 -3868.746938051890 2341.394078862310 -5084.589298000280 -5.42797428016840 -5.08110635768655 1.78830294340205
2026-09-15T14:48:00.000 -5015.950267913840 1052.058422674840 -4476.362328466250 -4.07387299364267 -5.59824314922990 3.24961555558147
2026-09-15T14:52:00.000 -5800.453443062360 -313.328412619378 -3543.555072472240 -2.42359322905434 -5.71090853091364 4.47670022669480
2026-09-15T14:56:00.000 -6165.006396197020 -1656.010246468430 -2353.491542637090 -0.59542774111095 -5.40998587473689 5.38023097433709
2026-09-15T15:00:00.000 -6082.584318964770 -2878.610414621080 -992.332184959753 1.27852075175824 -4.71614064001866 5.89360331233272
2026-09-15T15:04:00.000 -5558.583647529710 -3892.216173396010 441.057843258561 3.06182564042653 -3.67889126785958 5.97828391411438
2026-09-15T15:08:00.000 -4630.644851917740 -4622.962751778270 1842.296280749890 4.62395634283080 -2.37337701315781 5.62720406743652
2026-09-15T15:12:00.000 -3366.005928899430 -5017.555894744620 3109.193133188570 5.85040306184106 -0.89477759904156 4.86560698771545
2026-09-15T15:16:00.000 -1856.570174192970 -5047.231830769800 4149.324955492440 6.65142538256990 0.64897525896003 3.74910147002629
2026-09-15T15:20:00.000 -212.119188597350 -4709.843137633640 4886.839865714470 6.96866297583486 2.14540169034116 2.35924690685895
2026-09-15T15:24:00.000 1447.746367924270 -4029.956667773060 5267.972780059170 6.77911223067725 3.48574592679790 0.79740634993320
2026-09-15T15:28:00.000 3002.312400551800 -3056.997939671410 5264.909025662170 6.09647916501860 4.57279526377395 -0.82286354465835
2026-09-15T15:32:00.000 4338.460592439910 -1861.659291936830 4877.757389623040 4.96998213262773 5.32758889966057 -2.38377943830912
2026-09-15T15:36:00.000 5358.830656429900 -530.822039911277 4134.573563578010 3.48096741615406 5.69497820202605 -3.77161252312637
2026-09-15T15:40:00.000 5988.916193254250 838.673469449248 3089.414392975520 1.73749205318816 5.64768233777885 -4.88472286754259
2026-09-15T15:44:00.000 6182.628708897560 2147.055834512400 1818.505681073650 -0.13312784325956 5.18879524226169 -5.64122236133575
2026-09-15T15:48:00.000 5925.816255695520 3298.981676942860 414.693818528384 -1.99375116263968 4.35193386666166 -5.98542864187357
2026-09-15T15:52:00.000 5237.380242877520 4210.622780295770 -1019.430923705050 -3.70785386142637 3.19884522767729 -5.89237509402400
2026-09-15T15:56:00.000 4167.845783594220 4815.894567045460 -2379.196816371600 -5.15016030753617 1.81465424970362 -5.36977131078751
2026-09-15T16:00:00.000 2795.483537889020 5071.283271090930 -3565.641879839280 -6.21617501524965 0.30107917772207 -4.45712829233203
2026-09-15T16:04:00.000 1220.358554805830 4958.886196285930 -4492.779271557420 -6.82984943635190 -1.23156953811508 -3.22225309972090
2026-09-15T16:08:00.000 -443.143475823996 4487.472254732590 -5093.735540016690 -6.94845889229194 -2.67269032228827 -1.75555805420825
2026-09-15T16:12:00.000 -2074.625316924220 3691.608353238720 -5325.372579670700 -6.56479888891475 -3.91912186087496 -0.16320648659040
2026-09-15T16:16:00.000 -3556.229533107430 2629.035326943680 -5171.175849253140 -5.70703792790517 -4.88195888719937 1.44036085151743
2026-09-15T16:20:00.000 -4780.907560024910 1376.530467689120 -4642.324419033860 -4.43655666553805 -5.49234118222068 2.94009998578789
2026-09-15T16:24:00.000 -5659.941787853840 24.523927010806 -3776.912401164920 -2.84393059790316 -5.70600803324946 4.22801357058294
2026-09-15T16:28:00.000 -6129.303074590380 -1329.232082109490 -2637.367232704000 -1.04320254918217 -5.50665420375923 5.21052649289980
2026-09-15T16:32:00.000 -6154.404352206610 -2586.618549178380 -1306.141721095370 0.83573392783559 -4.90763453074769 5.81542359838269
2026-09-15T16:36:00.000 -5732.827719423480 -3656.254969534720 120.132745601561 2.65632234423390 -3.95148960342959 5.99756794196290
2026-09-15T16:40:00.000 -4894.722991883310 -4460.231146907640 1537.642996237140 4.28545034894069 -2.70729233800346 5.74270601280258
2026-09-15T16:44:00.000 -3700.744197886780 -4939.919861825930 2843.035679893630 5.60368935255157 -1.26564607533723 5.06893915074698
2026-09-15T16:48:00.000 -2237.626122413140 -5060.346158302740 3941.079472323010 6.51451712954727 0.26821753656393 4.02540275851944
2026-09-15T16:52:00.000 -611.776234756737 -4812.750335779790 4751.691986906160 6.95151157795950 1.78245775351718 2.68836473766884
2026-09-15T16:56:00.000 1058.556662861520 -4215.170546889380 5215.777431792860 6.88295541785148 3.16697066266112 1.15533742982428
2026-09-15T17:00:00.000 2651.897392085240 -3311.063306884980 5299.484029824270 6.31379806082596 4.32130596731378 -0.46211471948194
2026-09-15T17:04:00.000 4052.326367722950 -2166.122299743340 4996.618850397890 5.28509024427637 5.16166573902028 -2.04643209545553
2026-09-15T17:08:00.000 5157.843021128580 -863.556871524765 4329.105375365880 3.87111306912809 5.62676794151432 -3.48224286544377
2026-09-15T17:12:00.000 5887.779840989240 501.883782498196 3345.468499767270 2.17434265690804 5.68234144727956 -4.66457681474283
2026-09-15T17:16:00.000 6188.763178791280 1830.764305283160 2117.403376823950 0.31843416319399 5.32390599245075 -5.50655699862490
2026-09-15T17:20:00.000 6038.768984370240 3026.244723366430 734.591667241447 -1.56064866402497 4.57752524651565 -5.94616066111056
2026-09-15T17:24:00.000 5448.855601768780 4001.277474472480 -701.904705103648 -3.32497868942670 3.49824053518069 -5.95124713379538
2026-09-15T17:28:00.000 4462.343382883060 4685.097234096710 -2087.189637642480 -4.84538925951743 2.16578681091093 -5.52220683117184
2026-09-15T17:32:00.000 3151.487594619850 5028.418037856750 -3320.368267570630 -6.01147056667448 0.67822527976514 -4.69170368854793
2026-09-15T17:36:00.000 1611.952182251880 5006.920344419450 -4311.976986694140 -6.73970620428429 -0.85582329157206 -3.52162572047958
2026-09-15T17:40:00.000 -44.358663251350 4622.795488291010 -4990.409929459200 -6.97897538764230 -2.32540114956438 -2.09789825366510
2026-09-15T17:44:00.000 -1697.481900709630 3904.350407185310 -5306.914725333930 -6.71350936005921 -3.62512170911839 -0.52383303137613
2026-09-15T17:48:00.000 -3227.962851701710 2903.793714288870 -5238.876408242370 -5.96318036585404 -4.66226071111137 1.08732283901814
2026-09-15T17:52:00.000 -4525.244443513130 1693.463082385300 -4791.293088191350 -4.78182382173813 -5.36271753110564 2.61998914472016
2026-09-15T17:56:00.000 -5495.427718094730 360.740162294263 -3996.414436939300 -3.25367582890515 -5.67594923055219 3.96392452747657
2026-09-15T18:00:00.000 -6067.957537669110 -998.067588672939 -2911.552031755350 -1.48798709080174 -5.57860304948120 5.02174144794406
2026-09-15T18:04:00.000 -6200.800882663990 -2284.537716966110 -1615.139178386300 0.38814846280476 -5.07659366304722 5.71591537102631
2026-09-15T18:08:00.000 -5883.713516199770 -3405.218045158410 -201.219825705635 2.23848977301698 -4.20532719209636 5.99478089761966
2026-09-15T18:12:00.000 -5139.230429608600 -4278.521354684630 1227.339189802740 3.92790087026314 -3.02766413912318 5.83702751566190
2026-09-15T18:16:00.000 -4021.149615196170 -4840.791691590350 2566.414396074660 5.33265164623754 -1.62923877115264 5.25359298432295
2026-09-15T18:20:00.000 -2610.639712932980 -5051.032342528450 3718.327821890030 6.34983936117277 -0.11205699680535 4.28690781994004
2026-09-15T18:24:00.000 -1010.266334062960 -4893.931720313880 4599.060877294910 6.90517572193304 1.41320766229287 3.00761905241935
2026-09-15T18:28:00.000 663.571564617978 -4380.946527875540 5144.403859321240 6.95832554705978 2.83556301808548 1.50909220194772
2026-09-15T18:32:00.000 2289.149136626120 -3549.392360307590 5314.589915663410 6.50544183165502 4.05178477618596 -0.09960659349161
2026-09-15T18:36:00.000 3748.220896065860 -2459.697217702720 5097.136561502280 5.57917284781287 4.97362076403434 -1.70151896305110
2026-09-15T18:40:00.000 4934.549688825560 -1191.045002252300 4507.752899151330 4.24637009988143 5.53394641959487 -3.18006800931591
2026-09-15T18:44:00.000 5761.612684516540 164.305536241612 3589.253068612620 2.60352001146965 5.69161042911018 -4.42729617849835
2026-09-15T18:48:00.000 6168.962868935020 1507.679106436600 2408.550308699940 0.77021498343777 5.43469313220761 -5.35158713446170
2026-09-15T18:52:00.000 6126.800824818960 2741.200545921170 1051.843313167750 -1.11937237103902 4.78179421456158 -5.88494227442862
2026-09-15T18:56:00.000 5638.265517273590 3775.031093859080 -381.730113329708 -2.92664370069134 3.78090267911226 -5.98822792616317
2026-09-15T19:00:00.000 4739.243535918000 4534.055836005040 -1787.450747772760 -4.51908738400550 2.50595926759074 -5.65443173150358
2026-09-15T19:04:00.000 3495.630711953720 4963.450829095910 -3062.861963714950 -5.78078786368941 1.05093350767326 -4.90920948512865
2026-09-15T19:08:00.000 1998.264687184830 5032.601684021000 -4115.348883239010 -6.62104862183066 -0.47772431315275 -3.80830423206791
2026-09-15T19:12:00.000 356.083688040663 4737.128163424140 -4868.829315468140 -6.98053669074649 -1.96919707183514 -2.43279936633540
2026-09-15T19:16:00.000 -1311.882912039480 4098.964612521290 -5269.095067770970 -6.83485430310550 -3.31631525255319 -0.88272378603522
2026-09-15T19:20:00.000 -2885.058280607640 3164.586870001110 -5287.498972490820 -6.19547525023058 -4.42288470981007 0.73019481800660
2026-09-15T19:24:00.000 -4249.815176513530 2001.601255412670 -4922.841966365240 -5.10845715314593 -5.20993939861711 2.29022961257138
2026-09-15T19:28:00.000 -5307.438514434140 693.976300606656 -4201.416485451820 -3.65134183009017 -5.62087262325009 3.68529104938291
2026-09-15T19:32:00.000 -5981.124001858830 -663.830257249225 -3175.219815692820 -1.92820015847788 -5.62543289981888 4.81449788289398
2026-09-15T19:36:00.000 -6221.568080563440 -1973.531686847270 -1918.394510334200 -0.06286188358161 -5.22224066364195 5.59532080337830
2026-09-15T19:40:00.000 -6010.729382622970 -3140.065304550350 -522.043014888381 1.80953477019889 -4.43948468282269 5.96992079829457
2026-09-15T19:44:00.000 -5363.374322849700 -4078.546596795480 912.312912561837 3.55243122112054 -3.33332459580863 5.90991334974443
2026-09-15T19:48:00.000 -4326.194465746380 -4720.572027206070 2280.153856029570 5.03807882069115 -1.98415350373929 5.41896846363495
2026-09-15T19:52:00.000 -2974.448278013630 -5019.347682025440 3481.720553118910 6.15773316297261 -0.49042521584873 4.53278040175082
2026-09-15T19:56:00.000 -1406.390900932350 -4953.116889512560 4429.379579241660 6.82963712527472 1.03896435568636 3.31604324037498
2026-09-15T20:00:00.000 263.945147546273 -4526.711230209540 5054.034458470870 7.00485245130027 2.49271469379489 1.85755711979721
2026-09-15T20:04:00.000 1915.086393663100 -3771.148301162770 5310.141092260200 6.67065679875130 3.76523332485002 0.26356448171535
2026-09-15T20:08:00.000 3426.943571246310 -2741.336691425270 5178.968408845290 5.85117119429466 4.76419432725526 -1.35008753431254
2026-09-15T20:12:00.000 4689.467487624620 -1512.099282444210 4669.934926119570 4.60546640374842 5.41693452716931 -2.86602166922622
2026-09-15T20:16:00.000 5610.611158915920 -172.809602767083 3819.985954079200 3.02364618959517 5.67562035646402 -4.17360122499275
2026-09-15T20:20:00.000 6123.081665453610 1179.049400531100 2691.006778353300 1.22070403376256 5.52096402595006 -5.17691257920239
2026-09-15T20:24:00.000 6189.388928234460 2444.989187990180 1365.394430106300 -0.67150154434705 4.96401420853839 -5.80208450144298
2026-09-15T20:28:00.000 5804.732852545110 3532.796052505230 -59.988070837755 -2.51418432992766 4.04571035336549 -6.00324384042451
2026-09-15T20:32:00.000 4997.387370338000 4363.383259415300 -1481.008543102890 -4.17225548230471 2.83380363098510 -5.76608269540796
2026-09-15T20:36:00.000 3826.562403598780 4876.646117942770 -2794.033168144540 -5.52471863315674 1.41768494460943 -5.10903058049954
2026-09-15T20:40:00.000 2377.857116317750 5035.825542523530 -3903.628468531610 -6.47401275336880 -0.09880360558258 -4.08144089906201
2026-09-15T20:44:00.000 756.769974402034 4830.010806789060 -4729.503458120870 -6.95279373190990 -1.60547423550733 -2.75926366142247
2026-09-15T20:48:00.000 -919.108473638482 4274.685027198990 -5212.182694723890 -6.92809021091949 -2.99386640252219 -1.23888392554112
2026-09-15T20:52:00.000 -2528.575557714000 3410.401151503420 -5317.076725119860 -6.40284216562845 -4.16470873392248 0.36994023435593
2026-09-15T20:56:00.000 -3955.390263541510 2299.765434643350 -5036.782618590630 -5.41514728654969 -5.03450247670152 1.95169458677180
2026-09-15T21:00:00.000 -5096.415199148160 1022.980426155790 -4391.537833406980 -4.03550543770405 -5.54089392856662 3.39283482203152
2026-09-15T21:04:00.000 -5868.894814112070 -327.758838262194 -3427.837243266100 -2.36236369086183 -5.64692514753404 4.58934616779019
2026-09-15T21:08:00.000 -6216.435190151530 -1654.744723795940 -2215.259060426240 -0.51574305111173 -5.34396049805216 5.45404761278213
2026-09-15T21:12:00.000 -6113.242366312780 -2861.730733598280 -841.623670251997 1.37085497569919 -4.65284480248968 5.92309499409758
2026-09-15T21:16:00.000 -5566.238261512290 -3860.943527567420 593.267613213459 3.16000562301534 -3.62299315167975 5.96122130364276
2026-09-15T21:20:00.000 -4614.752872706860 -4579.584496400150 1984.913589331870 4.72079356774622 -2.32902030174355 5.56481803641116
2026-09-15T21:24:00.000 -3327.748789990750 -4965.257310364830 3231.823854584220 5.93879734473205 -0.86526510184655 4.76247529116515
2026-09-15T21:28:00.000 -1798.761947070750 -4989.863859968930 4243.051071085570 6.72498161595472 0.66144579064028 3.61284663247688
2026-09-15T21:32:00.000 -138.973160635740 -4651.628320311310 4944.868942314780 7.02216929653048 2.13997223225302 2.19984038837945
2026-09-15T21:36:00.000 1530.929613967120 -3975.151122885150 5286.103195403460 6.80872837353944 3.46295342158754 0.62633296982780
2026-09-15T21:40:00.000 3089.493721280970 -3009.586603397270 5241.814622907930 6.09995815590813 4.53434940225047 -0.99323987616927
2026-09-15T21:44:00.000 4423.285471505560 -1825.084302473070 4815.098339070320 4.94696289028226 5.27627816146936 -2.54109864450361
2026-09-15T21:48:00.000 5435.088772985030 -507.745624048890 4036.889283708310 3.43302761238744 5.63448173755430 -3.90436768407471
2026-09-15T21:52:00.000 6051.009848746210 846.561476709175 2963.816185602650 1.66812191956451 5.58237521342169 -4.98314650994591
2026-09-15T21:56:00.000 6225.999109626210 2139.166455539150 1674.161273373650 -0.21882178272631 5.12343237156351 -5.69805023982235
2026-09-15T22:00:00.000 5947.286137263030 3275.879203122150 262.154684382910 -2.08941806748509 4.29130792943240 -5.99647486804970
2026-09-15T22:04:00.000 5235.399491694580 4173.994393042350 -1169.020242378460 -3.80640175862535 3.14745687096923 -5.85691926144048
2026-09-15T22:08:00.000 4142.592196301940 4768.431374617200 -2514.935973649320 -5.24436735384951 1.77631380112061 -5.29054367962742
2026-09-15T22:12:00.000 2748.828752622790 5016.476663021660 -3677.676972254710 -6.29923777503283 0.27859649019851 -4.34005018824073
2026-09-15T22:16:00.000 1155.711768775120 4900.759759385800 -4573.012175470720 -6.89582311931930 -1.23659159877489 -3.07594364808508
2026-09-15T22:20:00.000 -521.090836777025 4430.279785700070 -5136.396749681120 -6.99266769211338 -2.65994235257418 -1.59067395713752
2026-09-15T22:24:00.000 -2160.242512093900 3639.522088769790 -5327.416188813900 -6.58412675257337 -3.88958588058928 0.00833920542384
2026-09-15T22:28:00.000 -3643.345421609370 2585.844391184210 -5132.485884588590 -5.70012376882389 -4.83782394738782 1.60621435335659
2026-09-15T22:32:00.000 -4863.244045873510 1345.371872863250 -4565.716561964800 -4.40387769356002 -5.43681655947768 3.08831015213892
2026-09-15T22:36:00.000 -5731.557599042610 7.660224065193 -3667.944910147260 -2.78780418937846 -5.64313819776083 4.34781800728773
2026-09-15T22:40:00.000 -6185.022553800360 -1330.580103142580 -2503.953582143200 -0.96766180643560 -5.44101493429723 5.29319275598834
2026-09-15T22:44:00.000 -6190.199639282660 -2572.356439468900 -1157.979980769760 0.92521297538720 -4.84398220240668 5.85489604383842
2026-09-15T22:48:00.000 -5746.122770943600 -3627.422840804190 272.256200262235 2.75318730956580 -3.89447592857181 5.99089647481991
2026-09-15T22:52:00.000 -4884.594870949960 -4418.943567441750 1682.640846800010 4.38258176499456 -2.66116467599113 5.69036819623423
2026-09-15T22:56:00.000 -3667.980802044570 -4889.223481739900 2970.348319366830 5.69404540404881 -1.23385403682092 4.97481284972018
2026-09-15T23:00:00.000 -2184.649992430000 -5003.984893295030 4041.450345870070 6.59158223084899 0.28334248567023 3.89639911394923
2026-09-15T23:04:00.000 -542.463519590037 -4754.879544317800 4817.839785245610 7.00977092784205 1.77984597355739 2.53392412469691
2026-09-15T23:08:00.000 1139.167529448950 -4160.037872049180 5242.917391342730 6.91828883568389 3.14693555169789 0.98668388095084
2026-09-15T23:12:00.000 2737.963237699480 -3262.678417686810 5285.648451455690 6.32362410063381 4.28547040435630 -0.63286930140349
2026-09-15T23:16:00.000 4137.582183783410 -2127.979573399280 4942.783269337580 5.26852363630389 5.11266699719689 -2.20698203529109
2026-09-15T23:20:00.000 5236.040367134130 -838.409461893098 4239.141339951090 3.82918702354056 5.56812020623186 -3.62091691532996
2026-09-15T23:24:00.000 5953.147471115950 512.209244490900 3225.888432651900 2.11000544686215 5.61820646875830 -4.77117668539740
2026-09-15T23:28:00.000 6236.457248386960 1825.494055445780 1976.906314342880 0.23640676592108 5.25886861381501 -5.57317248874642
2026-09-15T23:32:00.000 6065.251916080440 3005.733956497230 583.435235191845 -1.65427465613455 4.51633999096273 -5.96782138086025
2026-09-15T23:36:00.000 5452.171420866690 3966.999597904120 -852.673949757174 -3.42320500285981 3.44541635074506 -5.92639811673483
2026-09-15T23:40:00.000 4442.255840116700 4639.543851658150 -2226.575154608840 -4.94099574818297 2.12522636836460 -5.45279196548875
2026-09-15T23:44:00.000 3109.469823815580 4974.908930698810 -3438.233398982530 -6.09750321626870 0.65288982970849 -4.58289667501224
2026-09-15T23:48:00.000 1551.068885304890 4949.352886413270 -4399.778344340420 -6.80993683080723 -0.86410185524356 -3.38144722292813
2026-09-15T23:52:00.000 -119.685182857784 4565.358636565760 -5041.810940048340 -7.02838534466300 -2.31604934157000 -1.93659052319953
2026-09-15T23:56:00.000 -1781.799508160110 3851.215434004860 -5318.225670415690 -6.73858185681831 -3.59884396941145 -0.35308605916767
2026-09-16T00:00:00.000 -3315.183898765630 2858.815674788290 -5209.306750694870 -5.96216052897620 -4.62098170061332 1.25518780296606
2026-09-16T00:04:00.000 -4609.078896207910 1659.900797433110 -4722.999395791680 -4.75478987530863 -5.30944734400010 2.77287246709231
2026-09-16T00:08:00.000 -5569.824369805390 341.022687786092 -3894.345166950210 -3.20252612404364 -5.61454042792702 4.09079208320766
2026-09-16T00:12:00.000 -6127.533930638520 -1002.506356745630 -2783.105278613830 -1.41638820379158 -5.51345878776303 5.11332838783799
2026-09-16T00:16:00.000 -6241.252260710030 -2273.366990382750 -1469.650697702870 0.47494062825377 -5.01247357076868 5.76546587691795
2026-09-16T00:20:00.000 -5902.133482431280 -3379.259233256490 -49.277915402869 2.33418009423314 -4.14696638334000 5.99867521845426
2026-09-16T00:24:00.000 -5134.310440541630 -4239.678363591760 1374.670577040240 4.02551210793607 -2.97931556519892 5.79494295677443
2026-09-16T00:28:00.000 -3993.292339983850 -4791.913037592340 2698.402092820620 5.42501029286266 -1.59448533733440 5.16860613723962
2026-09-16T00:32:00.000 -2561.923838873610 -4995.717993632680 3825.368922438930 6.43026060773607 -0.09351711855296 4.16529193674581
2026-09-16T00:36:00.000 -944.264894200084 -4836.258487594080 4673.385859632660 6.96793547114176 1.41422281174903 2.85826338584715
2026-09-16T00:40:00.000 742.050131587485 -4325.144034678210 5180.624308930280 6.99891728556810 2.81906606169884 1.34284545464041
2026-09-16T00:44:00.000 2374.402848266330 -3499.531421227850 5310.082801570900 6.52096534983260 4.01910242512460 -0.27070300371281
2026-09-16T00:48:00.000 3834.052359588240 -2419.379368769960 5052.215643579690 5.56840146960632 4.92727589182879 -1.86517661760659
2026-09-16T00:52:00.000 5014.677059454270 -1163.160802506240 4425.637223168160 4.20985715285354 5.47729183265188 -3.32447240595487
2026-09-16T00:56:00.000 5830.120538979560 177.750829054121 3475.870321770720 2.54378649410861 5.62865810165811 -4.54183829184658
2026-09-16T01:00:00.000 6220.765156446340 1505.703152208340 2272.129863133490 0.69158132774922 5.36989954471832 -5.42783434277260
2026-09-16T01:04:00.000 6158.029449396260 2723.914792510030 902.320768971344 -1.21111108864901 4.71977619402155 -5.91718756787548
2026-09-16T01:08:00.000 5646.588983974370 3743.650811231560 -533.433625315493 -3.02457152924069 3.72620598669136 -5.97405943554100
2026-09-16T01:12:00.000 4724.046088932950 4490.840317589030 -1930.266232222070 -4.61596014858275 2.46263365812218 -5.59499898328225
2026-09-16T01:16:00.000 3458.024195750440 4911.530379605670 -3186.394350681070 -5.86951885126376 1.02216449685887 -4.80895080870217
2026-09-16T01:20:00.000 1940.991430232200 4975.745610041320 -4210.632403367700 -6.69521373681939 -0.48983517619725 -3.67460575211431
2026-09-16T01:24:00.000 283.304979537484 4679.464465402960 -4928.969958456170 -7.03480756687448 -1.96378088669755 -2.27542955221838
2026-09-16T01:28:00.000 -1394.894810941670 4044.673586521240 -5289.757869951040 -6.86534915735187 -3.29380471247960 -0.71311104380720
2026-09-16T01:32:00.000 -2972.298928284380 3117.596173953410 -5267.208139506820 -6.20001050634156 -4.38492815605479 0.89979195813543
2026-09-16T01:36:00.000 -4334.979865439360 1965.307885733540 -4863.079406037990 -5.08672524379037 -5.15929683297454 2.44757497622600
2026-09-16T01:40:00.000 -5384.371157973450 671.000032842390 -4106.509584205540 -3.60487946733718 -5.56121075575701 3.81904143150201
2026-09-16T01:44:00.000 -6044.250001899750 -671.830407436814 -3052.035695444460 -1.86029293166273 -5.56104810243011 4.91494619638156
2026-09-16T01:48:00.000 -6266.295649884140 -1965.973894029470 -1775.863784601650 0.02162148090415 -5.15775593587247 5.65509172844376
2026-09-16T01:52:00.000 -6033.800135738570 -3117.486889053430 -370.528892292261 1.90440302956215 -4.37956860535335 5.98453885905243
2026-09-16T01:56:00.000 -5363.126129025020 -4042.586584309470 1061.773034524630 3.65069889466358 -3.28242905840894 5.87829031831470
2026-09-16T02:00:00.000 -4302.664990482680 -4673.861984028800 2416.675215379170 5.13264240860385 -1.94600464388899 5.34342230048382
2026-09-16T02:04:00.000 -2929.364993400720 -4965.297704905760 3595.356298586900 6.24167671138684 -0.46778907610209 4.41878285362631
2026-09-16T02:08:00.000 -1343.060209466360 -4895.676777354680 4511.853731461860 6.89683449044142 1.04440451959016 3.17196215245905
2026-09-16T02:12:00.000 340.898940123980 -4470.079170350830 5099.354192497060 7.05050368886486 2.48059427469724 1.69389914048425
2026-09-16T02:16:00.000 2000.064966913510 -3719.449271547180 5315.006732222710 6.69146672781876 3.73650702460015 0.09215339986320
2026-09-16T02:20:00.000 3513.761702621290 -2698.318586234520 5143.008024996790 5.84558442453863 4.72104030124317 -1.51682410814243
2026-09-16T02:24:00.000 4771.785286257580 -1480.856237719360 4595.735227095870 4.57374726304228 5.36256799037947 -3.01600301037507
2026-09-16T02:28:00.000 5682.375187902620 -155.573228249179 3712.911029137270 2.96792955638081 5.61395642929680 -4.29589565462363
2026-09-16T02:32:00.000 6178.978695619550 1181.042750800100 2558.828285648140 1.14500758273985 5.45636366752032 -5.26252487251631
2026-09-16T02:36:00.000 6225.261541849770 2431.586900393260 1217.731462590710 -0.76165177108819 4.90108475833598 -5.84470327928764
2026-09-16T02:40:00.000 5817.894352647180 3504.943612376440 -212.364403329949 -2.61209501679794 3.98895600836452 -5.99965055988458
2026-09-16T02:44:00.000 4986.850753466980 4323.075343891780 -1626.969902142970 -4.27060100897978 2.78741251320991 -5.71656219968929
2026-09-16T02:48:00.000 3793.094620018780 4826.801635405580 -2922.937651074890 -5.61629900941988 1.38509353942733 -5.01729270196636
2026-09-16T02:52:00.000 2323.895544645380 4980.064111521600 -4006.098593319140 -6.55217832346048 -0.11521946842165 -3.95425223212163
2026-09-16T02:56:00.000 686.232736503320 4772.379509637970 -4798.102859569210 -7.01192716445306 -1.60455591815403 -2.60591811926590
2026-09-16T03:00:00.000 -1001.113065893900 4219.353632501580 -5241.938475195080 -6.96394032803137 -2.97574806106151 -1.07049676248262
2026-09-16T03:04:00.000 -2616.111207479060 3361.355202114570 -5305.824045805880 -6.41279273542863 -4.13077654684580 0.54122384528563
2026-09-16T03:08:00.000 -4042.106619807650 2260.524210132980 -4985.311741126100 -5.39839812143048 -4.98721855350989 2.11353050615055
2026-09-16T03:12:00.000 -5176.003810555120 996.358691702781 -4303.542791552400 -3.99320646446573 -5.48364959486935 3.53351826496454
2026-09-16T03:16:00.000 -5935.546994485340 -339.851804625821 -3309.655597085190 -2.29749486449935 -5.58382278982737 4.69868486180651
2026-09-16T03:20:00.000 -6265.255696964880 -1651.436471369820 -2075.424011579740 -0.43290964264924 -5.27948218402858 5.52403133169675
2026-09-16T03:24:00.000 -6140.618030936480 -2843.242954395640 -690.270661034286 1.46562920377590 -4.59158988928839 5.94847975223814
2026-09-16T03:28:00.000 -5570.129286993460 -3828.589314234450 745.127013818080 3.25971619842993 -3.56940737431141 5.94001360898060
2026-09-16T03:32:00.000 -4594.860265445410 -4535.695153447920 2126.207592757580 4.81805266726021 -2.28708577363459 5.49852394085521
2026-09-16T03:36:00.000 -3285.524723776730 -4913.026393366620 3352.253094711190 6.02650028864803 -0.83812089111676 4.65596125135528
2026-09-16T03:40:00.000 -1737.283444008320 -4933.105288913910 4333.840992798370 6.79674601413498 0.67180376287910 3.47388139171137
2026-09-16T03:44:00.000 -62.723826488837 -4594.485270876630 4999.410600802670 7.07273802467336 2.13279677289720 2.03859380023368
2026-09-16T03:48:00.000 1616.389134210940 -3921.795848050810 5300.440574083940 6.83445598107417 3.43876034177243 0.45459118480277
2026-09-16T03:52:00.000 3177.946328427820 -2963.912322442330 5214.918553853630 6.09902038246744 4.49493099757320 -1.16301957020787
2026-09-16T03:56:00.000 4508.297662405240 -1790.416496228440 4748.931974813580 4.91940037522315 5.22454376238330 -2.69656754450967
2026-09-16T04:00:00.000 5510.467997770910 -486.599647914085 3936.278107782650 3.38080113469382 5.57422295308206 -4.03417695039195
2026-09-16T04:04:00.000 6111.255841927940 852.658653670713 2836.103536934230 1.59500256470122 5.51800193591003 -5.07779176597327
2026-09-16T04:08:00.000 6266.707560847960 2129.788782940490 1528.676981752470 -0.30750616850358 5.05963487980922 -5.75058983140970
2026-09-16T04:12:00.000 5965.486193848940 3251.727505600600 109.529340247565 -2.18715200376528 4.23274159136722 -6.00307700033563
2026-09-16T04:16:00.000 5229.773329383790 4136.849243321370 -1317.634308905580 -3.90598903944755 3.09841780844349 -5.81710356012258
2026-09-16T04:20:00.000 4113.576749156630 4721.031807035060 -2648.691841855190 -5.33849782744247 1.74042786438166 -5.20732599839071
2026-09-16T04:24:00.000 2698.565203274380 4962.316176571800 -3786.845115425170 -6.38111097002736 0.25848161679224 -4.21964270086737
2026-09-16T04:28:00.000 1087.864294910330 4843.816683529930 -4649.681028987230 -6.95961076880148 -1.23954334698597 -2.92717987807535
2026-09-16T04:32:00.000 -601.608751536303 4374.708436284580 -5175.022788027910 -7.03383379910344 -2.64565525471796 -1.42433356682142
2026-09-16T04:36:00.000 -2247.609869602130 3589.342836925500 -5325.200240722050 -6.59968272616617 -3.85922834345765 0.18029732168585
2026-09-16T04:40:00.000 -3731.231705408970 2544.662455638580 -5089.562141871760 -5.68883934418516 -4.79366438848267 1.77143941460847
2026-09-16T04:44:00.000 -4945.248046575180 1316.134575250970 -4485.149283392690 -4.36641900579128 -5.38203180465777 3.23487379903281
2026-09-16T04:48:00.000 -5801.674485168640 -7.537313593489 -3555.524430601290 -2.72679500199605 -5.58162806447044 4.46507904346345
2026-09-16T04:52:00.000 -6238.087965899880 -1330.644798561720 -2367.785326932120 -0.88742109954947 -5.37716970020063 5.37261059686429
2026-09-16T04:56:00.000 -6222.261533456750 -2557.271433094720 -1007.912805892520 1.01893663053564 -4.78233416578122 5.89056288507304
2026-09-16T05:00:00.000 -5754.750937839010 -3598.250223208560 425.322240035160 2.85353523699232 -3.83943385636805 5.98003924791762
2026-09-16T05:04:00.000 -4869.086698797340 -4377.758241364760 1827.549881131700 4.48211387022739 -2.61671507642517 5.63365307178160
2026-09-16T05:08:00.000 -3629.427886959250 -4838.978684479490 3096.519203575630 5.78535273799372 -1.20328886020310 4.87633443329521
2026-09-16T05:12:00.000 -2125.851552533820 -4948.316340706850 4139.670581802850 6.66795915160410 0.29768986678464 3.76338856485607
2026-09-16T05:16:00.000 -467.694466032119 -4697.832313953840 4880.945656271020 7.06566933621345 1.77692325126218 2.37610529631828
2026-09-16T05:20:00.000 1224.466787460900 -4105.753800361590 5266.305503326900 6.94959246031955 3.12696690592972 0.81554609863299
2026-09-16T05:24:00.000 2827.573653075910 -3215.105460402550 5267.613048848040 6.32803835679770 4.24984902745089 -0.80480596290387
2026-09-16T05:28:00.000 4224.979155016570 -2090.584564247660 4884.646229753420 5.24577689517260 5.06399356092601 -2.36718819284801
2026-09-16T05:32:00.000 5314.863547562430 -813.916058828808 4145.145761204160 3.78092768791978 5.50993814238918 -3.75769386696710
2026-09-16T05:36:00.000 6017.664002351790 522.016587912037 3102.901059847640 2.03978099021158 5.55475199125109 -4.87450607142467
2026-09-16T05:40:00.000 6281.991204229910 1819.903044189730 1833.920849671870 0.14942811381193 5.19479730616219 -5.63547304538419
2026-09-16T05:44:00.000 6088.534776118410 2985.166839720720 430.905451223749 -1.75157487835065 4.45638875812144 -5.98457838798994
2026-09-16T05:48:00.000 5451.572383366760 3932.990705804310 -1003.609454601310 -3.52369636416391 3.39405119981853 -5.89644830040681
2026-09-16T05:52:00.000 4417.893842134110 4594.629361272170 -2364.913498491800 -5.03731869268405 2.08628341980282 -5.37843599740814
2026-09-16T05:56:00.000 3063.192771880620 4922.440306174670 -3553.928170995900 -6.18271554852959 0.62926897313726 -4.46974198942513
2026-09-16T06:00:00.000 1486.286454476530 4893.234214364010 -4484.473439117460 -6.87802689173796 -0.87072976891419 -3.23786017893479
2026-09-16T06:04:00.000 -198.263386253829 4509.737052015570 -5089.422443164800 -7.07458874777809 -2.30533119099270 -1.77302453969233
2026-09-16T06:08:00.000 -1868.499901622050 3800.163861322540 -5325.351105598680 -6.75965482613797 -3.57174226387523 -0.18129342340506
2026-09-16T06:12:00.000 -3403.749605624340 2816.033802682200 -5175.442514240930 -5.95651544223903 -4.57960264658564 1.42292366390585
2026-09-16T06:16:00.000 -4693.089239185460 1628.467649318730 -4650.577064634950 -4.72267196659112 -5.25682689714153 2.92450958317492
2026-09-16T06:20:00.000 -5643.147129848110 323.197675920892 -3788.577113073520 -3.14610288684232 -5.55443910743834 4.21533610348510
2026-09-16T06:24:00.000 -6184.781870985470 -1005.436272574220 -2651.630998039930 -1.33965815291411 -5.45018349570778 5.20168796425986
2026-09-16T06:28:00.000 -6278.184716995460 -2261.183993971980 -1321.989211426410 0.56648921305488 -4.95056230625200 5.81116473699955
2026-09-16T06:32:00.000 -5915.965451694220 -3352.824277644040 103.854797284348 2.43396166389932 -4.09082074136560 5.99825782820082
2026-09-16T06:36:00.000 -5123.934810686910 -4200.869005496180 1522.120743684430 4.12621182490243 -2.93296613622006 5.74827222743084
2026-09-16T06:40:00.000 -3959.385955749020 -4743.501559288610 2829.398372608250 5.51918620172312 -1.56130725099210 5.07899125521171
2026-09-16T06:44:00.000 -2506.902960381470 -4941.175531298500 3930.323561519650 6.51093467869803 -0.07591926020956 4.03921817595774
2026-09-16T06:48:00.000 -872.115064414397 -4779.508503004290 4744.606997421880 7.02912643833560 1.41489948857301 2.70495620438526
2026-09-16T06:52:00.000 826.085723852355 -4270.280001719670 5212.888121369440 7.03616302076184 2.80277551492172 1.17348547067654
2026-09-16T06:56:00.000 2464.204922372800 -3450.505925214270 5300.996275047060 6.53145717302121 3.98702219349561 -0.44382286715049
2026-09-16T07:00:00.000 3923.057251052950 -2379.736982432170 5002.400127659510 5.55131334206302 4.88162520213247 -2.02936705917584
2026-09-16T07:04:00.000 5096.380996476240 -1135.782619000060 4338.706121742870 4.16648036068791 5.42137007991473 -3.46767735755372
2026-09-16T07:08:00.000 5898.558676845660 190.875551756719 3358.158316846270 2.47730433787148 5.56652004334920 -4.65355563322018
2026-09-16T07:12:00.000 6270.954989049830 1503.619195015830 2132.232866765250 0.60694109566892 5.30608005951564 -5.49985188730601
2026-09-16T07:16:00.000 6186.342633486120 2706.783869404870 750.463555087870 -1.30764027198456 4.65898725271684 -5.94422633940650
2026-09-16T07:20:00.000 5651.015659579940 3712.751776596800 -686.155356245642 -3.12586672574668 3.67297403423009 -5.95419210718728
2026-09-16T07:24:00.000 4704.336687664430 4448.476043210290 -2072.713895321750 -4.71456294713818 2.42092091070184 -5.52980209745549
2026-09-16T07:28:00.000 3415.696460085200 4860.860000806720 -3308.216508203550 -5.95826354555844 0.99509316743945 -4.70335289079539
2026-09-16T07:32:00.000 1879.192115594480 4920.548233845080 -4303.024281453910 -6.76777961563404 -0.50025718372676 -3.53647745905470
2026-09-16T07:36:00.000 206.547191776391 4623.843335261440 -4985.301337127420 -7.08617186755964 -1.95689863196694 -2.11488051468083
2026-09-16T07:40:00.000 -1481.062537348260 3992.724517507480 -5306.013675742450 -6.89193922115331 -3.27030669884961 -0.54170750629908
2026-09-16T07:44:00.000 -3061.667573999770 3073.103167709990 -5242.248022959040 -6.19992173918406 -4.34669663945794 1.06980063050347
2026-09-16T07:48:00.000 -4421.092996319610 1931.480414503040 -4798.704352435620 -5.05981451110991 -5.10919263778488 2.60404862519837
2026-09-16T07:52:00.000 -5460.961330132130 650.268981110771 -4007.347481031280 -3.55288337812647 -5.50283035975192 3.95068883414531
2026-09-16T07:56:00.000 -6105.695861679840 -677.967720331083 -2925.241265393470 -1.78684033752005 -5.49853579742082 5.01214702297235
2026-09-16T08:00:00.000 -6308.055261673710 -1957.056877165550 -1630.622831219290 0.11121341627923 -5.09557955745404 5.71065419447333
2026-09-16T08:04:00.000 -6052.763140069350 -3094.142668601120 -217.393548142755 2.00363344385347 -4.32224945906058 5.99434656220395
2026-09-16T08:08:00.000 -5357.832951247420 -4006.487627983340 1211.654105206510 3.75235656634129 -3.23410211374270 5.84150634613184
2026-09-16T08:12:00.000 -4273.435004425360 -4627.603764609890 2552.363007500340 5.22922239935139 -1.91019600147045 5.26264721796702
2026-09-16T08:16:00.000 -2878.281012295610 -4912.222041837590 3706.936864879460 6.32609682852642 -0.44713084175579 4.29988999039510
2026-09-16T08:20:00.000 -1273.804773035120 -4839.620707905030 4591.164513416850 6.96290202338099 1.04843274694796 3.02357809749389
2026-09-16T08:24:00.000 423.301054836068 -4415.095264694360 5140.579344785590 7.09331259325205 2.46768194182269 1.52685841465788
2026-09-16T08:28:00.000 2089.617232820640 -3669.515492671920 5315.118043725990 6.70787562776318 3.70759384863495 -0.08132703706692
2026-09-16T08:32:00.000 3603.938822136660 -2657.045355335160 5101.973751941050 5.83433489181992 4.67820984414364 -1.68412457092623
2026-09-16T08:36:00.000 4856.001528274690 -1451.240749424250 4516.526166850840 4.53563780766744 5.30882564199605 -3.16486083379196
2026-09-16T08:40:00.000 5754.490255449020 -139.785153773015 3601.303963034860 2.90583234523514 5.55317949565333 -4.41535270512802
2026-09-16T08:44:00.000 6233.757980208420 1181.845529139940 2422.983390308130 1.06353728034625 5.39303686330118 -5.34380181705838
2026-09-16T08:48:00.000 6258.757139066350 2417.354826160430 1067.589391941290 -0.85643795220529 4.83990507911721 -5.88184205990890
2026-09-16T08:52:00.000 5827.740228629910 3476.746833594330 -365.823644210019 -2.71316805680283 3.93449476697214 -5.99000275959918
2026-09-16T08:56:00.000 4972.427756168840 4283.030414280300 -1772.549553421190 -4.37053003677011 2.74376160155263 -5.66097985397625
2026-09-16T09:00:00.000 3755.555602097430 4777.915294204470 -3050.058435712280 -5.70784255925459 1.35552940495140 -4.92002812269650
2026-09-16T09:04:00.000 2266.052456219960 4926.002705562490 -4105.574458014400 -6.62883486232687 -0.12852924378201 -3.82257266294252
2026-09-16T09:08:00.000 612.331432476076 4717.176369221530 -4862.793567144370 -7.06830699918783 -1.60071525957506 -2.44950697579044
2026-09-16T09:12:00.000 -1085.709802337990 4167.100926469410 -5267.249204865160 -6.99617967934851 -2.95518632947221 -0.90072178397727
2026-09-16T09:16:00.000 -2705.308455080190 3315.887232967720 -5289.996198349520 -6.41866254768946 -4.09517272708332 0.71221810550687
2026-09-16T09:20:00.000 -4129.482318923160 2225.142845861030 -4929.523148813610 -5.37742063084617 -4.93929594198288 2.27354983482619
2026-09-16T09:24:00.000 -5255.237517431760 973.612517391371 -4211.823077569550 -3.94670577762517 -5.42691351455097 3.67111517934862
2026-09-16T09:28:00.000 -6000.855128139830 -348.322900759014 -3188.623571630410 -2.22863357349463 -5.52230602975902 4.80384899316012
2026-09-16T09:32:00.000 -6311.832389818040 -1645.005932263900 -1933.848153168960 -0.34662672265820 -5.21756887184696 5.58899993277573
2026-09-16T09:36:00.000 -6165.014462097490 -2822.353647235220 -538.441340341336 1.56304273289861 -4.53374516117238 5.96842095991121
2026-09-16T09:40:00.000 -5570.520266860890 -3794.730836508840 896.154264950649 3.36111769375957 -3.51983879554331 5.91342317303677
2026-09-16T09:44:00.000 -4571.177977075750 -4491.303540868820 2265.427236205610 4.91603452649054 -2.24941324841321 5.42731543277387
2026-09-16T09:48:00.000 -3239.458515011110 -4861.303603201880 3469.512595538640 6.11390233006051 -0.81507051092535 4.54528100013474
2026-09-16T09:52:00.000 -1672.162285778310 -4877.788331220370 4420.577272968840 6.86716411267449 0.67850719693465 3.33175891763842
2026-09-16T09:56:00.000 16.734511710849 -4539.585181832020 5049.279957709070 7.12106478031813 2.12264527808446 1.87536066130056
2026-09-16T10:00:00.000 1704.419376857660 -3871.290449532470 5309.775841082650 6.85710948084453 3.41251372334029 0.28211010958175
2026-09-16T10:04:00.000 3268.139608703920 -2921.456078843620 5183.008853848250 6.09427322897432 4.45450936108324 -1.33213555834095
2026-09-16T10:08:00.000 4594.073108601150 -1759.079476030290 4678.081463532550 4.88754773732554 5.17286010323911 -2.84996696359476
2026-09-16T10:12:00.000 5585.559060333560 -468.656874883833 3831.638376173630 3.32416958753381 5.51495787360671 -4.16062198270644
2026-09-16T10:16:00.000 6170.184718182240 855.890367585050 2705.304239467340 1.51779025604707 5.45542097036999 -5.16799358604216
2026-09-16T10:20:00.000 6305.199313573310 2118.061632871130 1381.273882754430 -0.39953761187851 4.99833351786051 -5.79790033488406
2026-09-16T10:24:00.000 5980.789962539990 3225.901237095180 -43.702717730445 -2.28714801170448 4.17729280887133 -6.00405594700629
2026-09-16T10:28:00.000 5220.856538730640 4098.841109520190 -1465.511836045360 -4.00659389759842 3.05298898861013 -5.77180043987715
2026-09-16T10:32:00.000 4081.177109565990 4673.672281355190 -2780.455776096690 -5.43239553997933 1.70841945584832 -5.11919967389353
2026-09-16T10:36:00.000 2645.116337872890 4909.134922829020 -3892.951016979610 -6.46158053959178 0.24227028545552 -4.09528619482618
2026-09-16T10:40:00.000 1017.292428427050 4788.764876121280 -4722.487770537720 -7.02099703487727 -1.23884265926689 -2.77574237114237
2026-09-16T10:44:00.000 -684.178619853697 4321.848420630110 -5209.318514137290 -7.07183996283783 -2.62822584841120 -1.25679499579961
2026-09-16T10:48:00.000 -2336.212032146430 3542.543317317550 -5318.557747120180 -6.61165179962625 -3.82648989946524 0.35185956880549
2026-09-16T10:52:00.000 -3819.476372633980 2507.316279726630 -5042.489427814760 -5.67389573300776 -4.74811934868682 1.93477893981539
2026-09-16T10:56:00.000 -5026.752091203030 1290.928032359050 -4401.040869262470 -4.32550236381823 -5.32703104809410 3.37830619649299
2026-09-16T11:00:00.000 -5870.498281654140 -18.799351456841 -3440.432542640900 -2.66264407840204 -5.52111060576383 4.57826547694904
2026-09-16T11:04:00.000 -6289.160608115740 -1327.142518080110 -2230.019161623980 -0.80454451240009 -5.31537949521725 5.44718763544210
2026-09-16T11:08:00.000 -6251.793722780870 -2539.228656671480 -857.472731813889 1.11445043732166 -4.72368878532419 5.92093947060718
2026-09-16T11:12:00.000 -5760.543031735470 -3566.941204488970 577.486078864699 2.95463427602469 -3.78821072533405 5.96393639410904
2026-09-16T11:16:00.000 -4850.684649822230 -4335.428555684870 1970.353130898290 4.58139474588636 -2.57666229016822 5.57221968351717
2026-09-16T11:20:00.000 -3588.148676856840 -4788.681560830250 3219.553176608680 5.87554735565315 -1.17735479997965 4.77403240890863
2026-09-16T11:24:00.000 -2064.684619011750 -4893.691953015910 4233.964247520630 6.74247507562817 0.30758707246496 3.62764503338271
2026-09-16T11:28:00.000 -391.086169432869 -4642.849087834960 4939.620221448400 7.11905202916959 1.76999397613641 2.21684877244033
2026-09-16T11:32:00.000 1310.950544995900 -4054.415406227820 5285.086765993150 6.97801378945158 3.10371258106709 0.64438272593135
2026-09-16T11:36:00.000 2917.656584684210 -3171.144486817390 5245.122475356290 6.32940910476867 4.21200223795577 -0.97547778576703
2026-09-16T11:40:00.000 4312.105113797420 -2057.192460954330 4822.506473649820 5.21990832036284 5.01430015658745 -2.52488827359494
2026-09-16T11:44:00.000 5392.681377407100 -793.518813348256 4047.885602673480 3.72970276054577 5.45199969491425 -3.89086643287885
2026-09-16T11:48:00.000 6080.503392775310 527.936165470383 2977.620979485880 1.96695057735049 5.49278511750131 -4.97339933776165
2026-09-16T11:52:00.000 6325.277180100300 1810.917953694680 1689.774870287320 0.06032628657723 5.13331949475095 -5.69281904647116
2026-09-16T11:56:00.000 6109.136620909390 2961.940308953320 278.436325100192 -1.85033127229635 4.39992573717014 -5.99617231010796
2026-09-16T12:00:00.000 5448.040894653190 3897.239307836240 -1153.258691945520 -3.62480831965924 3.34679253004514 -5.86151807419430
2026-09-16T12:04:00.000 4390.555748425890 4549.001890630510 -2500.832906180230 -5.13338908892118 2.05175664613956 -5.29968238331734
2026-09-16T12:08:00.000 3014.100810328870 4870.319003594040 -3666.248318141910 -6.26683930504838 0.61000871210693 -4.35305839148301
2026-09-16T12:12:00.000 1419.047807322930 4838.470414596970 -4565.074078844510 -6.94423390439306 -0.87337018727607 -3.09183768373201
2026-09-16T12:16:00.000 -278.763336529836 4456.353373575660 -5132.500855249630 -7.11824109041845 -2.29128625333616 -1.60825252220671
2026-09-16T12:20:00.000 -1956.442808003800 3752.047717564570 -5327.810460116920 -6.77764783340357 -3.54218052161274 -0.00961155711837
2026-09-16T12:24:00.000 -3492.777083416100 2776.660170339770 -5137.102939216260 -5.94749588980757 -4.53676569358119 1.58918229136045
2026-09-16T12:28:00.000 -4776.747181667330 1600.660129039960 -4574.187667596660 -4.68719049853371 -5.20386670279002 3.07342647905317
2026-09-16T12:32:00.000 -5715.334139215090 308.940832871682 -3679.618694182420 -3.08654623491689 -5.49515059728150 4.33617252822169
2026-09-16T12:36:00.000 -6240.185565582430 -1005.122195053130 -2517.948102480570 -1.26018008193186 -5.38876231972518 5.28561056453536
2026-09-16T12:40:00.000 -6312.681666823120 -2246.303846309650 -1173.254156140240 0.66015885961788 -4.89132036057413 5.85186918817666
2026-09-16T12:44:00.000 -5926.971426140780 -3324.417096232300 256.822351111839 2.53481133297406 -4.03804068855156 5.99260263453925
2026-09-16T12:48:00.000 -5110.621940976590 -4160.968379103720 1668.175373770830 4.22676947624956 -2.89056246890641 5.69667336256368
2026-09-16T12:52:00.000 -3922.715158761990 -4694.991734104370 2957.899307757110 5.61207492651861 -1.53241489633347 4.98520332643408
2026-09-16T12:56:00.000 -2449.550862655670 -4887.583283110080 4031.912605060820 6.58934356538827 -0.06272998967432 3.91011856469241
2026-09-16T13:00:00.000 -798.265360156629 -4724.751335003310 4811.897484302950 7.08736563295117 1.41134918644638 2.54999554277515
2026-09-16T13:04:00.000 911.056887071039 -4218.371460586230 5241.005129005250 7.07004447321883 2.78273590682440 1.00400401650072
2026-09-16T13:08:00.000 2554.125626189990 -3405.249456593030 5287.927240609670 6.53858835630996 3.95197358730425 -0.61546234367514
2026-09-16T13:12:00.000 4011.412107550090 -2344.440355891140 4949.125099080990 5.53119802777527 4.83418966902200 -2.19074468033434
2026-09-16T13:16:00.000 5176.757068903760 -1113.021179064930 4249.119549626060 4.12051397286466 5.36497579193584 -3.60702966738546
2026-09-16T13:20:00.000 5965.121809599700 199.433158438186 3238.813399492390 2.40887136543758 5.50528090299633 -4.76066483947697
2026-09-16T13:24:00.000 6318.885154784740 1497.347266826570 1991.863049371670 0.52105834890261 5.24450117432166 -5.56687024255457
2026-09-16T13:28:00.000 6212.192701037160 2686.148683703280 599.342950975535 -1.40461493047596 4.60161829074752 -5.96625653789809
2026-09-16T13:32:00.000 5652.971622135070 3679.284764995870 -836.977891532176 -3.22678607401463 3.62408000656237 -5.92971289345151
2026-09-16T13:33:53.000 5243.519545324650 4057.882351050910 -1498.417581031140 -4.01026583443054 3.06775752999103 -5.76132060031703
2026-09-16T13:37:53.000 4102.153769355330 4637.707792544460 -2809.678739044300 -5.44269122938278 1.73501351789034 -5.09918396084743
2026-09-16T13:41:53.000 2662.896559598540 4880.784251749510 -3916.368528327810 -6.47776170607448 0.27873317090602 -4.06722022712633
2026-09-16T13:45:53.000 1030.595471994790 4770.088798403450 -4738.402849798860 -7.04189970934917 -1.19517773010646 -2.74167032419766
2026-09-16T13:49:53.000 -676.312276749835 4314.201326344680 -5216.579391418110 -7.09597343987155 -2.58054542238568 -1.21917844554353
2026-09-16T13:53:53.000 -2334.353201613420 3546.475593268430 -5316.629904965740 -6.63727239890039 -3.77826460546591 0.39035865000760
2026-09-16T13:57:53.000 -3823.754438844440 2522.536229965120 -5031.492289603510 -5.69909461013861 -4.70284906832880 1.97139500173593
2026-09-16T14:01:53.000 -5036.840694433680 1316.328544283220 -4381.751071793790 -4.34842596268083 -5.28797770541122 3.41037566823704
2026-09-16T14:05:53.000 -5885.644170488340 14.939247374300 -3414.229652580940 -2.68160264504050 -5.49110269678571 4.60344846662833
2026-09-16T14:09:53.000 -6308.239026132070 -1287.513419462920 -2198.790045284450 -0.81815311391214 -5.29660152157663 5.46363619693284
2026-09-16T14:13:53.000 -6273.388595639360 -2496.584555802980 -823.471844875311 1.10722049714729 -4.71748983225695 5.92743920601685
2026-09-16T14:17:53.000 -5783.049251461330 -3524.371209546770 611.791949239184 2.95431117271479 -3.79502269895710 5.95995151227196
2026-09-16T14:21:53.000 -4872.436021586680 -4296.015900597650 2002.459872790220 4.58795908281339 -2.59600628449502 5.55798777228671
2026-09-16T14:25:53.000 -3607.545404153720 -4755.284123105100 3247.110368403680 5.88847769466458 -1.20783283854239 4.75058042560375
2026-09-16T14:29:53.000 -2080.308515019740 -4868.731467268290 4254.953663102430 6.76079468560839 0.26819455891759 3.59670861824225
2026-09-16T14:33:53.000 -401.798931403144 -4628.127235553130 4952.502286799540 7.14138964734215 1.72457235405509 2.18063889933665
2026-09-16T14:37:53.000 1305.915194770470 -4050.995742673570 5288.912950077270 7.00269452813955 3.05551981669718 0.60559977831911
2026-09-16T14:41:53.000 2918.650346731290 -3179.276570324250 5239.620819935300 6.35467893187284 4.16452224427562 -1.01394841836687
2026-09-16T14:45:53.000 4319.057716930910 -2076.282432930440 4808.088749561860 5.24399526803504 4.97103654186481 -2.56028033277732
2026-09-16T14:49:53.000 5405.088854230380 -822.162862163635 4025.595429393210 3.75077906584385 5.41612496888416 -3.92067848179463
2026-09-16T14:53:53.000 6097.446097512070 491.831035891488 2949.070608914330 1.98344185495911 5.46685522878736 -4.99542628165320
2026-09-16T14:57:53.000 6345.507926068220 1769.978598565810 1657.042838707780 0.07106933237298 5.11921179286767 -5.70542585367771
2026-09-16T15:01:53.000 6131.174021103900 2919.145972120160 243.909669384786 -1.84610559803283 4.39866897114621 -5.99842727015063
2026-09-16T15:05:53.000 5470.277375827130 3855.703810841340 -1187.061591247790 -3.62738585362126 3.35847079035636 -5.85327534062470
2026-09-16T15:09:53.000 4411.369532477190 4511.740595439540 -2531.450938327680 -5.14259034310773 2.07547240394074 -5.28153891425830
2026-09-16T15:13:53.000 3031.979512551720 4840.028645912790 -3691.447981245250 -6.28194280696970 0.64403339980378 -4.32632942305159
2026-09-16T15:17:53.000 1432.700316541410 4817.343540855820 -4583.019225028550 -6.96413408268419 -0.83149724717400 -3.05848174138005
2026-09-16T15:21:53.000 -270.321023144364 4445.918051764660 -5141.884529408740 -7.14149564392370 -2.24460756738133 -1.57069764285747
2026-09-16T15:25:53.000 -1953.817466483200 3753.054307638460 -5327.946311568920 -6.80257472195354 -3.49408998878396 0.02943515215005
2026-09-16T15:29:53.000 -3496.155553057330 2789.028528945930 -5127.966822573320 -5.97229096427815 -4.49075224323051 1.62694249933948
2026-09-16T15:33:53.000 -4785.874177667020 1623.486542941840 -4556.415748988410 -4.70999812012440 -5.16325261956762 3.10719151380730
2026-09-16T15:37:53.000 -5729.526144840420 340.571134099394 -3654.473284216160 -3.10568415345375 -5.46284146208566 4.36347620058679
2026-09-16T15:41:53.000 -6258.386850811960 -966.972995070131 -2487.234236301290 -1.27425438152950 -5.36708057634895 5.30441828621051
2026-09-16T15:45:53.000 -6333.548224458130 -2204.394607666860 -1139.193533517430 0.65215401566874 -4.88186488773662 5.86077589811872
2026-09-16T15:49:53.000 -5948.965881888360 -3281.787082917230 291.758921592154 2.53348628499212 -4.04152187450426 5.99094126252146
2026-09-16T15:53:53.000 -5132.119408755130 -4120.709712752520 1701.442737672020 4.23220301509448 -2.90672670745019 5.68450538429975
2026-09-16T15:57:53.000 -3942.137680281620 -4660.027487727430 2987.066349690570 5.62381986079034 -1.56010672569540 4.96341649300189
2026-09-16T16:01:53.000 -2465.478775682160 -4860.455190472470 4054.850333812260 6.60653962122366 -0.09993968850497 3.88031384445762
2026-09-16T16:05:53.000 -809.532656181167 -4707.426856484500 4826.930745606910 7.10876442990074 1.36736548066206 2.51432031616932
2026-09-16T16:09:53.000 905.270786337733 -4212.101520135300 5247.025243168900 7.09403572280240 2.73515401307227 0.96503280509376
2026-09-16T16:13:53.000 2554.230937370010 -3410.488025887260 5284.485340502690 6.56338552685576 3.90423220928353 -0.65485240290756
2026-09-16T16:17:53.000 4017.385959162760 -2360.811036137240 4936.474367021900 5.55502101492750 4.78973291002806 -2.22761454163637
2026-09-16T16:21:53.000 5188.164552608680 -1139.334061365350 4228.195786922120 4.14169737893257 5.32710171974233 -3.63869227367687
2026-09-16T16:25:53.000 5981.134535667980 165.108555545920 3211.145689133460 2.42581721722925 5.47679946809115 -4.78486110984528
2026-09-16T16:29:53.000 6338.323815778210 1457.526204241210 1959.466585787550 0.53248906031268 5.22744968787161 -5.58183704943006
2026-09-16T16:33:53.000 6233.626052148690 2643.735767643080 564.578992508794 -1.39952419149634 4.59719716371876 -5.97089609202534
2026-09-16T16:37:53.000 5674.824783171850 3637.365513382200 -871.572995793227 -3.22839864512717 3.63258621153632 -5.92367145696735
2026-09-16T16:41:53.000 4703.006716950310 4366.285070586380 -2244.135525867570 -4.82024466665801 2.40496448135180 -5.44443232890340
2026-09-16T16:45:53.000 3389.388027636640 4777.908849853010 -3453.169502997120 -6.05948506653316 1.00474514493709 -4.56952255810250
2026-09-16T16:49:53.000 1829.854827175110 4842.925225026860 -4410.995972338060 -6.85731114082384 -0.46580370841457 -3.36401785418021
2026-09-16T16:53:53.000 137.777799669613 4557.220040346150 -5048.479881359560 -7.15760839937612 -1.90026310173569 -1.91633747180720
2026-09-16T16:57:53.000 -1564.282709126750 3941.945425322120 -5319.833279595530 -6.94020066245617 -3.19573828234408 -0.33140327347013
2026-09-16T17:01:53.000 -3153.318178799500 3041.828456439610 -5205.688096849970 -6.22146585742464 -4.25972974137706 1.27680173167170
2026-09-16T17:05:53.000 -4514.516853226080 1921.938532405800 -4714.355468595130 -5.05292922860322 -5.01615231574995 2.79288077253687
2026-09-16T17:09:53.000 -5549.331588868950 663.115666876647 -3881.242214534850 -3.51787694156589 -5.41042328427692 4.10770781398309
2026-09-16T17:13:53.000 -6182.504806510320 -643.683576637674 -2766.441940303840 -1.72605973267470 -5.41336523580471 5.12590021075138
2026-09-16T17:17:53.000 -6367.595726587250 -1903.809946970560 -1450.592549481160 0.19345805485638 -5.02366230272415 5.77270310747340
2026-09-16T17:21:53.000 -6090.583155010110 -3025.749537409490 -29.193973434675 2.10125462441093 -4.26871418287091 5.99992049640535
2026-09-16T17:25:53.000 -5371.103223890660 -3927.861588851530 1394.315672679930 3.85803775562815 -3.20290467778906 5.79005941063310
2026-09-16T17:29:53.000 -4261.153584002480 -4544.425411937710 2716.167866129940 5.33515584075114 -1.90370066836732 5.15791631367740
2026-09-16T17:33:53.000 -2841.330518344700 -4830.521164652340 3839.942635497220 6.42446792190317 -0.46587652056703 4.14954208456981
2026-09-16T17:37:53.000 -1214.882549479490 -4765.338426066870 4683.685965023550 7.04651415502434 1.00572081178322 2.83862995965150
2026-09-16T17:41:53.000 499.901899251150 -4353.650393861950 5185.893002583980 7.15613106792152 2.40406732647677 1.32081081635240
2026-09-16T17:45:53.000 2178.327737146630 -3625.397120169940 5309.938677772160 6.74535258280812 3.62770635160477 -0.29348185118641
2026-09-16T17:49:53.000 3698.308848762720 -2633.480236279690 5046.695110015490 5.84373829652119 4.58786682337746 -1.88690393075712
2026-09-16T17:53:53.000 4949.173347233050 -1449.956666437090 4415.197262983400 4.51630776213253 5.21463500198691 -3.34349088807259
2026-09-16T17:57:53.000 5839.692813076210 -160.880071350401 3461.326525701960 2.85914726776169 5.46202437856781 -4.55681681468349
2026-09-16T18:01:53.000 6304.794683647670 1139.910790590150 2254.585986490270 0.99290671286690 5.31159574904155 -5.43771526540759
2026-09-16T18:05:53.000 6310.474655933500 2357.647709615720 883.083008005736 -0.94580959234738 4.77415581445142 -5.92135223622952
2026-09-16T18:09:53.000 5856.403275354860 3403.638049805170 -552.956758476892 -2.81473112321248 3.88924874867745 -5.97225175935355
2026-09-16T18:13:53.000 4975.994353844900 4201.874067446560 -1948.645635662860 -4.47682127955029 2.72236357104151 -5.58734075890711
2026-09-16T18:17:53.000 3733.818908103440 4694.662693650460 -3202.287022284720 -5.81113423750557 1.35956453462750 -4.79601712100282
2026-09-16T18:21:53.000 2220.632905289760 4846.754412896550 -4222.880482997030 -6.72171878836809 -0.09941154828770 -3.65735437672558
2026-09-16T18:25:53.000 546.537533145420 4647.720748295580 -4936.681021804230 -7.14419649428083 -1.54875489834171 -2.25509132680954
2026-09-16T18:29:53.000 -1167.117316416190 4112.480661464910 -5292.356565624410 -7.04961350284513 -2.88428878691683 -0.69109486559162
2026-09-16T18:33:53.000 -2796.437918113330 3280.039981273700 -5264.471763461860 -6.44573760596865 -4.01059731924083 0.92198133377796
2026-09-16T18:37:53.000 -4223.716559889130 2210.623393219560 -4855.151288855540 -5.37602728868863 -4.84721870329140 2.46839052007053
2026-09-16T18:41:53.000 -5345.690210429090 981.432214460675 -4093.904729790600 -3.91674886651568 -5.33394834596141 3.83695016429584
2026-09-16T18:45:53.000 -6080.871890695940 -318.751073515376 -3035.620728447970 -2.17213243966711 -5.43508793059680 4.92858319580063
2026-09-16T18:49:53.000 -6375.486487090850 -1595.820956016370 -1756.799095325930 -0.26760335724444 -5.14232687779314 5.66339121295114
2026-09-16T18:53:53.000 -6207.562693336090 -2757.100961230100 -350.180358705631 1.65882395875515 -4.47589765442740 5.98685941685509
2026-09-16T18:57:53.000 -5588.767215463190 -3718.111140468820 1081.928747896830 3.46657079702882 -3.48354227409662 5.87435572046977
2026-09-16T19:01:53.000 -4563.745804395210 -4408.850281452970 2435.157278739020 5.02323410540696 -2.23742493539451 5.33350534833963
2026-09-16T19:05:53.000 -3206.882267679950 -4779.011252163300 3610.814248448000 6.21495614492520 -0.82840855493059 4.40365404878557
2026-09-16T19:09:53.000 -1616.811779619370 -4801.658408545750 4523.160033605090 6.95473323209425 0.64081647411010 3.15270047578980
2026-09-16T19:13:53.000 90.827479698703 -4475.164842048780 5105.681964737540 7.18872618914277 2.06334293633571 1.67194726706107
2026-09-16T19:17:53.000 1791.857060053300 -3823.281730655240 5315.911864511100 6.89998689945712 3.33588889496789 0.06919662806874
2026-09-16T19:21:53.000 3362.566316993810 -2893.367073799100 5138.450852793330 6.10927720911389 4.36615675857492 -1.53909991411891
2026-09-16T19:25:53.000 4688.621152073300 -1752.964700358080 4586.082699582620 4.87354575889320 5.07920911176622 -3.03592100809933
2026-09-16T19:29:53.000 5673.344859920950 -484.971213459784 3698.911494074700 3.28215422165424 5.42284938215211 -4.31198448998111
2026-09-16T19:33:53.000 6244.809445935430 818.333389719336 2541.545607815110 1.45081086233811 5.37159601450088 -5.27363019888276
2026-09-16T19:37:53.000 6361.232887305070 2062.006169104900 1198.464042085760 -0.48651980550790 4.92896450617712 -5.85005189775790
2026-09-16T19:41:53.000 6014.175372200850 3155.458227593720 -232.193551971479 -2.38773989222313 4.12750574118092 -5.99896646548603
2026-09-16T19:45:53.000 5229.199054703070 4019.180688658940 -1645.914269379190 -4.11340019551213 3.02643921455586 -5.70991904226386
2026-09-16T19:49:53.000 4063.922521229860 4590.643594486330 -2939.620247097490 -5.53760482065107 1.70707136682049 -5.00521319805469
2026-09-16T19:53:53.000 2603.565833254080 4828.831953596930 -4019.317936612580 -6.55761895486479 0.26618520038247 -3.93765314506422
2026-09-16T19:57:53.000 954.487451978786 4717.068672166910 -4806.914188461860 -7.10102137663963 -1.19149232367451 -2.58600392110082
2026-09-16T20:01:53.000 -763.684707200061 4263.988926593000 -5245.712623663120 -7.13016349443047 -2.56099197293490 -1.04868109595983
2026-09-16T20:05:53.000 -2426.675977251890 3502.721738676620 -5304.286201750280 -6.64408448305783 -3.74433273046404 0.56341168508126
2026-09-16T20:09:53.000 -3914.355643105060 2488.408457087790 -4978.559651097710 -5.67801359562297 -4.65706323039802 2.13454225770681
2026-09-16T20:13:53.000 -5119.157405492140 1294.283591893260 -4292.038709798180 -4.30086588307593 -5.23368106725707 3.55186441001018
2026-09-16T20:17:53.000 -5953.684212345030 6.563459289059 -3294.208400045900 -2.61090589655326 -5.43217255003280 4.71298244588261
2026-09-16T20:21:53.000 -6357.028618636230 -1281.610734737060 -2057.145740128960 -0.72940123299044 -5.23725982951323 5.53317358064108
2026-09-16T20:25:53.000 -6299.347518338260 -2476.820157281760 -670.490486483776 1.20754855742516 -4.66202656570218 5.95177834921587
2026-09-16T20:29:53.000 -5784.273405893650 -3492.174101950210 764.971137923919 3.05883793973941 -3.74752251048589 5.93724325839681
2026-09-16T20:33:53.000 -4848.837507985400 -4253.732817947420 2144.671092041170 4.68900918080884 -2.55997843859547 5.48985157756439
2026-09-16T20:37:53.000 -3560.863214376100 -4706.011485932830 3367.986297413020 5.97860988082943 -1.18598816919157 4.64203301909710
2026-09-16T20:41:53.000 -2013.965893701960 -4816.094790923860 4345.704760371020 6.83351429679012 0.27420951621660 3.45576096801193
2026-09-16T20:45:53.000 -320.623179905241 -4575.997044002680 5006.550083994050 7.19154498679793 1.71438935822861 2.01757626343552
2026-09-16T20:49:53.000 1396.038926630000 -4003.179086540360 5302.335503455050 7.02663851748995 3.02998530860486 0.43217366907057
2026-09-16T20:53:53.000 3011.172799403670 -3139.250847437950 5211.432553858610 6.35058889427771 4.12552906699153 -1.18516584910783
2026-09-16T20:57:53.000 4407.233928749370 -2046.955802957290 4740.323578875370 5.21206807491616 4.92140616550332 -2.71685025567900
2026-09-16T21:01:53.000 5482.468815343060 -805.673130190270 3923.174050605950 3.69328200136102 5.35943548607025 -4.05112998050653
2026-09-16T21:05:53.000 6158.360319104760 494.277397424395 2819.459986488700 1.90456858965625 5.40723527974122 -5.09014815746130
2026-09-16T21:09:53.000 6385.493287138490 1758.198837611630 1509.714193636740 -0.02338156570461 5.06100220546070 -5.75744048370776
2026-09-16T21:13:53.000 6147.315828516090 2893.994763952500 89.637596192692 -1.94911032692145 4.34614615423418 -6.00393040141095
2026-09-16T21:17:53.000 5461.430287185570 3819.027286521960 -1337.008154307340 -3.73134025175488 3.31555164156605 -5.81196786763119
2026-09-16T21:21:53.000 4378.222477153900 4466.244910061510 -2666.148470630970 -5.23990123653449 2.04535540225384 -5.19657919603749
2026-09-16T21:25:53.000 2976.984975248000 4789.072437295360 -3801.122634946560 -6.36559769264215 0.62892067444692 -4.20405988167099
2026-09-16T21:29:53.000 1359.878039356910 4764.679309973410 -4659.749472353920 -7.02816019885845 -0.83054018448743 -2.90790172396697
2026-09-16T21:33:53.000 -355.686203507561 4395.410283483690 -5180.158557468220 -7.18137659463615 -2.22771489614657 -1.40275513951696
2026-09-16T21:37:53.000 -2045.557592156340 3708.395399349650 -5325.036785927900 -6.81550691447676 -3.46254871599150 0.20261185234300
2026-09-16T21:41:53.000 -3587.655585886330 2753.473212642310 -5084.114361679720 -5.95736849073024 -4.44689584695083 1.79289660935946
2026-09-16T21:45:53.000 -4870.535813113960 1599.621863441870 -4474.808923047590 -4.66827249254036 -5.11028740177836 3.25394531030163
2026-09-16T21:49:53.000 -5801.234214728260 330.128090811735 -3541.032593785430 -3.04011003189162 -5.40464246694536 4.48038414241820
2026-09-16T21:53:53.000 -6311.950044969820 -963.240445670857 -2350.194722640260 -1.18953737741889 -5.30786474798988 5.38295913631604
2026-09-16T21:57:53.000 -6365.085260461260 -2186.757582781950 -988.516496848195 0.74986651175213 -4.82591663933407 5.89517256443922
2026-09-16T22:01:53.000 -5956.201403737370 -3251.527452213560 445.100755553661 2.63703243971612 -3.99293604000325 5.97860600832074
2026-09-16T22:05:53.000 -5114.563854381170 -4080.043043297030 1846.271803811760 4.33398427677145 -2.86913291212783 5.62634283200648
2026-09-16T22:09:53.000 -3901.108999989570 -4611.947565978810 3112.833863873000 5.71645834032690 -1.53630255034947 4.86370753484177
2026-09-16T22:13:53.000 -2403.994916510210 -4808.503854579850 4152.406174792380 6.68333217019366 -0.09167893429296 3.74637173853180
2026-09-16T22:17:53.000 -732.084599246649 -4655.427813124270 4889.192442635220 7.16421591359705 1.35951208604917 2.35594659812136
2026-09-16T22:21:53.000 993.058262311432 -4163.862613113330 5269.482561509850 7.12423072196188 2.71189490251374 0.79370390428550
2026-09-16T22:25:53.000 2645.991218336250 -3369.506876663360 5265.494464162250 6.56606904043375 3.86738989966706 -0.82683902069741
2026-09-16T22:29:53.000 4106.431662193080 -2330.040537802630 4877.375768063550 5.52982710691800 4.74200149405489 -2.38782169284670
2026-09-16T22:33:53.000 5267.964952577900 -1120.989636075180 4133.240482808760 4.09028861904010 5.27189924223228 -3.77545021579479
2026-09-16T22:37:53.000 6045.800214954200 169.694123134703 3087.212794665670 2.35187705106683 5.41803020769430 -4.88808332391954
2026-09-16T22:41:53.000 6383.068065697600 1448.002069356280 1815.579682875570 0.44144367821879 5.16935501492781 -5.64385824931928
2026-09-16T22:45:53.000 6255.132007256860 2620.775178284470 411.246726772754 -1.50091349356401 4.54401047331399 -5.98709523217163
2026-09-16T22:49:53.000 5671.509972804770 3602.628774528230 -1023.144755282300 -3.33256484385226 3.58825191632044 -5.89291323846964
2026-09-16T22:53:53.000 4675.125890503340 4322.305937621960 -2382.895354033790 -4.91954121406342 2.37275300696686 -5.36910078833361
2026-09-16T22:57:53.000 3338.990482674560 4727.899407461280 -3569.032799306730 -6.14668414161012 0.98701227754863 -4.45523738622006
2026-09-16T23:01:53.000 1760.622763550880 4790.538893038630 -4495.575717065630 -6.92612665628556 -0.46775830945164 -3.21921380174201
2026-09-16T23:05:53.000 54.741061831879 4506.280862043140 -5095.684324069190 -7.20314518922013 -1.88632910027359 -1.75157921818368
2026-09-16T23:09:53.000 -1655.114835169920 3896.164936193300 -5326.286294234720 -6.95924652379338 -3.16694848537873 -0.15862513187118
2026-09-16T23:13:53.000 -3245.391189593280 3004.538324113090 -5170.957492874790 -6.21270244861194 -4.21820201594442 1.44514407285252
2026-09-16T23:17:53.000 -4601.193535302210 1895.847314115610 -4640.976200118160 -5.01698908932345 -4.96492661669112 2.94466511781275
2026-09-16T23:21:53.000 -5624.356434828380 650.117317394587 -3774.534554971450 -3.45729777220220 -5.35319965382800 4.23196417942224
2026-09-16T23:25:53.000 -6240.454002391990 -642.637871148197 -2634.149291354450 -1.64521662214083 -5.35426923948276 5.21353330057862
2026-09-16T23:29:53.000 -6404.289439771980 -1888.793242282300 -1302.336680276720 0.28866814327029 -4.96705472007037 5.81728417016617
2026-09-16T23:33:53.000 -6103.383799457830 -2997.862758702920 124.236204894777 2.20393724725181 -4.21872323848239 5.99818484503741
2026-09-16T23:37:53.000 -5359.113391383140 -3889.141654048470 1541.744984382780 3.96066454057973 -3.16317890843220 5.74209135103516
2026-09-16T23:41:53.000 -4225.297299890930 -4497.709704656110 2846.856664249890 5.43020036409521 -1.87721986967782 5.06724704416212
2026-09-16T23:45:53.000 -2784.267082042230 -4779.250788563380 3944.386651845450 6.50509225324045 -0.45463308461089 4.02284968337560
2026-09-16T23:49:53.000 -1140.789090886630 -4713.286499899130 4754.303026985430 7.10694983378207 1.00096203327549 2.68515388061688
2026-09-16T23:53:53.000 585.628095761327 -4304.631385614700 5217.562963798040 7.19205809097246 2.38372013372008 1.15170531246763
2026-09-16T23:57:53.000 2269.461612388310 -3582.980140044910 5300.364568856600 6.75420925469033 3.59340347528652 -0.46600492584917
2026-09-17T00:01:53.000 3788.223393060590 -2600.716558432690 4996.545712756360 5.82474548589033 4.54222272258277 -2.05046649723266
2026-09-17T00:05:53.000 5031.282112708120 -1429.186079376500 4328.063648975610 4.47061700950890 5.16093343243288 -3.48623465029820
2026-09-17T00:09:53.000 5907.930450307560 -153.586370957981 3343.502219597010 2.78994289638970 5.40407957825500 -4.66824295552760
2026-09-17T00:13:53.000 6354.089018979110 1133.195524518070 2114.626467192440 0.90521347319795 5.25349190940093 -5.50959510577465
2026-09-17T00:17:53.000 6337.141308017560 2337.383227825980 731.190289483422 -1.04548973755020 4.72003505314873 -5.94828462083560
2026-09-17T00:21:53.000 5858.453165882120 3371.267314291160 -705.684488849462 -2.91891155868452 3.84311819493183 -5.95225382888933
2026-09-17T00:25:53.000 4953.270211664940 4159.738092743200 -2091.065179569930 -4.57781225113487 2.68762032685442 -5.52198290233280
2026-09-17T00:29:53.000 3687.984317822040 4645.820966182150 -3324.036014375720 -5.90155655636642 1.33876961134277 -4.69019124006592
2026-09-17T00:33:53.000 2155.030980291730 4794.759139172210 -4315.129220976480 -6.79502981717118 -0.10473378992603 -3.51885866781577
2026-09-17T00:37:53.000 465.935269238824 4596.354050617850 -4992.763463468830 -7.19513781688033 -1.53823080458299 -2.09404607982843
2026-09-17T00:41:53.000 -1256.880865983160 4065.473037155620 -5308.241497716920 -7.07455974638348 -2.85871341673213 -0.51919423036572
2026-09-17T00:45:53.000 -2888.873048664510 3240.800617288200 -5239.038621340920 -6.44292917160640 -3.97183244396884 1.09231079029011
2026-09-17T00:49:53.000 -4312.150562414190 2181.995657643630 -4790.262075934900 -5.34569317328608 -4.79809346000424 2.62487326816113
2026-09-17T00:53:53.000 -5423.738338517760 965.487225243957 -3994.264642649190 -3.86104830565333 -5.27802731795994 3.96830060925039
2026-09-17T00:57:53.000 -6142.885846416080 -320.861086452267 -2908.448340427700 -2.09501445906303 -5.37641323971473 5.02526068810514
2026-09-17T01:01:53.000 -6416.963455050640 -1583.939553431640 -1611.323682734860 -0.17462286618394 -5.08510916898772 5.71828798987345
2026-09-17T01:05:53.000 -6225.495094420610 -2732.080626875560 -196.986609267573 1.76083279509373 -4.42430909609067 5.99588237382060
2026-09-17T01:09:53.000 -5581.876602267610 -3681.777312366360 1231.682761016960 3.57016597591227 -3.44143378716281 5.83684725964013
2026-09-17T01:13:53.000 -4532.554697870080 -4363.861553878240 2570.565286087120 5.12090154242629 -2.20784280693694 5.25218781936754
2026-09-17T01:17:53.000 -3153.686079052110 -4728.652064567960 3722.010833076090 6.29953753713195 -0.81351909294969 4.28445209039027
2026-09-17T01:21:53.000 -1545.512661908890 -4749.613085744430 4602.053941128120 7.02010715029106 0.63989336022798 3.00436755505622
2026-09-17T01:25:53.000 175.031243681951 -4425.238492894370 5146.541239362240 7.23024231336982 2.04673150625638 1.50524326078185
2026-09-17T01:29:53.000 1882.841505666730 -3779.106853255380 5315.754770175810 6.91462973058760 3.30487811260023 -0.10382132723844
2026-09-17T01:33:53.000 3453.710174549170 -2858.135197453160 5097.266603519590 6.09593551008423 4.32311758875976 -1.70590240399137
2026-09-17T01:37:53.000 4773.264781864630 -1729.191335820100 4506.827359120130 4.83301256094298 5.02734451885025 -3.18444522289466
2026-09-17T01:41:53.000 5745.253250704230 -474.338755327467 3587.304976805020 3.21718930031029 5.36584859340725 -4.43138377994209
2026-09-17T01:45:53.000 6298.648345890550 815.069451426624 2405.683820485690 1.36611371800392 5.31348383650231 -5.35510783475211
2026-09-17T01:49:53.000 6392.983300160500 2045.073684415760 1048.232555724390 -0.58475520152950 4.87384641063970 -5.88756654554913
2026-09-17T01:53:53.000 6021.450842669430 3126.055284106050 -385.832136388775 -2.49217348493945 4.07934337641716 -5.98966625686109
2026-09-17T01:57:53.000 5211.445659504780 3979.416891029640 -1791.742039854560 -4.21625596189069 2.98880038391021 -5.65454693609052
2026-09-17T02:01:53.000 4022.430336577010 4543.395748809840 -3067.010784324550 -5.63135673846953 1.68272873394213 -4.90789742911252
2026-09-17T02:05:53.000 2541.356975530800 4777.527843436680 -4119.010212949270 -6.63546190264474 0.25693171102221 -3.80557193923869
2026-09-17T02:09:53.000 876.078840811364 4665.430587754160 -4871.678935395610 -7.15736256355620 -1.18501129328202 -2.42879915361686
2026-09-17T02:13:53.000 -852.613655072046 4215.753916080260 -5270.861185997630 -7.16096410435024 -2.53929787466300 -0.87775431662410
2026-09-17T02:17:53.000 -2519.688947420520 3461.365235585150 -5287.995288084320 -6.64710251281896 -3.70906073133667 0.73572601503541
2026-09-17T02:21:53.000 -4004.711347654020 2456.899853867870 -4921.994172348540 -5.65297978786924 -4.61076564582794 2.29581350921980
2026-09-17T02:25:53.000 -5200.295413201000 1274.881614444140 -4199.271845570620 -4.24954043909499 -5.17970028010703 3.69043993834159
2026-09-17T02:29:53.000 -6019.693890748610 0.654439064482 -3171.930798902280 -2.53690625887257 -5.37438530054193 4.81882655813784
2026-09-17T02:33:53.000 -6403.069888459740 -1273.603580482730 -1914.197539167400 -0.63800681472321 -5.17977189232807 5.59851002682038
2026-09-17T02:37:53.000 -6322.021204638180 -2455.464946321070 -517.244523668511 1.30968402902682 -4.60895216600330 5.97170481100714
2026-09-17T02:41:53.000 -5781.895262047750 -3459.001040218870 917.357954750254 3.16416882916480 -3.70272446863897 5.91019060833497
2026-09-17T02:45:53.000 -4821.576038081980 -4211.142912436480 2285.089898437690 4.78976763033795 -2.52679919852261 5.41778898352268
2026-09-17T02:49:53.000 -3510.706701893040 -4657.109719418950 3486.204598723850 6.06747914822928 -1.16689040205548 4.53021729134816
2026-09-17T02:53:53.000 -1944.569891806060 -4764.448880674350 4433.106395240590 6.90398825925284 0.27784027584786 3.31235060972331
2026-09-17T02:57:53.000 -237.052431560975 -4525.373955083880 5056.773414355310 7.23847658815137 1.70228414079218 1.85307194271804
2026-09-17T03:01:53.000 1487.693809067770 -3957.271891798420 5311.736052621880 7.04667374594574 3.00303752285669 0.25855675669290
2026-09-17T03:05:53.000 3104.244254292450 -3101.402578482370 5179.327842871180 6.34228089807193 4.08573732901665 -1.35531791186134
2026-09-17T03:09:53.000 4494.945769575930 -2019.912015355990 4669.044930616110 5.17597296388333 4.87172020324989 -2.87115170119203
2026-09-17T03:13:53.000 5558.419369812860 -791.382647674508 3817.909206671690 3.63195904046518 5.30349350983351 -4.17830821665332
2026-09-17T03:17:53.000 6216.989510188900 494.796039653558 2687.880443709760 1.82241882708345 5.34910419396231 -5.18090866680087
2026-09-17T03:21:53.000 6422.494862664120 1744.922897482140 1361.421145099510 -0.12034939805993 5.00488432231124 -5.80509997031536
2026-09-17T03:25:53.000 6159.970101939640 2867.903201213090 -64.537841349761 -2.05378428261275 4.29611601722258 -6.00498271326869
2026-09-17T03:29:53.000 5448.808988570700 3782.030437682410 -1485.799698040210 -3.83598702698770 3.27526553496846 -5.76633399869711
2026-09-17T03:33:53.000 4341.264525862890 4421.055471221130 -2798.696935941850 -5.33681939040607 2.01779507032124 -5.10770913774115
2026-09-17T03:37:53.000 2918.403293226160 4739.008405695470 -3907.786208998530 -6.44779319312524 0.61610243812341 -4.07855695231398
2026-09-17T03:41:53.000 1283.936114983260 4713.406338944510 -4732.793341434170 -7.08976937022810 -0.82775229072965 -2.75495150636337
2026-09-17T03:45:53.000 -443.488524351537 4346.658488145340 -5214.294320084970 -7.21800925295075 -2.20964407869208 -1.23343237170822
2026-09-17T03:49:53.000 -2138.869259887710 3665.682396518840 -5317.782324862400 -6.82449752237848 -3.43061816310476 0.37612784454594
2026-09-17T03:53:53.000 -3679.711852955400 2719.857091527810 -5035.962550895600 -5.93795447504322 -4.40348261202594 1.95813052962994
2026-09-17T03:57:53.000 -4954.630160540660 1577.497800913000 -4389.199629486590 -4.62172271869874 -5.05850411538099 3.39895622051582
2026-09-17T04:01:53.000 -5871.210860110250 321.071434047701 -3424.119779374250 -2.96971069630336 -5.34818415675133 4.59464761616278
2026-09-17T04:05:53.000 -6362.652576631780 -958.586470490094 -2210.407781406080 -1.10027851887641 -5.25074824268051 5.45813396536153
2026-09-17T04:09:53.000 -6392.731671418470 -2168.722554275450 -835.970549025182 0.85157085489327 -4.77218836934788 5.92564245923218
2026-09-17T04:13:53.000 -5958.684195699690 -3221.391009470720 599.320327795499 2.74371976384836 -3.94642786406674 5.96197082496061
2026-09-17T04:17:53.000 -5091.636638348690 -4039.955478696420 1990.921700426490 4.43772260051580 -2.83322809019480 5.56370922005596
2026-09-17T04:21:53.000 -3854.415967506070 -4564.793650574950 3237.354988434650 5.80954437879188 -1.51370362537218 4.75963750820774
2026-09-17T04:25:53.000 -2336.930814633130 -4757.706737164620 4247.714480302210 6.75896736985005 -0.08410904229925 3.60849905001402
2026-09-17T04:29:53.000 -649.527616626304 -4604.684016977480 4948.342776567500 7.21689531656623 1.35150586511439 2.19434532589193
2026-09-17T04:33:53.000 1085.096406397730 -4116.861850593770 5288.166837922010 7.15006999866788 2.68889000709423 0.62015879662612
2026-09-17T04:37:53.000 2740.803625761820 -3329.674912401310 5242.361611488990 6.56322055665254 3.83102060426186 -0.99963829343296
2026-09-17T04:41:53.000 4197.121722995200 -2300.283143666130 4814.123073444760 5.49852793587124 4.69493099534358 -2.54731067288223
2026-09-17T04:45:53.000 5347.936302480180 -1103.476091427180 4034.488514739940 4.03281464315998 5.21756313087048 -3.90997338319178
2026-09-17T04:49:53.000 6109.239925020300 173.688256909298 2960.180029726220 2.27243906774933 5.36039877934113 -4.98777817497079
2026-09-17T04:53:53.000 6425.381022263850 1438.191685324200 1669.560253775910 0.34592047464326 5.11266205621591 -5.70141701234231
2026-09-17T04:57:53.000 6273.286426948300 2597.894045207100 256.919279521711 -1.60547373657795 4.49246076890583 -5.99835928709161
2026-09-17T05:01:53.000 5664.247340191010 3568.380573391690 -1174.509027610790 -3.43850547464210 3.54566871883708 -5.85711864369642
2026-09-17T05:05:53.000 4643.051898979170 4279.240917150980 -2520.261349916940 -5.01909763179361 2.34232718696890 -5.28898792902153
2026-09-17T05:09:53.000 3284.514882662420 4679.229220103330 -3682.427252155750 -6.23269658782332 0.97101285377798 -4.33683624206879
2026-09-17T05:13:53.000 1687.749794620690 4739.882844372690 -4576.808951625710 -6.99252206864962 -0.46822096957063 -3.07125142025371
2026-09-17T05:17:53.000 -31.233197638440 4457.381699682280 -5138.919190009300 -7.24529051315424 -1.87134327003874 -1.58480564520879
2026-09-17T05:21:53.000 -1747.979412766610 3852.599869012250 -5328.427858780800 -6.97417157834966 -3.13778268012824 0.01498852478375
2026-09-17T05:25:53.000 -3338.436711540140 2969.459133267720 -5131.854307420350 -6.19925538560852 -4.17709560132250 1.61316875171261
2026-09-17T05:29:53.000 -4687.668106019530 1871.771250247360 -4563.434651282890 -4.97598050286015 -4.91489434446925 3.09501644389715
2026-09-17T05:33:53.000 -5697.944569205380 638.766411076454 -3664.137951461170 -3.39155386140102 -5.29782552183250 4.35373254100873
2026-09-17T05:37:53.000 -6295.746402319090 -640.452862975945 -2498.870748389230 -1.55940791525169 -5.29752410586555 5.29784269942639
2026-09-17T05:41:53.000 -6437.181518143420 -1873.231653497810 -1151.968526384760 0.38840601136699 -4.91299256254763 5.85793783606055
2026-09-17T05:45:53.000 -6111.378342594740 -2970.034519388680 278.778629248529 2.31040668348593 -4.17117324606368 5.99207140957496
2026-09-17T05:49:53.000 -5341.527874341250 -3851.029942108670 1689.201954684980 4.06604148517091 -3.12555400589779 5.68949848874121
2026-09-17T05:53:53.000 -4183.334704400050 -4452.040735780640 2976.455182514380 5.52670437829675 -1.85224800784748 4.97191885295750
2026-09-17T05:57:53.000 -2720.936152288290 -4729.299403795550 4046.641010999850 6.58554518954901 -0.44414791113289 3.89170972233726
2026-09-17T06:01:53.000 -1060.683161883770 -4662.651489899970 4821.726164833620 7.16543777333513 0.99613638605002 2.52781504837307
2026-09-17T06:05:53.000 676.691016559073 -4256.965335271340 5245.212080076070 7.22430837027670 2.36396187950075 0.97961115061224
2026-09-17T06:09:53.000 2364.849405698240 -3541.716114948310 5286.185817948290 6.75776034837110 3.56011919222601 -0.64033650666100
2026-09-17T06:13:53.000 3880.969244190970 -2568.841011735560 4941.543033761810 5.79932218005967 4.49774173210666 -2.21423865640856
2026-09-17T06:17:53.000 5114.617480428310 -1409.012382586020 4236.234755183490 4.41809500894105 5.10849251535957 -3.62746469315914
2026-09-17T06:21:53.000 5975.775823283740 -146.580224384780 3221.541791858280 2.71418776717381 5.34746394053520 -4.77655860325082
2026-09-17T06:25:53.000 6401.511167307650 1126.525480403670 1971.444102341940 0.81183610623369 5.19683872265216 -5.57704197022431
2026-09-17T06:29:53.000 6360.720003006250 2317.530388510200 577.250032303181 -1.14957488370231 4.66751574836343 -5.96994437077092
2026-09-17T06:33:53.000 5856.530759203200 3339.699590153920 -859.140892914508 -3.02601292913191 3.79862621331066 -5.92659947426520
2026-09-17T06:37:53.000 4926.071868125510 4118.798668730360 -2232.852408774970 -4.68005363479282 2.65450922400054 -5.45101403921471
2026-09-17T06:41:53.000 3637.581438746060 4598.560974189380 -3443.856644205870 -5.99152109571770 1.31954497935182 -4.57925705133041
2026-09-17T06:45:53.000 2085.159839490520 4744.707924052730 -4404.329451522730 -6.86635501926988 -0.10863476399046 -3.37620231961703
2026-09-17T06:49:53.000 381.692176761724 4547.234319857350 -5044.942904399050 -7.24288229061617 -1.52664089337691 -1.93006964616969
2026-09-17T06:53:53.000 -1349.403680992340 4020.903103411490 -5319.680174533880 -7.09540941883798 -2.83265010934596 -0.34570641881651
2026-09-17T06:57:53.000 -2983.003843606740 3204.025584772730 -5208.936711307140 -6.43538122648386 -3.93335796137609 1.26292256838212
2026-09-17T07:01:53.000 -4401.080587749930 2155.663434017000 -4720.785520426100 -5.31012941644085 -4.75007649165707 2.78040470938392
2026-09-17T07:05:53.000 -5500.988310650660 951.483425049615 -3890.410026521100 -3.79984021134008 -5.22392205075237 4.09750391143219
2026-09-17T07:09:53.000 -6202.781693020410 -321.529912892402 -2777.712454231490 -2.01247502339967 -5.32005625505175 5.11868207207924
2026-09-17T07:13:53.000 -6455.074236495170 -1571.217384031210 -1463.180816182060 -0.07672726070197 -5.03055591710324 5.76902719791230
2026-09-17T07:17:53.000 -6238.966497269590 -2706.880597545320 -42.197107540185 1.86702499681454 -4.37550467027093 6.00017238628067
2026-09-17T07:21:53.000 -5569.636131154920 -3645.908450651430 1381.846647510180 3.67691021262329 -3.40187204908275 5.79422450132713
2026-09-17T07:25:53.000 -4495.419702446010 -4319.904449268300 2705.138708140540 5.22033026632114 -2.18041839596981 5.16567855698916
2026-09-17T07:29:53.000 -3094.304880350500 -4679.778330150520 3831.154376789050 6.38435204827936 -0.80021522361719 4.16033762413081
2026-09-17T07:33:53.000 -1468.169068548380 -4699.345513526420 4677.774385016460 7.08404139858163 0.63813207138416 2.85165854728526
2026-09-17T07:37:53.000 264.720430965465 -4377.202536029650 5183.282601460470 7.26855701153380 2.03000854403650 1.33512383049889
2026-09-17T07:41:53.000 1978.351347531670 -3736.767867215200 5310.811710147860 6.92451388688233 3.27441885652587 -0.27895598726062
2026-09-17T07:45:53.000 3548.077258801460 -2824.545644994600 5050.965171806500 6.07657145690299 4.28109072229565 -1.87330286920179
2026-09-17T07:49:53.000 4859.593567781790 -1706.790162689940 4422.519661462380 4.78581388890863 4.97669437340341 -3.33180549350862
2026-09-17T07:53:53.000 5817.248120287910 -464.765582574692 3471.140783011210 3.14568349236174 5.31026077212657 -4.54785844880008
2026-09-17T07:57:53.000 6351.077419190350 811.115594871326 2266.154610389520 1.27558883630358 5.25704296510586 -5.43213792567836
2026-09-17T08:01:53.000 6422.065405658060 2027.891271096280 895.546921036281 -0.68757463624297 4.82073667101318 -5.91950229968732
2026-09-17T08:05:53.000 6025.139269578820 3096.926847767670 -540.508924114628 -2.59965223905094 4.03353172230339 -5.97423985715369
2026-09-17T08:09:53.000 5189.572467205240 3940.522759753560 -1937.125888103300 -4.32048151208534 2.95374932895635 -5.59303796011413
2026-09-17T08:13:53.000 3976.695723839000 4497.656661738670 -3192.539499003710 -5.72478340150629 1.66109821967011 -4.80499248107598
2026-09-17T08:17:53.000 2475.172380064170 4728.376429547420 -4215.614897349630 -6.71143920180763 0.25029368993852 -3.66894214853993
2026-09-17T08:21:53.000 794.302499556907 4616.541323900260 -4932.432566420960 -7.21057030508808 -1.17621575012718 -2.26850954701792
2026-09-17T08:25:53.000 -944.049238990621 4170.760236965490 -5291.457262091860 -7.18778935726843 -2.51585905920271 -0.70541216839730
2026-09-17T08:29:53.000 -2614.193630146620 3423.575690970420 -5267.012801225500 -6.64569974727043 -3.67286003970937 0.90779658626755
2026-09-17T08:33:53.000 -4095.477103496380 2429.060646492210 -4860.980365361340 -5.62338831820175 -4.56456759303045 2.45534018315733
2026-09-17T08:37:53.000 -5280.750898565670 1258.996163304340 -4102.633726506210 -4.19369430831665 -5.12688578341483 3.82598223429497
2026-09-17T08:41:53.000 -6083.962849659900 -2.134954937198 -3046.650442944110 -2.45867102699606 -5.31871674034014 4.92049613077253
2026-09-17T08:45:53.000 -6446.423652935130 -1263.088116277450 -1769.359068724700 -0.54300516076134 -5.12523339867247 5.65881222169489
2026-09-17T08:49:53.000 -6341.245758498880 -2432.390209060430 -363.379091515773 1.41452164199203 -4.55946796411299 5.98615776668329
2026-09-17T08:53:53.000 -5775.542004955470 -3425.023096822610 1069.045684930820 3.27117378828024 -3.66190793837869 5.87769490009747
2026-09-17T08:57:53.000 -4790.063473116890 -4168.714713324560 2423.544072133140 4.89113880654925 -2.49762114133194 5.34067198880240
2026-09-17T09:01:53.000 -3456.291580089500 -4609.295106181030 3601.324162801150 6.15578949631826 -1.15145652368904 4.41406377399712
2026-09-17T09:05:53.000 -1871.185521607070 -4714.706250758130 4516.483176373400 6.97279400368592 0.27836957676034 3.16559431951428
2026-09-17T09:09:53.000 -150.012757711380 -4477.307134892510 5102.303069158470 7.28275870558999 1.68787979795939 1.68635699699973
2026-09-17T09:13:53.000 1582.067861193050 -3914.358236440880 5316.064505516250 7.06312610263692 2.97476547983785 0.08403719931655
2026-09-17T09:17:53.000 3199.080188472950 -3066.740510803800 5142.111273134780 6.32964632019269 4.04566529986413 -1.52488831792590
2026-09-17T09:21:53.000 4583.323162590900 -1996.002772377430 4592.971649566600 5.13510866589418 4.82271602544760 -3.02339508841517
2026-09-17T09:25:53.000 5633.881084200320 -779.964242190431 3708.511153958020 3.56586105523817 5.24902976148827 -4.30205852625229
2026-09-17T09:29:53.000 6274.034184106240 492.877476376166 2553.137862443510 1.73600236710812 5.29310950834849 -5.26705468137378
2026-09-17T09:33:53.000 6456.993003286290 1729.795078429960 1211.181690469240 -0.22064397487026 4.95148810365631 -5.84730016793370
2026-09-17T09:37:53.000 6169.471500646120 2840.676045266040 -219.291750334788 -2.16050072747762 4.24932415187246 -6.00018844156568
2026-09-17T09:41:53.000 5432.712556954220 3744.724725120150 -1633.776695327990 -3.94127493616182 3.23860037371244 -5.71502581155888
2026-09-17T09:45:53.000 4300.841839022760 4376.451592037350 -2929.136586476200 -5.43302294181568 1.99402893731814 -5.01379827356027
2026-09-17T09:49:53.000 2856.680644598450 4690.437678888020 -4011.249448897540 -6.52803704873257 0.60701347452049 -3.94906615201494
2026-09-17T09:53:53.000 1205.446724285080 4664.488304300830 -4801.840143230580 -7.14843098282335 -0.82155738939209 -2.59939169339700
2026-09-17T09:57:53.000 -533.040058591851 4301.015862192290 -5243.994841046350 -7.25099839463690 -2.18873185563166 -1.06310202894946
2026-09-17T10:01:53.000 -2233.013320648500 3626.667206943500 -5306.052815332370 -6.82955767660538 -3.39666503834681 0.54897876995664
2026-09-17T10:05:53.000 -3771.661954530540 2690.304405767060 -4983.683195733840 -5.91470600223857 -4.35907933662683 2.12117054681324
2026-09-17T10:09:53.000 -5037.738179977530 1559.532771391470 -4300.146438549170 -4.57170007511253 -5.00693560492245 3.54052220114711
2026-09-17T10:13:53.000 -5939.420667440180 315.976106416633 -3304.708828914040 -2.89629865389691 -5.29313890447224 4.70450823856489
2026-09-17T10:17:53.000 -6410.940452067260 -950.440242270226 -2069.275064934760 -1.00868882170583 -5.19610380401774 5.52815132506833
2026-09-17T10:21:53.000 -6417.518288716380 -2147.903829622040 -683.371264881460 0.95461309741233 -4.72187254882604 5.95057968365650
2026-09-17T10:25:53.000 -5958.119073405930 -3189.388006433700 752.274163784377 2.85064588488366 -3.90411149300038 5.93996760269291
2026-09-17T10:29:53.000 -5065.725825654350 -3999.070884111590 2133.086080244020 4.54071042632580 -2.80198512558405 5.49634678619498
2026-09-17T10:33:53.000 -3805.019810681900 -4517.978175749230 3358.368117047390 5.90106934250961 -1.49582620288575 4.65181277702233
2026-09-17T10:37:53.000 -2267.624563634520 -4708.346687407410 4338.748724903350 6.83232937179343 -0.08092693761149 3.46802414792811
2026-09-17T10:41:53.000 -565.346645668823 -4556.364963023050 5002.753768015870 7.26673990127316 1.33969977569123 2.03149681038667
2026-09-17T10:45:53.000 1178.041602300560 -4073.098924888780 5301.982116718970 7.17281544517303 2.66296949416457 0.44676438594217
2026-09-17T10:49:53.000 2835.763057547470 -3293.643452320250 5214.552158578970 6.55713978496230 3.79290756860972 -1.17098989277253
2026-09-17T10:53:53.000 4287.177355630240 -2274.592564906470 4746.696974838320 5.46399213043679 4.64739300834270 -2.70406633298998
2026-09-17T10:57:53.000 5426.519419454580 -1089.987356130930 3932.356152291700 3.97233253881553 5.16403409367844 -4.04065713575800
2026-09-17T11:01:53.000 6170.619101588290 173.996144084284 2830.792030746880 2.19043341413970 5.30475245006771 -5.08282849514833
2026-09-17T11:05:53.000 6465.085179819070 1425.293603656070 1522.365812054250 0.24842813510378 5.05893466169528 -5.75383255170360
2026-09-17T11:09:53.000 6288.449846828480 2572.730786713020 102.679398272882 -1.71121434719855 4.44461449225352 -6.00430033557771
2026-09-17T11:13:53.000 5653.824006838200 3532.802474403740 -1324.526899625440 -3.54466788307989 3.50727304439778 -5.81623164777792
2026-09-17T11:17:53.000 4607.878122506480 4235.880587041550 -2655.127633668790 -5.11793851287996 2.31627776656517 -5.20441157202214
2026-09-17T11:21:53.000 3227.217580840600 4631.301306628170 -3792.353914996670 -6.31711175376169 0.95923244430797 -4.21487648914000
2026-09-17T11:25:53.000 1612.534785711380 4690.933837255470 -4653.854482301010 -7.05654492312078 -0.46491307597462 -2.92087944679925
2026-09-17T11:29:53.000 -118.902477813938 4411.011798758950 -5177.540435349640 -7.28444185985447 -1.85331360224660 -1.41691224231387
2026-09-17T11:33:53.000 -1841.763955384950 3812.189024283410 -5325.852451062280 -6.98566904564905 -3.10647734810592 0.18832852858566
2026-09-17T11:37:53.000 -3431.556235525100 2937.925301101540 -5088.271137423190 -6.18224060767491 -4.13489152177491 1.77950630462934
2026-09-17T11:41:53.000 -4773.374736783330 1851.369301642130 -4481.971367153060 -4.93156553929286 -4.86489781992157 3.24244482578402
2026-09-17T11:45:53.000 -5769.987738332690 630.943377345994 -3550.643698647030 -3.32276841025512 -5.24362630442371 4.47160211654497
2026-09-17T11:49:53.000 -6348.820496808060 -635.145641975783 -2361.522789949730 -1.47105913472338 -5.24294540683115 5.37751157929669
2026-09-17T11:53:53.000 -6467.330704084570 -1855.162692928640 -1000.716034970940 0.48990966584996 -4.86185565732038 5.89339077872558
2026-09-17T11:57:53.000 -6116.340529139560 -2940.482231135290 432.925279268437 2.41748831443073 -4.12721158532497 5.98058839322083
2026-09-17T12:01:53.000 -5320.910242143430 -3812.118623476010 1835.009951087410 4.17081254408787 -3.09200395282642 5.63191844069796
2026-09-17T12:05:53.000 -4138.625755447020 -4406.582612899610 3103.299327160610 5.62144883454801 -1.83158994509907 4.87244090042141
2026-09-17T12:09:53.000 -2655.393526020390 -4680.599127917470 4145.284103597340 6.66335088176132 -0.43796200599017 3.75761285798858
2026-09-17T12:13:53.000 -979.081715315718 -4614.266306873510 4884.990845681700 7.22064256007469 0.98733705533815 2.36890269781986
2026-09-17T12:17:53.000 768.412289682741 -4212.437352743100 5268.510246528690 7.25293013191063 2.34081516981359 0.80751098789247
2026-09-17T12:21:53.000 2460.029431013080 -3504.305277839920 5267.847222591430 6.75779785919884 3.52433103120720 -0.81310164991259
2026-09-17T12:25:53.000 3972.704416686360 -2541.277679700580 4882.915371716820 5.77073368324014 4.45196682727292 -2.37516525244588
2026-09-17T12:29:53.000 5196.238555401580 -1393.309572755380 4141.598415952060 4.36292238822052 5.05603212632078 -3.76476095085025
2026-09-17T12:33:53.000 6041.352846854610 -143.889087203823 3097.817834681080 2.63648087552955 5.29216069765593 -4.88016937146483
2026-09-17T12:37:53.000 6446.290547470020 1116.007862963620 1827.684381369690 0.71730365246515 5.14275152183512 -5.63936326627038
2026-09-17T12:41:53.000 6381.482445801500 2294.581600310990 423.977917395043 -1.25393852255631 4.61865734608955 -5.98641274782167
2026-09-17T12:45:53.000 5851.832575979220 3306.022384978420 -1010.716897155920 -3.13251582482440 3.75864005275774 -5.89610316273981
2026-09-17T12:49:53.000 4896.336780322300 4076.896657956630 -2371.676642092640 -4.78092300427438 2.62638429718183 -5.37592803622904
2026-09-17T12:53:53.000 3585.047291639680 4551.548943335170 -3559.844385380200 -6.07950653807740 1.30534237592293 -4.46522831317408
2026-09-17T12:57:53.000 2013.692539960900 4696.066342156240 -4489.093408652230 -6.93520796572665 -0.10794272242950 -3.23163096969453
2026-09-17T13:01:53.000 296.497174391587 4500.543341361990 -5092.380363911550 -7.28775739500373 -1.51119409815029 -1.76547643800799
2026-09-17T13:05:53.000 -1442.160657932550 3979.575719093630 -5326.388791174700 -7.11317757400455 -2.80369759846335 -0.17293260880841
2026-09-17T13:09:53.000 -3076.621706673800 3171.053327681980 -5174.434094949820 -6.42472578865141 -3.89311993721612 1.43150928894340
2026-09-17T13:13:53.000 -4488.776127679040 2133.414237928230 -4647.545846842490 -5.27171586845081 -4.70150390209717 2.93267435141993
2026-09-17T13:17:53.000 -5576.379275200070 941.541943350685 -3783.697633196390 -3.73630605013862 -5.17055001239941 4.22247986722475
2026-09-17T13:21:53.000 -6260.337127080570 -318.465497750550 -2645.215425679370 -1.92826474062119 -5.26569239368878 5.20725535358065
2026-09-17T13:25:53.000 -6490.526424598290 -1555.371615670520 -1314.478252027320 0.02214041221916 -4.97903310003946 5.81464767831484
2026-09-17T13:29:53.000 -6249.647374483960 -2679.374889458540 111.915784198408 1.97329375201951 -4.33044455360972 5.99933405400014
2026-09-17T13:33:53.000 -5554.713245819880 -3608.698150270080 1530.146079968260 3.78268354265195 -3.36655994323566 5.74690813627330
2026-09-17T13:37:53.000 -4455.955884083780 -4275.659110756080 2836.815618065030 5.31779947213412 -2.15747367706776 5.07532153166310
2026-09-17T13:41:53.000 -3033.172385153020 -4631.695983701280 3936.612169286950 6.46634747190017 -0.79139562552299 4.03354747529442
2026-09-17T13:45:53.000 -1389.826774688340 -4650.921998791430 4749.334758600090 7.14458243637073 0.63212230261629 2.69770641276878
2026-09-17T13:49:53.000 354.563894018042 -4331.973500348040 5215.747185551270 7.30328339190790 2.00956288498063 1.16527148881211
2026-09-17T13:53:53.000 2073.162167423040 -3698.036948131560 5301.834320030450 6.93093162575004 3.24104816166746 -0.45234290786358
2026-09-17T13:57:53.000 3640.967049330010 -2795.138296918360 5001.216511827600 6.05425223419112 4.23725153017301 -2.03760751310240
2026-09-17T14:01:53.000 4943.816332417410 -1688.840780541250 4335.628877191830 4.73632751975098 4.92563220145597 -3.47513012471803
2026-09-17T14:05:53.000 5886.667425370820 -459.575578890323 3353.437006015560 3.07256620381539 5.25563261100667 -4.65972416760985
2026-09-17T14:09:53.000 6400.634716578680 803.160343488063 2126.227674575380 1.18421322971782 5.20279558097806 -5.50431999676455
2026-09-17T14:13:53.000 6448.166829112710 2007.361782490080 743.621849218329 -0.79044997739555 4.77084955778841 -5.94669253546853
2026-09-17T14:17:53.000 6025.924703686450 3065.322331309270 -693.332141943859 -2.70644328086288 3.99170098600062 -5.95450403337601
2026-09-17T14:21:53.000 5165.039641365360 3900.161659784060 -2079.701996944970 -4.42338630279556 2.92305643643512 -5.52792026565530
2026-09-17T14:25:53.000 3928.688125542830 4451.502035190680 -3314.496417020400 -5.81631461923463 1.64381627231807 -4.69935992421285
2026-09-17T14:29:53.000 2407.226944373940 4679.823111702700 -4308.114129549250 -6.78507665028716 0.24770032383743 -3.53060016130648
2026-09-17T14:33:53.000 711.364072304708 4569.148887121560 -4988.790099347660 -7.26113287165398 -1.16402758522509 -2.10749387455781
2026-09-17T14:37:53.000 -1035.976331109720 4127.976942544890 -5307.598812021570 -7.21168173122111 -2.48989131529039 -0.53331903459224
2026-09-17T14:41:53.000 -2708.461705985170 3388.488337617920 -5241.756934345480 -6.64118882792819 -3.63510144000007 1.07860888090094
2026-09-17T14:45:53.000 -4185.254475836850 2404.177229932890 -4796.112800356360 -5.59067266629507 -4.51781007012051 2.61263535927430
2026-09-17T14:49:53.000 -5359.491612236250 1246.086085856970 -4002.787665202080 -4.13497402984077 -5.07445772788377 3.95839850357400
2026-09-17T14:53:53.000 -6145.886164246580 -2.151851736112 -2918.999028897800 -2.37808055113070 -5.26434727687921 5.01836158810110
2026-09-17T14:57:53.000 -6486.943291421480 -1250.211760750680 -1623.118808253960 -0.44631487414495 -5.07280366949290 5.71488321399234
2026-09-17T15:01:53.000 -6357.320245568250 -2407.542895191160 -209.151593746801 1.52030097832836 -4.51273855282350 5.99621609088991
2026-09-17T15:05:53.000 -5765.908169826680 -3389.982774027160 1220.041157651280 3.37830006000634 -3.62420481806775 5.84084067065348
2026-09-17T15:09:53.000 -4755.358535899750 -4125.989786634560 2560.288853592130 4.99162754035096 -2.47169171429298 5.25949588092763
2026-09-17T15:13:53.000 -3399.019467681200 -4561.966939770420 3713.832863386770 6.24220051534075 -1.13926911130732 4.29452046754035
2026-09-17T15:17:53.000 -1795.510572480470 -4666.201355211040 4596.548570650030 7.03879078693229 0.27592692971194 3.01643221526967
2026-09-17T15:21:53.000 -61.451034115015 -4431.142597029640 5144.088032828750 7.32349758375268 1.67092690175491 1.51847785831862
2026-09-17T15:25:53.000 1677.063340166870 -3873.892640058770 5316.531472281830 7.07568116495035 2.94451914307206 -0.09029741111709
2026-09-17T15:29:53.000 3293.596097388890 -3034.916307235140 5101.230815140830 6.31311442369022 4.00434226265634 -1.69301173257517
2026-09-17T15:33:53.000 4670.478799148690 -1975.130285715190 4513.722499785770 5.09068225014003 4.77333873485587 -3.17305548544933
2026-09-17T15:37:53.000 5707.326694875590 -771.548227069991 3596.667422666090 3.49672012926605 5.19524025229234 -4.42235214681391
2026-09-17T15:41:53.000 6328.402457358190 488.242299606541 2416.855401101560 1.64714161957211 5.23879587093266 -5.34916066708768
2026-09-17T15:45:53.000 6488.307679930090 1712.455085312210 1060.411277804820 -0.32270930931281 4.90056999104319 -5.88518042884298
2026-09-17T15:49:53.000 6175.453045862570 2811.897315855400 -373.534512158002 -2.26823581051415 4.20550519694136 -5.99107271713930
2026-09-17T15:53:53.000 5412.950947893490 3706.611220588810 -1780.229417412380 -4.04674489816768 3.20511752942244 -5.65963739617598
2026-09-17T15:57:53.000 4256.813644913030 4331.800962242690 -3057.126058958570 -5.52854689041482 1.97337126407094 -4.91628631651877
2026-09-17T16:01:53.000 2791.618793174880 4642.526737189410 -4111.473943256710 -6.60673660189721 0.60065859106539 -3.81662797479060
2026-09-17T16:05:53.000 1124.093919984430 4616.820984174920 -4867.036029709500 -7.20468468330427 -0.81319193442877 -2.44171013271244
2026-09-17T16:09:53.000 -624.787997431471 4257.063328261420 -5269.445268056780 -7.28085528406258 -2.16635133184904 -0.89156512465371
2026-09-17T16:13:53.000 -2328.523467319980 3589.603524129820 -5289.897170304710 -6.83085038797235 -3.36200414295946 0.72207121035909
2026-09-17T16:17:53.000 -3864.014116876660 2662.782635845100 -4927.047377165940 -5.88723629448311 -4.31471410002078 2.28337650574641
2026-09-17T16:21:53.000 -5120.208109799000 1543.506748788830 -4207.068940413270 -4.51728648689715 -4.95607687054072 3.68014842404424
2026-09-17T16:25:53.000 -6005.956943641480 312.576545432750 -3181.868161751650 -2.81871685127290 -5.23939979160757 4.81138465599350
2026-09-17T16:29:53.000 -6456.615159992830 -940.973616085639 -1925.528682230170 -0.91347607718255 -5.14325819283312 5.59439587494639
2026-09-17T16:33:53.000 -6438.909704140830 -2126.239802450700 -529.135731727776 1.06051243276946 -4.67369168970937 5.97118149114858
2026-09-17T16:37:53.000 -5953.586764224150 -3157.076959760040 905.777339562472 2.95944295194409 -3.86411604960077 5.91327951345318
2026-09-17T16:41:53.000 -5035.538285355000 -3958.446305831080 2274.660743249880 4.64438611456197 -2.77312941692602 5.42423239092621
2026-09-17T16:45:53.000 -3751.338250560710 -4471.986457399720 3477.676992444080 5.99196473618643 -1.48023378307936 4.53952253548883
2026-09-17T16:49:53.000 -2194.343425832240 -4660.329902970370 4427.086013312690 6.90377089561692 -0.07973828179727 3.32380476711581
2026-09-17T16:53:53.000 -477.793141405974 -4509.808400228500 5053.676490202400 7.31349844621571 1.32641073108158 1.86583503753290
2026-09-17T16:57:53.000 1273.489404148150 -4031.386377590590 5311.772644822830 7.19143909461614 2.63613048463780 0.27176706053525
2026-09-17T17:01:53.000 2932.149701793460 -3259.813543039450 5182.502731048980 6.54629750831605 3.75446168477857 -1.34252528066565
2026-09-17T17:05:53.000 4377.485591743420 -2251.108268584950 4675.150579533300 5.42448521726009 4.60015363198430 -2.85966573262213
2026-09-17T17:09:53.000 5504.172015502650 -1078.557782983460 3826.529337548390 3.90701643705630 5.11143579197384 -4.16897878449540
2026-09-17T17:13:53.000 6229.954146596670 172.542535035242 2698.407935974960 2.10404776033257 5.25065315508253 -5.17444538703611
2026-09-17T17:17:53.000 6501.782460470270 1411.076121905650 1373.099888698110 0.14731777579450 5.00732347609765 -5.80204051653035
2026-09-17T17:21:53.000 6299.843503110990 2546.804391611910 -52.561480219658 -1.81966225688596 4.39924706300363 -6.00557542561950
2026-09-17T17:25:53.000 5639.108428604240 3497.077288005940 -1474.400821628840 -3.65245799153455 3.47149228076173 -5.77052378715961
2026-09-17T17:29:53.000 4568.163527211740 4192.990644424270 -2788.704380047680 -5.21720141575214 2.29272290524569 -5.11516237227096
2026-09-17T17:33:53.000 3165.430184018150 4584.407604711810 -3899.920440377790 -6.40068135796302 0.94962066002696 -4.08871628970448
2026-09-17T17:37:53.000 1533.184012049190 4643.482900350090 -4727.615748703900 -7.11846684511663 -0.45993130595749 -2.76704944449592
2026-09-17T17:41:53.000 -210.059028997321 4366.472741418100 -5212.162302276480 -7.32031490806942 -1.83419144411375 -1.24656194829713
2026-09-17T17:45:53.000 -1938.131438462370 3773.796785823710 -5318.829755863060 -6.99296060884804 -3.07470705785531 0.36293025390693
2026-09-17T17:49:53.000 -3526.165165708510 2908.444133006990 -5040.086562419200 -6.16036083867209 -4.09286339260557 1.94585308142763
2026-09-17T17:53:53.000 -4859.354280680330 1832.906005836540 -4396.065202990930 -4.88194903232337 -4.81566543665554 3.38853204368811
2026-09-17T17:57:53.000 -5841.057205548500 624.810177917612 -3433.187706290750 -3.24886430376397 -5.19072019716230 4.58681743456721
2026-09-17T18:01:53.000 -6399.748750193170 -628.515018902371 -2220.993795504780 -1.37813631440618 -5.19012334610703 5.45337466371147
2026-09-17T18:05:53.000 -6494.337180327390 -1836.246522454850 -847.299017564715 0.59512419744977 -4.81291379851795 5.92424724294744
2026-09-17T18:09:53.000 -6117.385241715420 -2910.636653886440 588.072422734079 2.52726840040537 -4.08562800467213 5.96403311000687
2026-09-17T18:13:53.000 -5295.879874306340 -3773.492835271710 1980.570602254910 4.27697058087937 -3.06089318962669 5.56908214057425
2026-09-17T18:17:53.000 -4089.336011274360 -4361.994922406430 3228.657659887870 5.71622673641174 -1.81332853639527 4.76795989384214
2026-09-17T18:21:53.000 -2585.422605131730 -4633.313208446630 4241.306613194150 6.73986906969489 -0.43386801758003 3.61913323067853
2026-09-17T18:25:53.000 -893.510411760635 -4567.731467609800 4944.686719013110 7.27332643351472 0.97702283483356 2.20651052476351
2026-09-17T18:29:53.000 863.362443805120 -4170.043057195200 5287.531611697000 7.27792118496892 2.31683482462144 0.63301812181396
2026-09-17T18:33:53.000 2557.446454728650 -3469.141247585340 5244.804351084190 6.75322953697728 3.48842236429537 -0.98699419957575
2026-09-17T18:37:53.000 4065.488534591570 -2515.910850320590 4819.488881731600 5.73693558631559 4.40673251496186 -2.53573915741413
2026-09-17T18:41:53.000 5277.630137524510 -1379.590962672620 4042.417498120840 4.30235543810741 5.00479729455589 -3.90032048502264
2026-09-17T18:45:53.000 6105.412421528600 -142.814317382047 2970.119639063050 2.55349737119514 5.23867186395321 -4.98077728431764
2026-09-17T18:49:53.000 6488.341947134160 1104.364739541680 1680.806936320000 0.61802635040170 5.09091526848167 -5.69759967569123
2026-09-17T18:53:53.000 6398.475111194320 2271.083294709070 268.663296094012 -1.36220484648105 4.57231225840914 -5.99806467272584
2026-09-17T18:57:53.000 5842.550896061400 3272.406758909870 -1163.121420367250 -3.24185182069550 3.72119688180671 -5.86035544138111
2026-09-17T19:01:53.000 4861.492026427050 4035.648374124920 -2510.050317109430 -4.88331173509783 2.60061787327128 -5.29549478969572
2026-09-17T19:05:53.000 3527.212874538750 4505.715935535250 -3674.121516763350 -6.16753915541549 1.29313681501209 -4.34610725999093
2026-09-17T19:09:53.000 1937.095232890770 4649.027847405180 -4570.992670619790 -7.00260237360121 -0.10573647870692 -3.08259063982856
2026-09-17T19:13:53.000 206.697045823052 4455.748947857080 -5135.986279370410 -7.32973365225181 -1.49482936926223 -1.59734424807613
2026-09-17T19:17:53.000 -1538.667156107000 3940.290208504600 -5328.555862443460 -7.12675080648550 -2.77444404752610 0.00216998204644
2026-09-17T19:21:53.000 -3172.858788560880 3140.124523863840 -5135.002331366410 -6.40891692290227 -3.85317205574830 1.60097308147490
2026-09-17T19:25:53.000 -4577.778379076900 2113.066978095100 -4569.346607551340 -5.22757631113078 -4.65380946750899 3.08431661342798
2026-09-17T19:29:53.000 -5651.674914585400 933.232889123414 -3672.360187052420 -3.66690488182719 -5.11852568622604 4.34529692407122
2026-09-17T19:33:53.000 -6316.425092363110 -314.139935221769 -2508.784701595710 -1.83856580815587 -5.21306072827304 5.29225583403499
2026-09-17T19:37:53.000 -6523.288149407820 -1538.720315955780 -1162.847858589240 0.12563203232303 -4.92957466667101 5.85551287190989
2026-09-17T19:41:53.000 -6256.669405105970 -2651.599768435710 267.714644567371 2.08297734446338 -4.28777755634227 5.99298284294361
2026-09-17T19:45:53.000 -5535.472798759580 -3571.818502298070 1678.759873119550 3.89049878619758 -3.33382520317153 5.69374123988167
2026-09-17T19:49:53.000 -4411.866820002010 -4232.367970575040 2967.406184284930 5.41577370801770 -2.13712700706390 4.97923234357554
2026-09-17T19:53:53.000 -2967.473247822000 -4585.175876615620 4039.674861928940 6.54736995549766 -0.78500485880712 3.90165291960527
2026-09-17T19:57:53.000 -1307.308907310250 -4604.601652024280 4817.392005969850 7.20288927344900 0.62409886527261 2.53966587017681
2026-09-17T20:01:53.000 447.912961216903 -4289.248188381770 5243.863817621940 7.33467775109168 1.98782128638776 0.99249345428910
2026-09-17T20:05:53.000 2170.561512856680 -3662.021804820000 5287.963340794680 6.93307296074926 3.20721652811035 -0.62732849772617
2026-09-17T20:09:53.000 3735.325471273450 -2768.454188380790 4946.358236976220 6.02690580717836 4.19379504881069 -2.20209608647314
2026-09-17T20:13:53.000 5028.245206098940 -1673.433789068150 4243.768662620730 4.68142952946421 4.87568936675877 -3.61709808150994
2026-09-17T20:17:53.000 5954.992725303390 -456.570381788731 3231.269873665970 2.99408358669225 5.20286563475821 -4.76875384831927
2026-09-17T20:21:53.000 6447.851830590300 793.546369190281 1982.678271084020 1.08788530587098 5.15104013573761 -5.57237138120999
2026-09-17T20:25:53.000 6470.829004775030 1985.827451934170 589.191418070340 -0.89746835419263 4.72388709902166 -5.96876517207345
2026-09-17T20:29:53.000 6022.407579801060 3033.447487747420 -847.354160415288 -2.81624300403808 3.95303430769217 -5.92906807663711
2026-09-17T20:33:53.000 5135.641802985440 3860.298518867240 -2222.080679186180 -4.52793580247883 2.89557194327290 -5.45694767958151
2026-09-17T20:37:53.000 3875.594041481540 4406.597163392850 -3434.879693389090 -5.90804009643981 1.62954102931264 -4.58818083721941
2026-09-17T20:41:53.000 2334.328898647160 4633.190206342440 -4397.786130924410 -6.85739852003821 0.24765787977970 -3.38743225216580
2026-09-17T20:45:53.000 623.965330391361 4524.218917054500 -5041.290853649940 -7.30893573519162 -1.14989228107401 -1.94278689425402
2026-09-17T20:49:53.000 -1131.549645325940 4088.041961162930 -5319.166731405340 -7.23159983684546 -2.46266425772148 -0.35898641219419
2026-09-17T20:53:53.000 -2805.309595205650 3356.464774018700 -5211.584017711100 -6.63182877655589 -3.59680639081923 1.25001631092877
2026-09-17T20:57:53.000 -4276.388251170690 2382.398538742960 -4726.396795080880 -5.55269929925288 -4.47125995337397 2.76875464887854
2026-09-17T21:01:53.000 -5438.326999855010 1236.131639094450 -3898.582939497450 -4.07106971356087 -5.02307556280316 4.08793353010218
2026-09-17T21:05:53.000 -6206.711633127690 0.434735056299 -2787.861942711880 -2.29280792197138 -5.21185123179480 5.11188635272814
2026-09-17T21:09:53.000 -6525.343106501370 -1235.271883971280 -1474.573118389190 -0.34584772117374 -5.02298207986079 5.76552985150478
2026-09-17T21:13:53.000 -6370.510174093130 -2381.332303203960 -54.007795037359 1.62861739062596 -4.46921692858190 6.00020297610502
2026-09-17T21:17:53.000 -5752.955403366400 -3354.413012214750 1370.475433801430 3.48649870707490 -3.59022600809180 5.79785162995867
2026-09-17T21:21:53.000 -4717.244154502510 -4083.673493888100 2695.052748866240 5.09182902935813 -2.44979550539938 5.17269988812085
2026-09-17T21:25:53.000 -3338.554770528330 -4516.018307290970 3823.116868831860 6.32712401379352 -1.13108433715045 4.17029192753525
2026-09-17T21:29:53.000 -1717.122684058420 -4620.005153367320 4672.413344073100 7.10233517890583 0.26979618079948 2.86387883879924
2026-09-17T21:33:53.000 29.156750711949 -4388.093402914270 5181.037111520440 7.36118646420110 1.65102061517484 1.34869471328929
2026-09-17T21:37:53.000 1773.322041982320 -3837.123217939630 5311.877080138170 7.08477687474840 2.91243006083305 -0.26511794294573
2026-09-17T21:41:53.000 3388.504541523030 -3007.078711535110 5055.278675868310 6.29280834828299 3.96245551776222 -1.86024416293718
2026-09-17T21:45:53.000 4757.096541414930 -1958.223861391430 4429.770395342100 5.04228883814099 4.72467996641645 -3.32054924853692
2026-09-17T21:49:53.000 5779.280603149810 -766.790772593028 3480.789952571500 3.42366238874169 5.14326210740795 -4.53925220856655
2026-09-17T21:53:53.000 6380.380003999500 480.499808454281 2277.483897121650 1.55474993081835 5.18723904212220 -5.42682556454067
2026-09-17T21:57:53.000 6516.460579521750 1692.763609741100 907.717821473379 -0.42761569887280 4.85316100754616 -5.91783572964935
2026-09-17T22:01:53.000 6177.704648880050 2781.679647616500 -528.388559905115 -2.37782898647220 4.16574371221439 -5.97632711125069
2026-09-17T22:05:53.000 5389.148167655680 3668.070249473130 -1925.941788179320 -4.15293439915903 3.17594801719012 -5.59869503269438
2026-09-17T22:09:53.000 4208.716091566120 4287.753836032830 -3183.095648389410 -5.62357646704953 1.95694108578351 -4.81373631211098
2026-09-17T22:13:53.000 2722.752790310380 4596.198056549520 -4208.572019165830 -6.68373832420721 0.59819515309170 -3.68007135509956
2026-09-17T22:17:53.000 1039.475158472370 4571.604009410700 -4928.260211135030 -7.25817321899003 -0.80152695179290 -2.28114639681874
2026-09-17T22:21:53.000 -719.025721838633 4216.264532053620 -5290.407613893530 -7.30705589158748 -2.14142484032965 -0.71865086335407
2026-09-17T22:25:53.000 -2425.573248447910 3556.203829148160 -5269.122805523130 -6.82794970200789 -3.32565242837435 0.89485785847875
2026-09-17T22:29:53.000 -3956.878709492310 2639.218236758130 -4866.069921926960 -5.85546966771107 -4.26960909716051 2.44359341113984
2026-09-17T22:33:53.000 -5202.190339809770 1531.494928408620 -4110.317044324400 -4.45890735638017 -4.90549391401524 3.81623748499479
2026-09-17T22:37:53.000 -6071.136179422300 312.998606180544 -3056.364506623420 -2.73792591511082 -5.18700215789744 4.91341654167853
2026-09-17T22:41:53.000 -6500.288898050240 -928.144909673397 -1780.400018359430 -0.81614315265690 -5.09290471374706 5.65490623245502
2026-09-17T22:45:53.000 -6457.934765744780 -2101.941935317250 -374.941566376260 1.16733300908070 -4.62904878428380 5.98574800619487
2026-09-17T22:49:53.000 -5946.614268180700 -3123.080102932510 1057.807992492290 3.06792761621210 -3.82843555630717 5.88078920131858
2026-09-17T22:53:53.000 -5003.130149918120 -3917.237276359260 2413.451461490010 4.74656472863019 -2.74909471324640 5.34707606631672
2026-09-17T22:57:53.000 -3695.911405930240 -4426.600283544810 3593.130216371830 6.08045614409574 -1.46967562638437 4.42339749756630
2026-09-17T23:01:53.000 -2119.967955175070 -4614.112352187040 4510.817301049430 6.97223195144679 -0.08340358508858 3.17720019853985
2026-09-17T23:05:53.000 -389.896594535815 -4466.156612805900 5099.615477790820 7.35704267095445 1.30883582313908 1.69942367230251
2026-09-17T23:09:53.000 1368.520989585130 -3993.491509272910 5316.592208571350 7.20699767169302 2.60605617483647 0.09758551278820
2026-09-17T23:13:53.000 3027.417654340520 -3230.409101243540 5145.835376198020 6.53266568248250 3.71422911236123 -1.51198527027829
2026-09-17T23:17:53.000 4466.035071137740 -2232.289554996970 4599.610892308920 5.38243502094247 4.55270349938429 -3.01215994891480
2026-09-17T23:21:53.000 5579.485623523330 -1071.656301947140 3717.559006576850 3.83941587110372 5.06016167924962 -4.29334680985494
2026-09-17T23:25:53.000 6286.448112369680 167.038936535491 2563.908786498630 2.01576923388288 5.19916417025682 -5.26149854937025
2026-09-17T23:29:53.000 6535.241975742580 1393.554009687190 1222.866958435510 0.04484650497256 4.95926051977704 -5.84527164018197
2026-09-17T23:33:53.000 6307.768154215150 2518.513214180950 -207.552839109430 -1.92865158755095 4.35812815771587 -6.00176362053059
2026-09-17T23:37:53.000 5620.900220080480 3460.059670559800 -1622.833191886050 -3.75988734926201 3.44034025107346 -5.72003024908658
2026-09-17T23:41:53.000 4525.154000016520 4149.932659020230 -2919.765791684940 -5.31518546051800 2.27384796037254 -5.02180337039568
2026-09-17T23:45:53.000 3100.760125828250 4538.441859972530 -4004.095089707800 -6.48210989213810 0.94441414232828 -3.95940185187911
2026-09-17T23:49:53.000 1451.558927882610 4597.955385501170 -4797.365963769810 -7.17747944067214 -0.45109642831304 -2.61125546222572
2026-09-17T23:53:53.000 -302.718750457836 4324.694751494280 -5242.465599976110 -7.35270995727287 -1.81197582684431 -1.07563065057185
2026-09-17T23:57:53.000 -2035.122190830740 3738.803398185860 -5307.524924906440 -6.99644972234015 -3.04072778405996 0.53662916735314
2026-09-18T00:01:53.000 -3620.483666539120 2882.777271087860 -4988.018626989400 -6.13473945258374 -4.04959772656479 2.10979287392393
2026-09-18T00:05:53.000 -4944.194637076950 1818.427786120090 -4307.017217803190 -4.82905855684661 -4.76626270274857 3.53089250685134
2026-09-18T00:09:53.000 -5910.288720187200 622.568638006805 -3313.613008061950 -3.17245547277103 -5.13876776108559 4.69729203893698
2026-09-18T00:13:53.000 -6448.353117622790 -618.354274339595 -2079.567183537570 -1.28370015440922 -5.13934384494412 5.52387226987560
2026-09-18T00:17:53.000 -6518.795900372790 -1814.409105635450 -694.305652545561 0.70065350706618 -4.76699769072355 5.94954291271699
2026-09-18T00:21:53.000 -6115.951651304510 -2878.713023030200 741.492598077998 2.63619660474701 -4.04801382383400 5.94227150791403
2026-09-18T00:25:53.000 -5268.687445575520 -3733.819895038450 2123.244774303950 4.38138470928141 -3.03431957787863 5.50183647334996
2026-09-18T00:29:53.000 -4038.398274555310 -4317.472276786390 3350.193010354750 5.80847356988023 -1.79974475805352 4.66013459859350
2026-09-18T00:33:53.000 -2514.488438609830 -4587.205108619360 4332.861031126390 6.81326026384742 -0.43432629242132 3.47865849970312
2026-09-18T00:37:53.000 -807.761205117817 -4523.422462800980 4999.613194522430 7.32265459358498 0.96259738799626 2.04360210681062
2026-09-18T00:41:53.000 957.688451757444 -4130.768228386850 5301.835263617920 7.29963357091290 2.28957819190708 0.45946396552019
2026-09-18T00:45:53.000 2653.491970406290 -3437.746365368690 5217.433048469960 6.74574922596824 3.45043991152113 -1.15862864977765
2026-09-18T00:49:53.000 4156.256027914040 -2494.636148043510 4752.399579219480 5.70066314699832 4.36090500107587 -2.69308244821991
2026-09-18T00:53:53.000 5356.457618018720 -1369.928888853090 3940.438188623170 4.23970029018343 4.95442270054591 -4.03193528770831
2026-09-18T00:57:53.000 6166.466509010420 -145.436394046386 2840.633015470820 2.46893843640545 5.18728592191373 -5.07697851710574
2026-09-18T01:01:53.000 6527.073181015260 1089.651457563470 1533.222775453570 0.51770804951062 5.04213652033703 -5.75126445927372
2026-09-18T01:05:53.000 6411.972912920860 2245.324693495670 113.743809824414 -1.47083930289747 4.52960547390168 -6.00513545832898
2026-09-18T01:09:53.000 5829.790813530990 3237.446247390780 -1314.060852255040 -3.35067596683449 3.68769791328428 -5.82034414349604
2026-09-18T01:13:53.000 4823.393962162050 3994.007411811730 -2646.005721659140 -4.98433572833258 2.57879207744399 -5.21141724171327
2026-09-18T01:17:53.000 3466.551412274050 4460.409433760250 -3785.203128128840 -6.25340100960625 1.28460510289811 -4.22418367826311
2026-09-18T01:21:53.000 1858.279724212300 4603.341040474310 -4649.141246918970 -7.06711135787393 -0.10035791802308 -2.93175165793019
2026-09-18T01:25:53.000 115.441856559097 4412.991102529880 -5175.545090951760 -7.36826794465611 -1.47595570385249 -1.42855815451875
2026-09-18T01:29:53.000 -1635.757246874560 3903.548242939800 -5326.666050319010 -7.13654397768277 -2.74349907531610 0.17669754937215
2026-09-18T01:33:53.000 -3268.755357047100 3112.039897671410 -5091.797471575770 -6.38923477845464 -3.81240943966842 1.76864996404035
2026-09-18T01:37:53.000 -4665.533182449100 2095.653998500730 -4487.942439821550 -5.17981248286505 -4.60618289615647 3.23303811595402
2026-09-18T01:41:53.000 -5724.915896160480 927.733217600507 -3558.630579033460 -3.59443390774171 -5.06747278126252 4.46431639268358
2026-09-18T01:45:53.000 -6369.806638733450 -307.338925942936 -2370.949042078180 -1.74654010742765 -5.16222170855577 5.37287581124949
2026-09-18T01:49:53.000 -6552.890524413050 -1520.109182282390 -1010.901486290620 0.23055430694235 -4.88258750213763 5.89173742052601
2026-09-18T01:53:53.000 -6260.307943905080 -2622.516667061180 422.715904768143 2.19307626748065 -4.24803550932168 5.98204672163308
2026-09-18T01:57:53.000 -5512.880003217390 -3534.368847842300 1825.519489305580 3.99765076952285 -3.30428923571151 5.63642531240782
2026-09-18T02:01:53.000 -4364.694852528690 -4189.283587033480 3095.231806900370 5.51220144810253 -2.11999072533394 4.87972270404866
2026-09-18T02:05:53.000 -2899.162861419120 -4539.600514724940 4139.250361078410 6.62601120412939 -0.78151200717722 3.76719434488069
2026-09-18T02:09:53.000 -1222.849692773890 -4559.861139160990 4881.467796958050 7.25800343870432 0.61368839521766 2.38011282142460
2026-09-18T02:13:53.000 542.362625372636 -4248.608240136160 5267.786724011830 7.36232211856872 1.96427572327705 0.81947426075425
2026-09-18T02:17:53.000 2268.130504919180 -3628.442344956750 5269.993353297000 6.93126115693303 3.17229295597564 -0.80129222285281
2026-09-18T02:21:53.000 3828.912918376120 -2744.367957437820 4887.792870546050 5.99572930784665 4.15010612497757 -2.36436286750888
2026-09-18T02:25:53.000 5111.022633079990 -1660.565670801450 4148.859054425530 4.62305816338082 4.82646723149218 -3.75583978773150
2026-09-18T02:29:53.000 6020.896280279120 -455.824608978565 3106.920323352750 2.91268281117390 5.15167237875826 -4.87383754589691
2026-09-18T02:33:53.000 6492.031613870370 782.135485168013 1837.948677068430 0.98936291060879 5.10154421505268 -5.63607245092457
2026-09-18T02:37:53.000 6490.019568053580 1963.100794520510 434.642542215283 -1.00590517924198 4.67965161073572 -5.98638032337266
2026-09-18T02:41:53.000 6015.180022695780 3001.059310926240 -1000.432132713440 -2.92658506316482 3.91724772291512 -5.89927009948423
2026-09-18T02:45:53.000 5102.524542511280 3820.606946179790 -2362.507642794770 -4.63201225310216 2.87087973007428 -5.38198971299834
2026-09-18T02:49:53.000 3819.015676687490 4362.503653610640 -3552.426315904180 -5.99828773744249 1.61777459688578 -4.47365277300966
2026-09-18T02:53:53.000 2258.411737956340 4587.917032089950 -4483.914155594120 -6.92734094272855 0.24964240848720 -3.24174399526106
2026-09-18T02:57:53.000 534.214235962840 4481.059589922780 -5089.755948795850 -7.35358602224313 -1.13438734830951 -1.77652241875596
2026-09-18T03:01:53.000 -1228.641155960630 4050.112308591720 -5326.448919939370 -7.24774531563472 -2.43487008353681 -0.18413234190413
2026-09-18T03:05:53.000 -2902.710854001100 3326.477875195190 -5177.127179449390 -6.61822722161769 -3.55882208450105 1.42088611155757
2026-09-18T03:09:53.000 -4367.018915861140 2362.481114300270 -4652.649719383870 -5.51020195471688 -4.42583369071785 2.92331346519964
2026-09-18T03:13:53.000 -5515.569428854780 1227.689199498890 -3790.837059473420 -4.00266144897638 -4.97345078918217 4.21497401369371
2026-09-18T03:17:53.000 -6264.894735047300 4.053579338652 -2653.876638988360 -2.20333346713016 -5.16156577055228 5.20216293881352
2026-09-18T03:21:53.000 -6560.150150944620 -1219.861994196380 -1324.031066335710 -0.24170394959417 -4.97558912609991 5.81235442653335
2026-09-18T03:25:53.000 -6379.313761441400 -2355.233307639770 102.165464119160 1.73982730328589 -4.42806626615460 5.99998624951557
2026-09-18T03:29:53.000 -5735.043954294040 -3319.489654319810 1520.904024871740 3.59652216657563 -3.55829341381793 5.75047543076410
2026-09-18T03:33:53.000 -4673.892719594630 -4042.439228402740 2828.760952930390 5.19249185589346 -2.42947876627259 5.08159949834934
2026-09-18T03:37:53.000 -3272.915544153120 -4471.467756174160 3930.353326993650 6.41105377460043 -1.12394418036486 4.04215229332350
2026-09-18T03:41:53.000 -1633.974591700060 -4575.387281331010 4745.366887433520 7.16342043234721 0.26321745694280 2.70807821730735
2026-09-18T03:45:53.000 123.757395851668 -4346.660778582050 5214.401051124090 7.39494779470893 1.63121343990915 1.17660717582584
2026-09-18T03:49:53.000 1872.481182238220 -3801.900808551480 5303.238414738350 7.08878552577374 2.88080024221246 -0.44091039017717
2026-09-18T03:53:53.000 3485.010388735940 -2980.642353038720 5005.285883394320 6.26682326272417 3.92131995617895 -2.02696794061387
2026-09-18T03:57:53.000 4843.933363058720 -1942.504452837690 4342.080074309780 4.98819299202505 4.67705708451745 -3.46604484682189
2026-09-18T04:01:53.000 5850.136017951120 -762.933714354346 3361.812345321080 3.34539413647053 5.09264117910910 -4.65288055327219
2026-09-18T04:05:53.000 6430.109715086800 472.218217479210 2135.921547501880 1.45806351388670 5.13733137354436 -5.50024697301125
2026-09-18T04:09:53.000 6541.478101958380 1672.961561859720 753.927265223795 -0.53559380423913 4.80766316970755 -5.94570200326703
2026-09-18T04:13:53.000 6176.237379703520 2751.827748905870 -683.167728983690 -2.48919625035962 4.12801100635306 -5.95665382318697
2026-09-18T04:17:53.000 5361.366618100210 3630.382271030530 -2070.410945577390 -4.25950327612955 3.14879403273493 -5.53300208577287
2026-09-18T04:21:53.000 4156.715891794120 4245.032733568910 -3306.740916087020 -5.71761691478859 1.94241227618153 -4.70698844681944
2026-09-18T04:25:53.000 2650.368539814280 4551.618975603080 -4302.436445344770 -6.75855726467377 0.59732669315887 -3.54017690492892
2026-09-18T04:29:53.000 951.982460357662 4528.464483059830 -4985.574494199130 -7.30852187246106 -0.78875735898984 -2.11830754425320
2026-09-18T04:33:53.000 -815.294334307613 4177.727047797140 -5307.049687858070 -7.32940349063497 -2.11610631550958 -0.54459514172267
2026-09-18T04:37:53.000 -2523.660560797490 3525.058535598210 -5243.890272546750 -6.82065097745251 -3.28976116212849 1.06765732747610
2026-09-18T04:41:53.000 -4049.675126355670 2617.694082400230 -4800.763316897010 -5.81891468185469 -4.22581520637442 2.60272307761078
2026-09-18T04:45:53.000 -5282.930854069460 1521.117987097830 -4009.626760672730 -4.39558609087201 -4.85695148198330 3.95017354669275
2026-09-18T04:49:53.000 -6133.898599446500 314.496583580560 -2927.550173056330 -2.65232509379863 -5.13718325434318 5.01241448756079
2026-09-18T04:53:53.000 -6540.430039524820 -914.895074098791 -1632.773024597330 -0.71436569972050 -5.04537607744308 5.71170607262832
2026-09-18T04:57:53.000 -6472.431578947880 -2077.898696751970 -219.205654121979 1.27795381449762 -4.58716298811863 5.99607972079883
2026-09-18T05:01:53.000 -5934.306800506490 -3089.964746592520 1210.320178645370 3.17929401703641 -3.79517438966477 5.84373205507880
2026-09-18T05:05:53.000 -4964.830847301250 -3877.420831886100 2551.608736759150 4.85045142933643 -2.72685028313922 5.26522852696640
2026-09-18T05:09:53.000 -3634.358524149870 -4382.938503768690 3706.831287836430 6.16913753757845 -1.46008238833794 4.30269516138195
2026-09-18T05:13:53.000 -2039.625039601700 -4569.754227542740 4591.748633514990 7.03918089544759 -0.08723685400082 3.02650012149188
2026-09-18T05:17:53.000 -296.597944007823 -4424.310734634000 5141.861351112850 7.39739381809745 1.29187002974053 1.52970988780492
2026-09-18T05:21:53.000 1467.989322475360 -3957.177071165090 5317.049824381770 7.21772673114368 2.57719761320024 -0.07880372193659
2026-09-18T05:25:53.000 3125.800805391570 -3202.254411602670 5104.452026638850 6.51295765386018 3.67549745965892 -1.68212464185868
2026-09-18T05:29:53.000 4556.161841356740 -2214.339545259530 4519.397733170750 5.33375655013868 4.50691696028132 -3.16362321944090
2026-09-18T05:33:53.000 5654.787830252390 -1065.215023591510 3604.364469811930 3.76532414096078 5.01062884745548 -4.41503460805872
2026-09-18T05:37:53.000 6341.447326465050 161.502520108987 2426.000981332810 1.92172169486786 5.14949070139028 -5.34448360554113
2026-09-18T05:41:53.000 6565.960774738520 1376.443362035600 1070.325700523830 -0.06218434832492 4.91307908161933 -5.88348918703972
2026-09-18T05:45:53.000 6312.026189620650 2491.084085297290 -363.584467007169 -2.04075722833120 4.31886123177954 -5.99246080835588
2026-09-18T05:49:53.000 5598.471075232410 3424.339324756840 -1770.972299499690 -3.86881036942618 3.41095276973425 -5.66398638007805
2026-09-18T05:53:53.000 4477.766539948800 4108.577323768570 -3049.236162517130 -5.41298654587325 2.25658198837727 -4.92325858880945
2026-09-18T05:57:53.000 3031.946218890030 4494.540203395680 -4105.522640598600 -6.56180927728244 0.94059323598697 -3.82571043014254
2026-09-18T06:01:53.000 1366.360812079500 4554.782883093580 -4863.450568353930 -7.23351958994219 -0.44125580538764 -2.45221931575888
2026-09-18T06:05:53.000 -398.120712892450 4285.447871644300 -5268.478298579530 -7.38120986800099 -1.78933008525784 -0.90275046590813
2026-09-18T06:09:53.000 -2133.840998409390 3706.354987107130 -5291.618520238920 -6.99541711385663 -3.00709347011957 0.71098292012501
2026-09-18T06:13:53.000 -3715.386534397390 2859.469431414760 -4931.340671897820 -6.10413591197524 -4.00753471838874 2.27315725480227
2026-09-18T06:17:53.000 -5028.385263375830 1805.923544293110 -4213.640207320910 -4.77090330494904 -4.71883887994590 3.67149277546829
2026-09-18T06:21:53.000 -5977.602708936460 621.754182182969 -3190.269136867840 -3.09081291340209 -5.08935725436508 4.80487725333226
2026-09-18T06:25:53.000 -6493.826604557700 -607.426174141015 -1935.184427610920 -1.18444300694797 -5.09149568960406 5.59052705688732
2026-09-18T06:29:53.000 -6539.039304354120 -1792.534058798120 -539.360798127897 0.81038107255732 -4.72416706588486 5.97035242605122
2026-09-18T06:33:53.000 -6109.393223650570 -2847.469627679170 895.729237692473 2.74843880937783 -4.01324436453011 5.91556663875379
2026-09-18T06:37:53.000 -5235.716991561850 -3695.457593821150 2265.518872520790 4.48788347726676 -3.01012599578510 5.42945018097850
2026-09-18T06:41:53.000 -3981.349344404420 -4274.756010595150 3470.104563718380 5.90139030519344 -1.78787211524354 4.54730431798458
2026-09-18T06:45:53.000 -2437.467015141980 -4543.210076377220 4421.633121456310 6.88574029251043 -0.43560399372654 3.33357575920169
2026-09-18T06:49:53.000 -716.353992426568 -4481.315153330670 5050.737849365560 7.36932114166291 0.94823639677088 1.87688734448772
2026-09-18T06:53:53.000 1056.837296771900 -4093.581654019280 5311.558433261680 7.31707948552188 2.26318892666565 0.28326715790130
2026-09-18T06:57:53.000 2753.162517064110 -3408.152763737450 5185.009276736850 6.73260267624223 3.41392639029477 -1.33150396703732
2026-09-18T07:01:53.000 4249.167561360070 -2474.773077090990 4680.161177426950 5.65783798671170 4.31681182041779 -2.84994463953903
2026-09-18T07:05:53.000 5435.827771108340 -1361.243968454370 3833.645905630230 4.17038246264713 4.90593946765417 -4.16124767651127
2026-09-18T07:09:53.000 6226.513966801490 -148.561510620067 2707.085814909230 2.37823373569255 5.13795505798299 -5.16924608027434
2026-09-18T07:13:53.000 6563.442972281490 1074.948761717390 1382.685312288180 0.41232730124183 4.99558281745123 -5.79970921819082
2026-09-18T07:17:53.000 6422.066756456290 2220.131450951490 -42.773968849644 -1.58305887847695 4.48928864613271 -6.00623276629911
2026-09-18T07:21:53.000 5812.960024333860 3203.636707598650 -1465.127449551300 -3.46144304545090 3.65667236275187 -5.77412199771258
2026-09-18T07:25:53.000 4780.966423355730 3954.112349977380 -2780.621333703620 -5.08558191623907 2.55942523950723 -5.12141785306236
2026-09-18T07:29:53.000 3401.707650523510 4417.418284172640 -3893.611612307070 -6.33783705969341 1.27833234708403 -4.09715930837115
2026-09-18T07:33:53.000 1775.801953801980 4560.471694358590 -4723.538807681230 -7.12877099624659 -0.09307793782924 -2.77710575194667
2026-09-18T07:37:53.000 21.337478969332 4373.443458849100 -5210.625718545150 -7.40294367114060 -1.45575133290498 -1.25754264100172
2026-09-18T07:41:53.000 -1734.689633529240 3870.245776478790 -5319.959337422000 -7.14186863681504 -2.71200761916713 0.35182088711190
2026-09-18T07:45:53.000 -3365.384262143660 3087.412382218300 -5043.821265948840 -6.36481388831884 -3.77207223419951 1.93538088931323
2026-09-18T07:49:53.000 -4752.870744354930 2081.472928183060 -4402.161810394230 -5.12723736807463 -4.55999935065037 3.37944150924831
2026-09-18T07:53:53.000 -5796.596494404530 925.008377824593 -3441.233692905070 -3.51730570991701 -5.01875758016579 4.57975914375911
2026-09-18T07:57:53.000 -6420.564418653510 -298.416043666638 -2230.436382659350 -1.65036315742649 -5.11445228704168 5.44887177686532
2026-09-18T08:01:53.000 -6578.967676373010 -1500.177577281590 -857.479134963425 0.33878182026882 -4.83917506240080 5.92265136169703
2026-09-18T08:05:53.000 -6259.750696832610 -2593.011162902120 577.881821796338 2.30544385360049 -4.21215798456249 5.96556365211792
2026-09-18T08:09:53.000 -5485.676703749180 -3497.425465555370 1971.121388867240 4.10596925654307 -3.27855768996314 5.57368565748213
2026-09-18T08:13:53.000 -4312.782959583910 -4147.576142731250 3220.646898641820 5.60851888641234 -2.10626543456854 4.77526826077703
2026-09-18T08:17:53.000 -2826.291354816770 -4496.150860348990 4235.324027399050 6.70329377735812 -0.78081135863056 3.62862737854172
2026-09-18T08:21:53.000 -1134.293511907900 -4517.820433209330 4941.176142591770 7.31061822562765 0.60132250430341 2.21748187001369
2026-09-18T08:25:53.000 640.175612611890 -4211.020860100850 5286.748575236640 7.38636693028885 1.93976037994564 0.64463776932644
2026-09-18T08:29:53.000 2368.084564780910 -3598.023951253330 5246.805101520600 6.92494437998585 3.13743345230531 -0.97555843506570
2026-09-18T08:33:53.000 3923.724815803700 -2723.311137428870 4824.124394106880 5.95944319357940 4.10741582987881 -2.52536157392288
2026-09-18T08:37:53.000 5193.770824097210 -1650.397813882230 4049.337851538330 4.55943584952022 4.77895432565765 -3.89177253435897
2026-09-18T08:41:53.000 6085.548566011540 -457.300599653397 2978.806430312130 2.82644885199505 5.10274753545113 -4.97470425795977
2026-09-18T08:45:53.000 6533.901260142350 769.108389121029 1690.606911741850 0.88692968994940 5.05480809912718 -5.69444820980364
2026-09-18T08:49:53.000 6506.114704627630 1939.471973678160 278.848714675253 -1.11692470462836 4.63859892562401 -5.99801644860047
2026-09-18T08:53:53.000 6004.417831889250 2968.575269822310 -1153.299442192060 -3.03799321178696 3.88497600909634 -5.86342029061119
2026-09-18T08:57:53.000 5065.796779583790 3781.684699199700 -2501.316948150210 -4.73566510559909 2.84984486368257 -5.30143756980639
2026-09-18T09:01:53.000 3759.098820689910 4320.052260383640 -3667.114863039660 -6.08672232140616 1.60958882099788 -4.35445966661963
2026-09-18T09:05:53.000 2179.734433247480 4545.112796967740 -4566.217504738980 -6.99432702576616 0.25489551127122 -3.09271815921315
2026-09-18T09:09:53.000 442.519661958447 4441.092517512490 -5133.783581420460 -7.39444902848538 -1.11615696260154 -1.60853309631108
2026-09-18T09:13:53.000 -1326.711524140840 4015.941068570710 -5329.089999057420 -7.25971405821670 -2.40512454331439 -0.00930539071435
2026-09-18T09:17:53.000 -3000.085047675600 3300.604170352040 -5138.238428808890 -6.60048681996144 -3.51986594226190 1.59006916545506
2026-09-18T09:21:53.000 -4456.668599256950 2346.773797671060 -4575.052387535860 -5.46393493264616 -4.38059774194871 3.07476654489371
2026-09-18T09:25:53.000 -5590.985100054110 1223.265146074860 -3680.124009274540 -3.93099110791603 -4.92522189236070 4.33780209700029
2026-09-18T09:29:53.000 -6320.544828175630 11.223486623362 -2518.046506530780 -2.11128442645013 -5.11375060136631 5.28733682429294
2026-09-18T09:33:53.000 -6591.919652233870 -1201.608995555440 -1172.943636350060 -0.13597133504551 -4.93160354965665 5.85352834010608
2026-09-18T09:37:53.000 -6384.834793948010 -2327.206151391180 257.512899887052 1.85148663632735 -4.39109625420108 5.99409199903734
2026-09-18T09:41:53.000 -5713.872718141460 -3283.705110733760 1669.194860077050 3.70592844468301 -3.53101429416592 5.69792200868968
2026-09-18T09:45:53.000 -4627.539509151860 -4001.478819242370 2959.189437466090 5.29165306090926 -2.41388899379057 4.98620543613220
2026-09-18T09:49:53.000 -3204.727126611380 -4428.290765314690 4033.408809151470 6.49272906383727 -1.12118043792034 3.91081841165011
2026-09-18T09:53:53.000 -1548.898415920790 -4533.123636459480 4813.524624745360 7.22162196421673 0.25288269813445 2.55038417240396
2026-09-18T09:57:53.000 219.547092969623 -4308.384134240190 5242.682615178000 7.42548329073063 1.60853338303825 1.00401925978639
2026-09-18T10:01:53.000 1972.031028275310 -3770.387256596080 5289.557765504010 7.08937604108090 2.84746978878818 -0.61586650806883
2026-09-18T10:05:53.000 3581.072829236320 -2958.168322291900 4950.615408488680 6.23734223133404 3.87977851469140 -2.19149279733205
2026-09-18T10:09:53.000 4929.501927326940 -1930.690104550410 4250.392241566700 4.93075559770957 4.63030197106163 -3.60810132369178
2026-09-18T10:13:53.000 5918.965411320500 -762.633228640253 3239.788222029940 3.26419483088270 5.04402429730338 -4.76207241467606
2026-09-18T10:17:53.000 6477.181184617080 460.977261318700 1992.465715920490 1.35907308315482 5.09035454499924 -5.56854408956738
2026-09-18T10:21:53.000 6563.381790824400 1650.989549499140 599.523204529337 -0.64502766761527 4.76576899153591 -5.96808101856324
2026-09-18T10:25:53.000 6171.432419478510 2720.728649964880 -837.237821546138 -2.60095053539472 4.09433112877848 -5.93152540674646
2026-09-18T10:29:53.000 5330.285079215650 3592.450424280120 -2212.912155769270 -4.36538514172311 3.12589691806316 -5.46233918808597
2026-09-18T10:33:53.000 4101.701661692920 4203.081148758060 -3427.318111618490 -5.80996879021775 1.93202435852680 -4.59609485911191
2026-09-18T10:37:53.000 2575.484332637680 4508.762883638240 -4392.367572113840 -6.83081322040534 0.60021576555848 -3.39726056497127
2026-09-18T10:41:53.000 862.690211272259 4487.875532818980 -5038.386354163550 -7.35563049794341 -0.77288816872814 -1.95377583932205
2026-09-18T10:45:53.000 -912.526217356536 4142.385502318820 -5318.956346178960 -7.34806479559404 -2.08853654146696 -0.37031065592017
2026-09-18T10:49:53.000 -2621.804431449970 3497.532523622370 -5214.050740280680 -6.80954357762940 -3.25261853981885 1.23916709537879
2026-09-18T10:53:53.000 -4141.634157549290 2599.958284897480 -4731.327910638870 -5.77877076268821 -4.18187770408792 2.75919750680690
2026-09-18T10:57:53.000 -5362.023927289940 1514.425728171860 -3905.582509860030 -4.32913413851665 -4.80941724085850 4.08035612828732
2026-09-18T11:01:53.000 -6194.328925413360 319.305543331636 -2796.386737960900 -2.56416662231862 -5.08943709906693 5.10682561162232
2026-09-18T11:05:53.000 -6577.713418339720 -898.933947321294 -1483.977784469770 -0.61081988612978 -5.00073242027174 5.76329066851025
2026-09-18T11:09:53.000 -6483.775099265930 -2051.918738483370 -63.597227031748 1.38922800174082 -4.54883201635580 6.00091151012927
2026-09-18T11:13:53.000 -5918.837888490490 -3055.829183933540 1361.405016705400 3.29007900996549 -3.76596010918053 5.80143621095467
2026-09-18T11:17:53.000 -4923.650834817270 -3837.590397777240 2687.160203357780 4.95259526488352 -2.70891045080444 5.17887246913927
2026-09-18T11:21:53.000 -3570.457697378720 -4340.301400278420 3816.972881648390 6.25517721200510 -1.45477716873086 4.17859224076333
2026-09-18T11:25:53.000 -1957.650830006130 -4527.413279376690 4668.455891119310 7.10283028577838 -0.09500235930562 2.87369378421878
2026-09-18T11:29:53.000 -202.516756800360 -4385.357533637100 5179.554239292400 7.43402809656765 1.27157536009200 1.35939184764746
2026-09-18T11:33:53.000 1567.340075914290 -3924.459761821480 5312.999248110860 7.22475169725189 2.54585075452994 -0.25423148966015
2026-09-18T11:37:53.000 3223.211094484990 -3178.159655310440 5058.956493813260 6.48984165801882 3.63543130872807 -1.84996586020445
2026-09-18T11:41:53.000 4644.545417736820 -2200.621868630930 4435.769873229350 5.28211152926493 4.46103138022829 -3.31159000417082
2026-09-18T11:45:53.000 5727.712338218500 -1062.876739620290 3488.713655665460 3.68893274792826 4.96226693629188 -4.53228548216289
2026-09-18T11:49:53.000 6393.612607069090 152.289942834225 2286.782759234130 1.82618696516982 5.10219071908551 -5.42241466728666
2026-09-18T11:53:53.000 6593.593418068960 1356.357490419260 917.727844144647 -0.16981930862447 4.87032998218052 -5.91636991888110
2026-09-18T11:57:53.000 6313.165683048650 2461.606817526710 -518.396778831895 -2.15253198165963 4.28383907395199 -5.97793754662032
2026-09-18T12:01:53.000 5573.110292257270 3387.653367079950 -1916.693692618560 -3.97651516790118 3.38628198465710 -5.60324479234040
2026-09-18T12:05:53.000 4427.834049331110 4067.405662334440 -3175.262861880120 -5.50881022586652 2.24410430624158 -4.82091275251345
2026-09-18T12:09:53.000 2961.137990294220 4451.936280720860 -4202.726655248170 -6.63891290890351 0.94120115273816 -3.68935057216296
2026-09-18T12:13:53.000 1279.854263180750 4513.895173153980 -4924.824176460920 -7.28647015873825 -0.42766222147012 -2.29181302364546
2026-09-18T12:17:53.000 -494.051104375963 4249.280901775760 -5289.615240406180 -7.40633313105364 -1.76384745589063 -0.72987084529316
2026-09-18T12:21:53.000 -2232.263064716630 3677.539250399930 -5271.003025109600 -6.99092224526894 -2.97170726695543 0.88394752337158
2026-09-18T12:25:53.000 -3809.178538767310 2840.076862149030 -4870.451981971080 -6.07026856204593 -3.96488087969947 2.43377497872340
2026-09-18T12:29:53.000 -5110.738097520440 1797.329801094970 -4116.853865180090 -4.70999164968006 -4.67205252218965 3.80821467635441
2026-09-18T12:33:53.000 -6042.495954124580 624.550246886315 -3064.549854824170 -3.00708874849358 -5.04179511350030 4.90778414540379
2026-09-18T12:37:53.000 -6536.468322699810 -593.459345240330 -1789.609907339570 -1.08385264255707 -5.04651335815076 5.65204395636825
2026-09-18T12:41:53.000 -6556.236905254940 -1768.397118348620 -384.488897333766 0.92050478606047 -4.68489877958285 5.98580742106012
2026-09-18T12:45:53.000 -6099.833265728510 -2814.880894999050 1048.624699788640 2.85990929943017 -3.98251330669374 5.88373988179803
2026-09-18T12:49:53.000 -5200.068999604320 -3656.753056491900 2405.298871473430 4.59246912961405 -2.99021445302463 5.35264984137114
2026-09-18T12:53:53.000 -3922.204999754830 -4232.732618182150 3586.585099180280 5.99140248829222 -1.78030971930510 4.43113441943630
2026-09-18T12:57:53.000 -2359.141214100050 -4500.923949510640 4506.334605205890 6.95459444305628 -0.44100516880159 3.18654654066238
2026-09-18T13:01:53.000 -624.558447977730 -4441.858864258230 5097.507879228830 7.41204014468543 0.93019810345833 1.70976061024687
2026-09-18T13:05:53.000 1155.423072330000 -4059.847360386900 5317.016075013250 7.33060584627451 2.23383936219598 0.10822918189362
2026-09-18T13:09:53.000 2851.375903674640 -3382.611884353530 5148.783374878670 6.71600682126093 3.37542284368271 -1.50171075926057
2026-09-18T13:13:53.000 4339.883145480850 -2459.289155204090 4604.905789152470 5.61231357559547 4.27202457329711 -3.00300527162987
2026-09-18T13:17:53.000 5512.447892100150 -1356.943571667540 3724.846965112290 4.09916389715027 4.85808822787662 -4.28599269400865
2026-09-18T13:21:53.000 6283.464056308650 -155.768553833488 2572.687168045230 2.28654819723144 5.09049683734639 -5.25651489309709
2026-09-18T13:25:53.000 6596.596842335370 1056.748767449580 1232.512033223710 0.30694004810485 4.95200190682869 -5.84308794232419
2026-09-18T13:29:53.000 6429.054513521160 2192.264240867250 -197.743056796881 -1.69437353635017 4.45281167082118 -6.00258752188121
2026-09-18T13:33:53.000 5793.338218486730 3168.144608245330 -1613.581084055920 -3.57051248830245 3.63000249423388 -5.72382505259402
2026-09-18T13:37:53.000 4736.240181473160 3913.603831989940 -2911.753190560450 -5.18444414388488 2.54456245624816 -5.02827657185438
2026-09-18T13:41:53.000 3335.197685411850 4374.884536807000 -3997.912777447030 -6.41943159390387 1.27641785695974 -3.96809087089187
2026-09-18T13:45:53.000 1692.370489980990 4519.049926869640 -4793.472983681290 -7.18735607402456 -0.08197123758352 -2.62152365658544
2026-09-18T13:49:53.000 -72.961775733350 4336.167715338050 -5241.148858056060 -7.43438675351492 -1.43253677823100 -1.08668801710475
2026-09-18T13:53:53.000 -1833.036124710000 3839.823190346230 -5308.869024191240 -7.14395101437855 -2.67847955209106 0.52565961292299
2026-09-18T13:57:53.000 -3460.665291850810 3066.027025361680 -4991.899035183870 -6.33731629066092 -3.73075682859983 2.09976186263217
2026-09-18T14:01:53.000 -4838.164751280780 2070.642904507320 -4313.118316478220 -5.07199380316565 -4.51388016752101 3.52252392348813
2026-09-18T14:05:53.000 -5865.671479898210 925.494550862244 -3321.466002072890 -3.43818988532617 -4.97114661745617 4.69114330207914
2026-09-18T14:09:53.000 -6468.332619010190 -286.665562549260 -2088.584871496780 -1.55299339233944 -5.06875379383596 5.52037547267742
2026-09-18T14:13:53.000 -6601.868432145730 -1478.018374896160 -703.816023689172 0.44738737606721 -4.79865175941669 5.94895476086687
2026-09-18T14:17:53.000 -6256.021445266450 -2562.036584169600 732.191817742403 2.41738092142035 -4.17964966441803 5.94458942028298
2026-09-18T14:21:53.000 -5455.515970142810 -3459.848656489350 2114.829803338250 4.21291651546592 -3.25639279508851 5.50684603857987
2026-09-18T14:25:53.000 -4258.353382184080 -4106.097296483030 3343.264382576560 5.70256103732086 -2.09612341405510 4.66742948716800
2026-09-18T14:29:53.000 -2751.544130284300 -4453.766234520600 4327.903308510570 6.77751880455485 -0.78345113514739 3.48768560200758
2026-09-18T14:33:53.000 -1044.672732671350 -4477.596839776000 4996.966514677290 7.35957879171215 0.58604982171145 2.05373189603106
2026-09-18T14:37:53.000 738.140699931206 -4175.880179223580 5301.687810905360 7.40652499125170 1.91293578694877 0.47004217090965
2026-09-18T14:41:53.000 2467.265062870730 -3570.518246177700 5219.806123555330 6.91484888891913 3.10102543405655 -1.14831646786318
2026-09-18T14:45:53.000 4016.901032298930 -2705.432882435120 4757.148827359130 5.91981114480086 4.06408883227480 -2.68370389106191
2026-09-18T14:49:53.000 5274.155651385030 -1643.431099627630 3947.257221267950 4.49310405401035 4.73191301270252 -4.02418260442891
2026-09-18T14:53:53.000 6147.265720504050 -461.730322086499 2849.052373703610 2.73816633813223 5.05538867730652 -5.07148071233562
2026-09-18T14:57:53.000 6572.427551438930 753.614968425556 1542.644712397360 0.78314754974029 5.01052269111090 -5.74846493421026
2026-09-18T15:01:53.000 6518.632132619890 1914.041874509460 123.485917108547 -1.22853606541754 4.60058625510994 -6.00529333890201
2026-09-18T15:05:53.000 5990.031837765790 2935.060483517400 -1304.715329966370 -3.14919305088765 3.85603768640749 -5.82346685013928
2026-09-18T15:09:53.000 5025.589812389920 3742.538101270300 -2637.743217404930 -4.83832698828320 2.83214349349964 -5.21725782872563
2026-09-18T15:13:53.000 3696.032039513240 4278.144511833490 -3778.625440312620 -6.17340530206467 1.60441677090729 -4.23229524363281
2026-09-18T15:17:53.000 2098.418097165510 4503.512734089440 -4644.724594268890 -7.05881884523784 0.26261410833522 -2.94154178376079
2026-09-18T15:21:53.000 348.858535274805 4402.839416057090 -5173.608422397800 -7.43222401724264 -1.09617395030762 -1.43930371327212
2026-09-18T15:25:53.000 -1425.943781681020 3983.807755384560 -5327.341483091170 -7.26808074822024 -2.37443763255370 0.16582211334230
2026-09-18T15:29:53.000 -3097.708387434540 3276.895138324440 -5095.011569007850 -6.57877966197263 -3.48078828762450 1.75850887882191
2026-09-18T15:33:53.000 -4545.595785072350 2333.167425043220 -4493.423487012010 -5.41358211125810 -4.33599812104401 3.22440426571275
2026-09-18T15:37:53.000 -5664.716724618540 1220.708186916240 -3565.941287805810 -3.85545677322913 -4.87828841564315 4.45778563834067
2026-09-18T15:41:53.000 -6373.645653012690 19.880379065863 -2379.532279406990 -2.01592900181583 -5.06778575548354 5.36885486332336
2026-09-18T15:45:53.000 -6620.435704095250 -1182.363849707680 -1020.121439062960 -0.02770874039367 -4.88986677680380 5.89048657243538
2026-09-18T15:49:53.000 -6386.604553685290 -2298.758652022500 413.539033566195 1.96473882650424 -4.35661642446725 5.98364749606231
2026-09-18T15:53:53.000 -5688.694987763300 -3248.111856357560 1817.054904698490 3.81585002846626 -3.50631092491337 5.64071903809527
2026-09-18T15:57:53.000 -4577.199293213410 -3961.317891640260 3088.088396633150 5.39011419134265 -2.40076668693255 4.88637069482402
2026-09-18T16:01:53.000 -3132.870754679930 -4386.477240640710 4133.935906913610 6.57247030392988 -1.12061594481939 3.77568627614850
2026-09-18T16:05:53.000 -1460.748401208430 -4492.690607951760 4878.349027514090 7.27682116285581 0.24088188991317 2.38980754482180
2026-09-18T16:09:53.000 317.571583142141 -4272.263641387940 5267.072706910730 7.45206361423221 1.58480703798392 0.82971508584687
2026-09-18T16:13:53.000 2072.786402478800 -3741.205929981320 5271.738544268470 7.08541926402280 2.81372555381328 -0.79115439327922
2026-09-18T16:17:53.000 3677.222631896060 -2938.047115967900 4891.889106809450 6.20314960345217 3.83848584021305 -2.35502015710453
2026-09-18T16:21:53.000 5014.041867195440 -1921.088930621850 4155.036078293830 4.86879025631797 4.58446526570480 -3.74795384478287
2026-09-18T16:25:53.000 5985.730017057980 -764.244031782839 3114.752961241110 3.17893699954255 4.99700372223635 -4.86801421164696
2026-09-18T16:29:53.000 6521.297574717830 448.286626810834 1846.881272383270 1.25675032231913 5.04560908036919 -5.63279743629829
2026-09-18T16:33:53.000 6581.630233841240 1628.159527613200 444.023721113699 -0.75694038186034 4.72653235099105 -5.98593956861500
2026-09-18T16:37:53.000 6162.492612280040 2689.435599034350 -991.289407718331 -2.71420463235692 4.06348099821006 -5.90168469416059
2026-09-18T16:41:53.000 5294.838373752990 3554.994477350510 -2354.269857244630 -4.47166452217010 3.10570889155615 -5.38706544877350
2026-09-18T16:45:53.000 4042.367036004560 4162.217696765790 -3545.689086264490 -5.90154985529130 1.92399147677258 -4.48100579188198
2026-09-18T16:49:53.000 2496.603902034350 4467.497218192710 -4479.161509983720 -6.90114257581902 0.60490856716394 -3.25082064731244
2026-09-18T16:53:53.000 769.998852557388 4449.231398009720 -5087.319803987800 -7.39970555808812 -0.75587924513325 -1.78663357803332
2026-09-18T16:57:53.000 -1012.315123856650 4109.178017162250 -5326.490864254420 -7.36278937900850 -2.06053485890364 -0.19453957952511
2026-09-18T17:01:53.000 -2721.477024791190 3472.158005408440 -5179.623397377400 -6.79384043255363 -3.21575648432729 1.41097293290408
2026-09-18T17:05:53.000 -4233.965581794560 2584.226688710660 -4657.387890147270 -5.73364692648182 -4.13887234360568 2.91466493221516
2026-09-18T17:09:53.000 -5440.287441245430 1509.443975093510 -3797.433253427710 -4.25770859541312 -4.76337823062006 4.20822536115745
2026-09-18T17:13:53.000 -6252.781205110460 325.410619545561 -2661.821185384590 -2.47149178241891 -5.04363658165893 5.19772927359916
2026-09-18T17:17:53.000 -6612.028704521120 -882.194946924833 -1332.734230664840 -0.50356354228453 -4.95844436329148 5.81049876682270
2026-09-18T17:21:53.000 -6491.374402239860 -2025.752756455580 93.337533938378 1.50321706428827 -4.51303470985743 6.00081264397762
2026-09-18T17:25:53.000 -5899.118072343970 -3022.120627935230 1512.592451260700 3.40232864479894 -3.73930768646927 5.75392795872266
2026-09-18T17:29:53.000 -4878.030905383070 -3798.795109420460 2821.572379664340 5.05486526733591 -2.69343668209833 5.08744833483411
2026-09-18T17:33:53.000 -3502.247513394970 -4299.255647246780 3924.812744133550 6.34000702525257 -1.45161305157189 4.04994675843529
2026-09-18T17:37:53.000 -1871.807302687850 -4487.113178952610 4741.871900252520 7.16404435578165 -0.10433953610003 2.71722697605652
2026-09-18T17:41:53.000 -105.281716658399 -4348.739823175640 5213.201233850930 7.46715807633632 1.25041252051345 1.18647331856431
2026-09-18T17:45:53.000 1668.889269481540 -3894.193888981900 5304.423351923280 7.22734366199843 2.51440187752725 -0.43101436002024
2026-09-18T17:49:53.000 3321.674763929000 -3156.454701057640 5008.784960384000 6.46169878232544 3.59597631500986 -2.01768703307796
2026-09-18T17:53:53.000 4732.751874055570 -2189.061908350880 4347.666896479720 5.22529671130176 4.41646789044665 -3.45803605059670
2026-09-18T17:57:53.000 5799.230087590360 -1062.299317363400 3369.103529265640 3.60751103228348 4.91586934577139 -4.64677736056758
2026-09-18T18:01:53.000 6443.215459423080 141.849264399014 2144.403381230500 1.72612200380699 5.05733300129871 -5.49649636934840
2026-09-18T18:05:53.000 6617.671840985970 1335.669303164960 762.990659503165 -0.28115121669812 4.83032077218849 -5.94464706095038
2026-09-18T18:09:53.000 6309.981456182730 2432.197118515360 -674.185895156777 -2.26699405012936 4.25161642534808 -5.95837391507236
2026-09-18T18:13:53.000 5542.921854341220 3351.689553587290 -2062.158696038570 -4.08570512300927 3.36423043324808 -5.53732269146481
2026-09-18T18:17:53.000 4372.875237765170 4027.541436519740 -3299.804876300760 -5.60478384863111 2.23385398344141 -4.71356517246795
2026-09-18T18:21:53.000 2885.433941107670 4411.111599361730 -4297.301099221490 -6.71478310513935 0.94348738881922 -3.54850569487047
2026-09-18T18:25:53.000 1188.910676219250 4475.108899108790 -4982.584230427380 -7.33684120785133 -0.41307834163949 -2.12774188694030
2026-09-18T18:29:53.000 -593.647027671451 4215.364514754900 -5306.385398119780 -7.42763133469527 -1.73810690529750 -0.55442654607667
2026-09-18T18:33:53.000 -2333.308339049650 3650.952841781160 -5245.564187163800 -6.98162958997821 -2.93675127281037 1.05812266717087
2026-09-18T18:37:53.000 -3904.362696505300 2822.730121262340 -4804.620469227700 -6.03099241733226 -3.92331425173272 2.59417216840176
2026-09-18T18:41:53.000 -5193.146770726460 1790.455054607450 -4015.355591933250 -4.64343394344231 -4.62687406917697 3.94322217611913
2026-09-18T18:45:53.000 -6106.112650708890 628.629775845866 -2934.705359941810 -2.91798484529217 -4.99623639974734 5.00754088537206
2026-09-18T18:49:53.000 -6576.621852108710 -578.726569498195 -1640.820540714250 -0.97862569933438 -5.00382910472312 5.70917162774435
2026-09-18T18:53:53.000 -6569.962952412160 -1744.077449338900 -227.566757436439 1.03415012595609 -4.64818389775353 5.99602240925188
2026-09-18T18:57:53.000 -6086.105858744070 -2782.741244099030 1202.250026089190 2.97362674775633 -3.95446085221002 5.84620295937847
2026-09-18T19:01:53.000 -5159.889237497620 -3619.134833092240 2544.421362968340 4.69781318473518 -2.97291032402654 5.27008487799922
2026-09-18T19:05:53.000 -3858.529415754560 -4192.397465630470 3701.072759443650 6.08067117936937 -1.77512354443640 4.30968221587614
2026-09-18T19:09:53.000 -2276.624072583980 -4460.851274319890 4587.874494551580 7.02140805278552 -0.44835575377034 3.03511722855685
2026-09-18T19:13:53.000 -529.195656970272 -4404.999464897030 5140.187639735100 7.45161674176520 0.91094757754348 1.53932070933130
2026-09-18T19:17:53.000 1256.703267920990 -4028.898537027700 5317.737131748330 7.34003354601596 2.20414102561430 -0.06885398216459
2026-09-18T19:21:53.000 2951.205215766300 -3359.832943330250 5107.493771201810 6.69454682121309 3.33745470223318 -1.67258191596462
2026-09-18T19:25:53.000 4430.983854523560 -2446.345134819330 4524.610100745220 5.56147994378656 4.22853711710041 -3.15519177683384
2026-09-18T19:29:53.000 5588.171594163870 -1354.782081813760 3611.398973171640 4.02263043642578 4.81228020987715 -4.40837955839047
2026-09-18T19:33:53.000 6338.271948086640 -164.543886730755 2434.368483398280 2.18985602138539 5.04571743605724 -5.34009494202109
2026-09-18T19:37:53.000 6626.482732370920 1037.677198317530 1079.440951705090 0.19724462145715 4.91150975258527 -5.88169061030400
2026-09-18T19:41:53.000 6431.859667153080 2164.294949508920 -354.369540080690 -1.80896065976942 4.41962447569614 -5.99344829956163
2026-09-18T19:45:53.000 5768.893621235550 3133.341123468050 -1762.325792397310 -3.68161106682861 3.60659395483312 -5.66770161882786
2026-09-18T19:49:53.000 4686.367057943980 3874.537594436310 -3041.780632989700 -5.28396254370845 2.53266439437746 -4.92940285973233
2026-09-18T19:53:53.000 3263.559578905030 4334.439579392440 -4099.786140473370 -6.50019830445362 1.27689499223591 -3.83380026495050
2026-09-18T19:57:53.000 1604.189420860430 4480.206111919360 -4859.830568473920 -7.24363073701676 -0.06919868016640 -2.46165729738006
2026-09-18T20:01:53.000 -171.292882090084 4301.774473167590 -5267.214902983390 -7.46219551793687 -1.40845540273148 -0.91282898694622
2026-09-18T20:05:53.000 -1934.408945652980 3812.394092584340 -5292.778766112870 -7.14133853557728 -2.64488546093974 0.70098156905809
2026-09-18T20:09:53.000 -3557.757327315510 3047.560774299650 -4934.824689319420 -6.30446932232464 -3.69012452394162 2.26390363885489
2026-09-18T20:13:53.000 -4923.956961378500 2062.476151505050 -4219.190246398550 -5.01123093322725 -4.46921107079475 3.66362988950645
2026-09-18T20:17:53.000 -5933.943200353230 928.210577611947 -3197.483203812520 -3.35382715154215 -4.92567008188775 4.79895811837205
2026-09-18T20:21:53.000 -6514.119636627790 -273.265712397804 -1943.539629412170 -1.45112272920046 -5.02573981491954 5.58699413759598
2026-09-18T20:25:53.000 -6621.837645253700 -1454.904809537960 -548.254136077053 0.55933630825068 -4.76121232770417 5.96942047586373
2026-09-18T20:29:53.000 -6248.735098368950 -2530.888694154860 886.936816875647 2.53116070423026 -4.15056007079151 5.91735679806444
2026-09-18T20:33:53.000 -5421.538312495690 -3422.948301491160 2257.481210248270 4.32020240667675 -3.23784458563949 5.43391794681494
2026-09-18T20:37:53.000 -4200.199572302910 -4066.159460099320 3463.434062184890 5.79551576458549 -2.08952014034461 4.55417203327705
2026-09-18T20:41:53.000 -2673.486297800120 -4413.737436745370 4416.859451673930 6.84943630513932 -0.78930648532552 3.34243294141455
2026-09-18T20:45:53.000 -952.405304304156 -4440.433097437940 5048.266681066700 7.40538475070829 0.56819750536024 1.88709166691114
2026-09-18T20:49:53.000 837.924308084011 -4144.304538185240 5311.616636990500 7.42296282239923 1.88452488072073 0.29400084231365
2026-09-18T20:53:53.000 2567.318183698920 -3546.819666051400 5187.625411870830 6.90062091167816 3.06420339469611 -1.32105466928142
2026-09-18T20:57:53.000 4109.927856103300 -2691.316170762950 4685.167921566650 5.87581563362182 4.02154904396590 -2.84061084696073
2026-09-18T21:01:53.000 5353.336460856590 -1639.907524971170 3840.683988425450 4.42241371591073 4.68670642595235 -4.15375933795997
2026-09-18T21:05:53.000 6206.773586788160 -469.051726304960 2715.639887569770 2.64591446193882 5.01076475633851 -5.16418228073239
2026-09-18T21:09:53.000 6607.871108493700 735.975880503546 1392.125653079750 0.67610739164010 4.96969173172258 -5.79742998797285
2026-09-18T21:13:53.000 6527.397759235170 1887.361549052650 -33.138207191150 -1.34242353793645 4.56653979306749 -6.00689907901214
2026-09-18T21:17:53.000 5971.486159152110 2901.281097912260 -1456.003805600760 -3.26149315050434 3.83129501245690 -5.77769267388306
2026-09-18T21:21:53.000 4981.111587291650 3704.128037369140 -2772.675400424630 -4.94080759978447 2.81853934777558 -5.12758988306399
2026-09-18T21:25:53.000 3628.890637909500 4237.917734257520 -3887.408154673850 -6.25864586751615 1.60297907020107 -4.10540291593616
2026-09-18T21:29:53.000 2013.513171730500 4464.420158609930 -4719.495942314370 -7.12072271699229 0.27344157709731 -2.78674609309259
2026-09-18T21:33:53.000 252.354720500787 4367.745452530400 -5208.992499258890 -7.46640854174695 -1.07388453892311 -1.26786800659978
2026-09-18T21:37:53.000 -1527.066339539190 3955.282524742430 -5320.816661375690 -7.27216236111316 -2.34232589840385 0.34151193509327
2026-09-18T21:41:53.000 -3196.151361277230 3257.025427843160 -5047.079903690350 -6.55250500429895 -3.44121514890393 1.92579320541974
2026-09-18T21:45:53.000 -4634.256559140630 2323.406468191210 -4407.569108953240 -5.35882548616770 -4.29184378236283 3.37122240081249
2026-09-18T21:49:53.000 -5737.191716053880 1221.775097825640 -3448.394141881500 -3.77614965949871 -4.83276584149996 4.57345227062846
2026-09-18T21:53:53.000 -6424.699892077690 31.702027372700 -2238.835315604190 -1.91781587313533 -5.02423595947140 5.44492320543872
2026-09-18T21:57:53.000 -6646.387049038790 -1160.646749808410 -866.507710032248 0.08208980833319 -4.85145485395526 5.92139252619374
2026-09-18T22:01:53.000 -6385.600453675520 -2268.723112724050 568.885253990300 2.07818017238045 -4.32613844702634 5.96708173347641
2026-09-18T22:05:53.000 -5660.864693107880 -3211.950100526680 1962.814539554490 3.92458526564698 -3.48606835078329 5.57789432013918
2026-09-18T22:09:53.000 -4524.635388309170 -3921.692782335950 3213.652911605350 5.48624831959666 -2.39233305340051 4.78194433884935
2026-09-18T22:13:53.000 -3059.450389588570 -4346.317481381260 4230.184884823820 6.64909047112483 -1.12462074347446 3.63731911370360
2026-09-18T22:17:53.000 -1371.844758542820 -4454.963233539760 4938.307488554340 7.32846116735484 0.22474839395801 2.22760131057335
2026-09-18T22:21:53.000 415.489871217976 -4239.746030446220 5286.406501048880 7.47510725518333 1.55782012160852 0.65543210633631
2026-09-18T22:25:53.000 2172.617426107890 -3716.260395574260 5249.043241542060 7.07819758421073 2.77801959652279 -0.96500743110915
2026-09-18T22:29:53.000 3771.701277226270 -2922.454931693660 4828.777723852030 6.16600449728481 3.79672465385233 -2.51591626855259
2026-09-18T22:33:53.000 5096.244520867390 -1915.945965708360 4056.049599125230 4.80422455910816 4.53967209941108 -3.88417768056969
2026-09-18T22:37:53.000 6049.585984963350 -769.898417758541 2987.061074132730 3.09153878055350 4.95235090070867 -4.96952374621861
2026-09-18T22:41:53.000 6562.059473441630 432.246794649642 1699.775667630290 1.15289330575824 5.00423333174305 -5.69204926589986
2026-09-18T22:45:53.000 6596.255615990560 1602.885813368460 288.247159687524 -0.86952660434829 4.69143375950032 -5.99850153961468
2026-09-18T22:49:53.000 6149.884056490910 2656.752635211070 -1144.355560690590 -2.82715325512343 4.03721639622087 -5.86669157626769
2026-09-18T22:53:53.000 5255.914035023460 3517.271409130880 -2493.464956246320 -4.57666961517900 3.09023207579765 -5.30719318222790
2026-09-18T22:57:53.000 3979.968967806960 4122.198298483510 -3660.892747275790 -5.99097239344860 1.92044884449774 -4.36218767156527
2026-09-18T23:01:53.000 2415.275263415660 4428.093460720070 -4562.024039341340 -6.96852101782119 0.61355112136320 -3.10178891172604
2026-09-18T23:05:53.000 675.644564441244 4413.309640413980 -5131.860802100530 -7.44022753076999 -0.73568641797916 -1.61826549045761
2026-09-18T23:09:53.000 -1112.863286611330 4079.348986391260 -5329.514725848050 -7.37358025018568 -2.03026160197472 -0.01903338449410
2026-09-18T23:13:53.000 -2820.953498087930 3450.591138236170 -5140.937248089710 -6.77417743899530 -3.17760019950153 1.58094807099319
2026-09-18T23:17:53.000 -4325.189932910880 2572.490024070360 -4579.806926712870 -5.68495680194657 -4.09561209691169 3.06685046383929
2026-09-18T23:21:53.000 -5516.670095123940 1508.389258138510 -3686.579540632890 -4.18345369947354 -4.71816144753279 4.33162465298852
2026-09-18T23:25:53.000 -6308.790009568880 335.118912306232 -2525.732088751600 -2.37700007826539 -4.99969968410306 5.28332464351760
2026-09-18T23:29:53.000 -6643.611242268830 -862.414907197137 -1181.302899667910 -0.39576809372924 -4.91897575440366 5.85196338451621
2026-09-18T23:33:53.000 -6496.270976083790 -1997.338272325330 249.087747865639 1.61645345592928 -4.48099700734121 5.99511429222137
2026-09-18T23:37:53.000 -5877.008461902290 -2987.150189809480 1661.319967496820 3.51276360223445 -3.71704423683004 5.70145929004272
2026-09-18T23:41:53.000 -4830.569477962570 -3759.825860959260 2952.444628848420 5.15439450377761 -2.68259280174941 4.99204333822759
2026-09-18T23:45:53.000 -3432.944089522200 -4259.150684682580 4028.309786280080 6.42139844676416 -1.45306403743532 3.91863588674287
2026-09-18T23:49:53.000 -1785.739889492480 -4448.830998060820 4810.483737602810 7.22152070964098 -0.11796981110376 2.55959521587580
2026-09-18T23:53:53.000 -8.719956910429 -4315.091108954160 5241.950977327600 7.49661017542700 1.22567785709869 1.01394386555143
2026-09-18T23:57:53.000 1768.927072152590 -3867.631053512320 5291.223646000620 7.22668472245894 2.48047757964747 -0.60594787139744
2026-09-19T00:01:53.000 3417.917310725920 -3138.878717261950 4954.575025087240 6.43089167907352 3.55548705530695 -2.18244392066542
2026-09-19T00:05:53.000 4818.162539687560 -2181.695597917800 4256.339207083910 5.16634510818073 4.37238564504477 -3.60069993376028
2026-09-19T00:09:53.000 5867.509460653800 -1065.634955525150 3247.257867930940 3.52456748540742 4.87129467027862 -4.75686097414357
2026-09-19T00:13:53.000 6489.292424746680 128.070551708667 2000.885578202200 1.62517138749127 5.01539622897036 -5.56588463065406
2026-09-19T00:17:53.000 6638.089927899090 1312.439536865110 608.257692587225 -0.39268941213909 4.79396816800522 -5.96812150690285
2026-09-19T00:21:53.000 6303.191253661500 2401.179617673090 -828.830432887398 -2.38076603002430 4.22347292686864 -5.93418736267466
2026-09-19T00:25:53.000 5509.400578060020 3315.117008786460 -2205.433612802680 -4.19331958144818 3.34636784197982 -5.46735282104049
2026-09-19T00:29:53.000 4315.061507574800 3988.056893940530 -3421.281261387330 -5.69837234870896 2.22760150574088 -4.60300725822508
2026-09-19T00:33:53.000 2807.533335828200 4371.575649390110 -4388.159900229480 -6.78757271017712 0.94931336249119 -3.40548404956389
2026-09-19T00:37:53.000 1096.577075399480 4438.386841673630 -5036.246709004870 -7.38360631171948 -0.39560103229649 -1.96268465696909
2026-09-19T00:41:53.000 -693.727021074559 4184.112863822760 -5318.976420194340 -7.44503246958400 -1.71028274159268 -0.37929948723921
2026-09-19T00:45:53.000 -2433.893245285190 3627.423387466140 -5216.179511373490 -6.96841031525969 -2.90061337886644 1.23067142978806
2026-09-19T00:49:53.000 -3998.174436377160 2808.614389296780 -4735.386880048620 -5.98810638915406 -3.88148444780560 2.75168790731909
2026-09-19T00:53:53.000 -5273.390945581620 1786.760726370810 -3911.275058036440 -4.57392836345041 -4.58238500403024 4.07433734109085
2026-09-19T00:57:53.000 -6166.957384599870 635.612922516052 -2803.301826154440 -2.82679968280117 -4.95228290502056 5.10271499801843
2026-09-19T01:01:53.000 -6613.623115224120 -561.576173875886 -1491.619376820920 -0.87232100083809 -4.96356322353904 5.76138303107510
2026-09-19T01:05:53.000 -6580.406721976170 -1717.997560419810 -71.417990608306 1.14778457127670 -4.61449202121999 6.00133948736889
2026-09-19T01:09:53.000 -6069.235683728700 -2749.619566641240 1353.970139689250 3.08620597297597 -3.92984751659616 5.80421351703777
2026-09-19T01:13:53.000 -5116.948465438500 -3581.388567987430 2680.662320381430 4.80116979545797 -2.95921727418017 5.18386448340048
2026-09-19T01:17:53.000 -3792.654830235980 -4152.781576497330 3811.907586350630 6.16725022977139 -1.77333537580830 4.18548584086282
2026-09-19T01:21:53.000 -2192.632813241950 -4422.257931071840 4665.232321684380 7.08488365275723 -0.45861561824961 2.88205599658663
2026-09-19T01:25:53.000 -433.216293879429 -4370.248066532760 5178.448669939270 7.48744875932698 0.88939329426610 1.36855744977688
2026-09-19T01:29:53.000 1357.687996931690 -4000.521133079060 5314.117667724090 7.34565681402920 2.17291312024839 -0.24497442347180
2026-09-19T01:33:53.000 3049.848896064430 -3339.881904836250 5062.242061313980 6.66952514003161 3.29891045580517 -1.84128325456165
2026-09-19T01:37:53.000 4520.094563416150 -2436.236564174460 4440.996194544710 5.50752031312568 4.18557142900865 -3.30421849264939
2026-09-19T01:41:53.000 5661.219292145870 -1355.203804878220 3495.487120067670 3.94352642169679 4.76801677693289 -4.52684915181830
2026-09-19T01:45:53.000 6389.870994841950 -175.431728470266 2294.587906435450 2.09131276090938 5.00328453031246 -5.41930626868704
2026-09-19T01:49:53.000 6652.804607202580 1017.129831120990 925.976487555861 0.08643883898074 4.87392631999382 -5.91579625580489
2026-09-19T01:53:53.000 6430.927074085810 2135.580062792040 -510.314187155850 -1.92385685134791 4.38954931117608 -5.97987675610640
2026-09-19T01:57:53.000 5740.751923686290 3098.534300588610 -1909.358349273780 -3.79205009483496 3.58622352503689 -5.60747994357358
2026-09-19T02:01:53.000 4633.071076988600 3836.167972989380 -3169.180556495380 -5.38186386559413 2.52353152877839 -4.82703592502054
2026-09-19T02:05:53.000 3188.992296545470 4295.302330302470 -4198.287233529400 -6.57848697366444 1.27966576699178 -3.69682663078374
2026-09-19T02:09:53.000 1513.763753940470 4443.146836839310 -4922.284483887040 -7.29670432633582 -0.05476991833070 -2.30006728616595
2026-09-19T02:13:53.000 -271.030887622980 4269.472345805320 -5289.090065965750 -7.48625668423454 -1.38349705211091 -0.73831018549284
2026-09-19T02:17:53.000 -2036.242475122090 3787.162329742440 -5272.471398602680 -7.13461994203872 -2.61129551941417 0.87585971816649
2026-09-19T02:21:53.000 -3654.300559500900 3031.184718609720 -4873.768776514420 -6.26735129991963 -3.65036134255111 2.42653654434697
2026-09-19T02:25:53.000 -5008.182621839700 2056.101976204850 -4121.763977484360 -4.94631277024015 -4.42612753222622 3.80223996985570
2026-09-19T02:29:53.000 -5999.694824406150 932.267243749920 -3070.701030713480 -3.26570919237338 -4.88235230204788 4.90348500315818
2026-09-19T02:33:53.000 -6556.551002096200 -259.092862290513 -1796.556701709130 -1.34607635024192 -4.98525256756080 5.64975371185193
2026-09-19T02:37:53.000 -6637.779233343220 -1431.642099925260 -391.727142034971 0.67367990374807 -4.72639930429797 5.98567857300354
2026-09-19T02:41:53.000 -6236.959252101070 -2500.205385057040 1041.616523286610 2.64635541360772 -4.12391216435934 5.88578180344083
2026-09-19T02:45:53.000 -5382.872869399200 -3387.054353115990 2399.033862094250 4.42769722851805 -3.22135124471305 5.35677527193921
2026-09-19T02:49:53.000 -4137.457701112050 -4027.661591454850 3581.539917172800 5.88742803132701 -2.08445822115564 4.43712505292381
2026-09-19T02:53:53.000 -2591.239390861900 -4375.446560363230 4502.915750582510 6.91907223974508 -0.79608036606936 3.19403740179402
2026-09-19T02:57:53.000 -856.646745569751 -4405.145002879350 5096.012322864190 7.44765087174311 0.55010142247145 1.71819167331198
2026-09-19T03:01:53.000 940.213991528832 -4114.596771401580 5317.591733902270 7.43480400225043 1.85639986872190 0.11694241395769
2026-09-19T03:05:53.000 2668.696499583880 -3524.866393924360 5151.413363161270 6.88123307934971 3.02810721414888 -1.49341565937944
2026-09-19T03:09:53.000 4203.022860196310 -2678.720846938270 4609.416127475160 5.82659614283368 3.98014433217945 -2.99572821105314
2026-09-19T03:13:53.000 5431.374887729540 -1637.584573227580 3730.923953481990 4.34692585386834 4.64303337310059 -4.28030529711873
2026-09-19T03:17:53.000 6264.075502015870 -477.162993098536 2579.891009533680 2.54966469613104 4.96802563760197 -5.25287279420609
2026-09-19T03:21:53.000 6640.275144150800 718.037002264604 1240.315213781200 0.56615413113906 4.93103742652011 -5.84176709609389
2026-09-19T03:25:53.000 6532.567914700630 1860.922981951560 -189.912608489070 -1.45802223860601 4.53479851281439 -6.00367465251963
2026-09-19T03:29:53.000 5949.085810172060 2868.294662518910 -1606.287752275170 -3.37422686365486 3.80881504714469 -5.72717730511729
2026-09-19T03:33:53.000 4932.830880069410 3667.035864334320 -2905.509651029410 -5.04243216799708 2.80702083690442 -5.03361101190695
2026-09-19T03:37:53.000 3558.296039054560 4199.470249097860 -3993.143851175700 -6.34185800250094 1.60327016438411 -3.97496124176040
2026-09-19T03:41:53.000 1925.761854459290 4427.462451083950 -4790.484645400730 -7.17964257182833 0.28547426873906 -2.62939669854523
2026-09-19T03:45:53.000 153.809832436900 4334.992943646230 -5240.112962292420 -7.49690360257096 -1.05111340990168 -1.09498942242587
2026-09-19T03:49:53.000 -1629.279685596040 3929.110847136600 -5309.818630375480 -7.27204420768007 -2.31060988434544 0.51750678102490
2026-09-19T03:53:53.000 -3294.632494283290 3239.304468377450 -4994.736051465100 -6.52168346450080 -3.40294736792692 2.09226537891481
2026-09-19T03:57:53.000 -4721.841648800470 2315.380042188970 -4317.629541781920 -5.29937497096180 -4.24981046713630 3.51614058416556
2026-09-19T04:01:53.000 -5807.473640478980 1223.989623114370 -3327.334167302980 -3.69227042932730 -4.78997151337997 4.68628818117627
2026-09-19T04:05:53.000 -6472.500661972690 43.970335666286 -2095.394515149330 -1.81547057653682 -4.98374937560197 5.51744133252845
2026-09-19T04:09:53.000 -6668.131918118370 -1139.227381603100 -711.073147337542 0.19555405227599 -4.81613014323168 5.94818166316248
2026-09-19T04:13:53.000 -6379.602336773640 -2239.698478873480 725.015707525124 2.19448358066074 -4.29845980272374 5.94602816337703
2026-09-19T04:17:53.000 -5627.472838406000 -3177.402949786140 2108.257041407680 4.03514494661906 -3.46800132898825 5.51041417832184
2026-09-19T04:21:53.000 -4466.227385850460 -3884.101515647760 3337.783391833810 5.58285215468914 -2.38519674189735 4.67291306265192
2026-09-19T04:25:53.000 -2980.260013967060 -4308.393995370590 4323.935035001260 6.72461621774534 -1.12901560814758 3.49473865805464
2026-09-19T04:29:53.000 -1277.623847877790 -4419.455835956690 4994.834354849420 7.37742525925472 0.20913959068526 2.06188233781795
2026-09-19T04:33:53.000 517.892331392718 -4209.220959154860 5301.577336113380 7.49388843004380 1.53215985883925 0.47862428478954
2026-09-19T04:37:53.000 2275.739097914420 -3692.926184519950 5221.740455973070 7.06538006683623 2.74411231007920 -1.13996918856210
2026-09-19T04:41:53.000 3868.030114707280 -2908.007607179930 4760.990344785110 6.12256024828307 3.75702998307411 -2.67626715460876
2026-09-19T04:45:53.000 5178.764712958000 -1911.434979275560 3952.719296350850 4.73330807395941 4.49706778537814 -4.01819323350496
2026-09-19T04:49:53.000 6112.291421754730 -775.653232281224 2855.732843756290 2.99835198891243 4.90992441220313 -5.06738319204574
2026-09-19T04:53:53.000 6600.404243385560 416.640708258495 1550.048481124420 1.04433757905015 4.96507294343034 -5.74657514175279
2026-09-19T04:57:53.000 6607.497052456990 1578.566508032180 131.062945527326 -0.98543353001378 4.65843783702577 -6.00574155324218
2026-09-19T05:01:53.000 6133.279416821450 2625.509883282980 -1297.520734523860 -2.94186860415835 4.01288539978839 -5.82618262610352
2026-09-19T05:05:53.000 5212.766377749980 3481.422204025470 -2631.452188362240 -4.68179342859636 3.07642887954143 -5.22202351057518
2026-09-19T05:09:53.000 3913.512306089550 4084.417374497040 -3773.689497211840 -6.07893239946868 1.91826179687387 -4.23874965248944
2026-09-19T05:13:53.000 2330.402070509560 4391.206435243110 -4641.491047531740 -7.03313396143612 0.62313018376837 -2.94918261420520
2026-09-19T05:17:53.000 578.533259909329 4380.063007949590 -5172.295582493280 -7.47701065679653 -0.71513533623351 -1.44757553547785
2026-09-19T05:21:53.000 -1215.189787443960 4052.193973448480 -5328.032363272100 -7.38000001849285 -2.00038865034763 0.15749139457100
2026-09-19T05:25:00.000 -2558.404069380560 3591.776112281070 -5181.323358261430 -6.93305137036691 -2.90574210737639 1.40579716952666
2026-09-19T05:29:00.000 -4109.794483442170 2773.032049391630 -4660.260226626550 -5.91666127946699 -3.87582523990015 2.91012188302738
2026-09-19T05:33:00.000 -5364.006234942040 1753.796845912380 -3801.290509686480 -4.47136828699729 -4.56634988289043 4.20460572975318
2026-09-19T05:37:00.000 -6229.935597589570 607.638644595338 -2666.411963275560 -2.70044442721149 -4.92698078119130 5.19527420669814
2026-09-19T05:41:00.000 -6644.323036889720 -582.540058335680 -1337.751428607650 -0.73132548427387 -4.93080297768383 5.80944194967975
2026-09-19T05:45:00.000 -6576.517585142900 -1730.435896902630 88.256216376846 1.29329468134430 -4.57662326066646 6.00133990211999
2026-09-19T05:49:00.000 -6030.941278213140 -2752.620734733650 1507.822487608570 3.22563914805405 -3.88954383228447 5.75597114122661
2026-09-19T05:53:00.000 -5046.955579178530 -3574.713106224610 2817.455997135350 4.92425644698586 -2.91937418711322 5.09081972921500
2026-09-19T05:57:00.000 -3696.001493524090 -4136.888660856380 3921.641913547540 6.26496733828999 -1.73682541603679 4.05440690559550
2026-09-19T06:01:00.000 -2076.313120092170 -4398.269171831760 4739.871929223440 7.15003943136264 -0.42807376442409 2.72246635034455
2026-09-19T06:05:00.000 -305.673881252549 -4339.873423030430 5212.513202175110 7.51523825285979 0.91174142630508 1.19209389861708
2026-09-19T06:09:00.000 1487.182791358710 -3965.932667072060 5305.084757434360 7.33402369684238 2.18547625747522 -0.42547033797428
2026-09-19T06:13:00.000 3171.862394578940 -3303.551199870820 5010.721464853300 6.61917324518494 3.30075807018114 -2.01267435171257
2026-09-19T06:17:00.000 4625.711767405690 -2400.780990798020 4350.703612572590 5.42206998108728 4.17646181793745 -3.45393848989300
2026-09-19T06:21:00.000 5742.716861357590 -1323.198064314920 3372.985336846550 3.82922376581150 4.74854464417800 -4.64387643701350
2026-09-19T06:25:00.000 6441.297855254350 -149.210676642511 2148.811953177550 1.95657507837401 4.97484289122961 -5.49502853322428
2026-09-19T06:29:00.000 6670.426781273870 1035.651818048710 767.576426536853 -0.05877920345634 4.83860967568493 -5.94462600093936
2026-09-19T06:33:00.000 6413.511416724100 2145.062413257380 -669.762234563311 -2.06881147617005 4.35001575913687 -5.95974153051779
2026-09-19T06:37:00.000 5689.648406595500 3098.319024742110 -2058.223381596720 -3.92611002482487 3.54544890744746 -5.53998724413557
2026-09-19T06:41:00.000 4552.091404770560 3826.322324413000 -3296.640742536300 -5.49525385625549 2.48455922721775 -4.71728400717811
2026-09-19T06:45:00.000 3084.112700128120 4276.613883560650 -4295.128495248760 -6.66308114252560 1.24540686478891 -3.55300518859874
2026-09-19T06:49:00.000 1392.651333298260 4417.056837064250 -4981.556098162100 -7.34660402583943 -0.08182628949400 -2.13272085433259
2026-09-19T06:53:00.000 -399.590689347425 4237.944189831660 -5306.573869653560 -7.49806786243399 -1.40150911100677 -0.55952439086533
2026-09-19T06:57:00.000 -2162.963448182650 3752.519211287290 -5246.954257538040 -7.10758868605951 -2.61911037905492 1.05326369539622
2026-09-19T07:01:00.000 -3770.038134655260 2995.938258328320 -4807.114013344500 -6.20338526664076 -3.64756380283571 2.58989157453086
2026-09-19T07:05:00.000 -5104.552503775600 2022.781272356830 -4018.776115500130 -4.84981844269373 -4.41297113706018 3.93982108586260
2026-09-19T07:09:00.000 -6069.659171898420 903.264637792575 -2938.814275089090 -3.14347590244141 -4.85972659518896 5.00523663782538
2026-09-19T07:13:00.000 -6594.957506555510 -281.677168619630 -1645.334455673210 -1.20694268607858 -4.95470803319124 5.70812061049165
2026-09-19T07:17:00.000 -6641.777531055260 -1446.162465812280 -232.172506929629 0.81952196079724 -4.69016462550153 5.99631994224891
2026-09-19T07:21:00.000 -6206.209967850160 -2505.610815918000 1197.882586093770 2.78831307409951 -4.08464755854175 5.84789121425569
2026-09-19T07:25:00.000 -5319.562419536100 -3382.953188657190 2540.617516517660 4.55541570469902 -3.18187087192676 5.27305580361088
2026-09-19T07:29:00.000 -4046.153929296320 -4014.345378542020 3698.108241022460 5.99155607633438 -2.04761842664950 4.31365750637013
2026-09-19T07:33:00.000 -2478.555199005640 -4353.876156015070 4585.954633536960 6.99202117119595 -0.76455103472739 3.03979332170146
2026-09-19T07:37:00.000 -730.757173235696 -4376.877955360820 5139.442751074840 7.48406676028489 0.57403837707912 1.54438378819869
2026-09-19T07:41:00.000 1070.161247383260 -4081.674115296720 5318.218856616960 7.43198559398811 1.87102459198273 -0.06375655534633
2026-09-19T07:45:00.000 2793.246861078220 -3489.661908490220 5109.166038139880 6.83934105936294 3.03238892720867 -1.66781954358121
2026-09-19T07:49:00.000 4313.097849311550 -2643.769732722610 4527.349663180320 5.74858494801580 3.97374811291229 -3.15110937151428
2026-09-19T07:53:00.000 5518.936056942510 -1605.420346049050 3615.007425587000 4.23847292492791 4.62633659513943 -4.40527112992233
2026-09-19T07:57:00.000 6322.730948382740 -450.132704531664 2438.579013373000 2.41872765099355 4.94219586329772 -5.33822377252580
2026-09-19T08:01:00.000 6665.763656585400 737.955284365128 1083.934191344870 0.42241415954246 4.89797166397219 -5.88121914497037
2026-09-19T08:05:00.000 6523.080299028210 1872.279386670760 -349.931910735919 -1.60394035903653 4.49696547790310 -5.99436888905324
2026-09-19T08:09:00.000 5905.394563882540 2870.282605681570 -1758.266991230290 -3.51158789771321 3.76907276756448 -5.66991972471407
2026-09-19T08:13:00.000 4858.211652776530 3659.556356429860 -3038.394091910920 -5.16123975691381 2.76836723702936 -4.93274798919985
2026-09-19T08:17:00.000 3458.259345819100 4183.136470027680 -4097.311305415370 -6.43360519116821 1.56859102334387 -3.83800012822031
2026-09-19T08:21:00.000 1807.623095399960 4403.535084689640 -4858.432647858430 -7.23785547724399 0.25725048413837 -2.46638160305013
2026-09-19T08:25:00.000 26.153005399030 4305.269598886810 -5266.983838539960 -7.51755839682065 -1.07091650317033 -0.91776913760917
2026-09-19T08:29:00.000 -1757.223667520840 3895.782325698650 -5293.720820198630 -7.25377892362401 -2.32069116690524 0.69621126361143
2026-09-19T08:33:00.000 -3413.625919846130 3204.790493609140 -4936.853940584110 -6.46580391569874 -3.40270163379052 2.25966805847814
2026-09-19T08:37:00.000 -4823.277306247510 2282.160695135240 -4222.140169692590 -5.20979426465744 -4.23934134669803 3.66024198858006
2026-09-19T08:41:00.000 -5883.968878162310 1194.441557677480 -3201.120009305410 -3.57523932539459 -4.77001806023090 4.79664982652321
2026-09-19T08:45:00.000 -6518.432387504630 20.222058428768 -1947.587716123540 -1.67935406898551 -4.95564608500051 5.58588995569735
2026-09-19T08:49:00.000 -6680.089549193930 -1155.442942846850 -552.416216293749 0.34080938067435 -4.78183641474894 5.96957895275209
2026-09-19T08:53:00.000 -6356.671606220170 -2247.184605208320 882.963513512446 2.33816491770568 -4.26045909756866 5.91876289424065
2026-09-19T08:57:00.000 -5571.306552048310 -3175.604012607330 2253.988779926500 4.16673409980881 -3.42910743390355 5.43650382198370
2026-09-19T09:01:00.000 -4380.901185871820 -3873.147669676480 3460.686248647650 5.69278456045780 -2.34826522341163 4.55774427864788
2026-09-19T09:05:00.000 -2871.970337285120 -4289.084835673380 4415.054066181320 6.80487042860784 -1.09675832231084 3.34666861190277
2026-09-19T09:09:00.000 -1154.241106124000 -4393.208459409110 5047.531373148570 7.42218498514467 0.23435022926650 1.89172256548589
2026-09-19T09:13:00.000 647.405843947901 -4177.955447554610 5312.011026680150 7.49990339925479 1.54851628325215 0.29873861766371
2026-09-19T09:17:00.000 2401.970942411410 -3658.919680262050 5189.141488878670 7.03217138830396 2.75046216606651 -1.31649446001167
2026-09-19T09:21:00.000 3981.793769335570 -2873.730418930710 4687.728015626220 6.05249903209596 3.75292473290366 -2.83652035945295
2026-09-19T09:25:00.000 5271.774314244260 -1879.375416541240 3844.137828559410 4.63147149204173 4.48279806758539 -4.15045897564326
2026-09-19T09:29:00.000 6177.770190625070 -748.145195142787 2719.761077543380 2.87217516692492 4.88649623591313 -5.16196037209126
2026-09-19T09:33:00.000 6633.592231098590 437.592396845066 1396.629084719000 0.90309037200126 4.93420057517802 -5.79649770207128
2026-09-19T09:37:00.000 6606.014778049840 1591.439509699070 -28.579821629406 -1.13131386634757 4.62241240962451 -6.00737485170359
2026-09-19T09:41:00.000 6097.304205220660 2629.386336565520 -1451.723574107420 -3.08166383418996 3.97441331036875 -5.77951712768083
2026-09-19T09:45:00.000 5144.998948196050 3476.059612250710 -2768.981276776630 -4.80532179049929 3.03839057567220 -5.13062004598752
2026-09-19T09:49:00.000 3818.956284544790 4070.260742114740 -3884.565393128540 -6.17730164268761 1.88346759700944 -4.10942427600615
2026-09-19T09:53:00.000 2215.975983111490 4369.344652602910 -4717.706568112680 -7.09937654307851 0.59409919888147 -2.79144105959105
2026-09-19T09:57:00.000 452.548970364406 4352.132877422810 -5208.370729746770 -7.50652330642509 -0.73639024903560 -1.27283523534339
2026-09-19T10:01:00.000 -1343.616266892350 4020.241560151950 -5321.382174389970 -7.37072259954835 -2.01247084104983 0.33664635483418
2026-09-19T10:05:00.000 -3042.689372856750 3397.829308905050 -5048.762353294570 -6.70231773618653 -3.14286607579992 1.92141368750852
2026-09-19T10:09:00.000 -4521.842786080150 2529.842839724780 -4410.210880041210 -5.54900073223111 -4.04657591005126 3.36765308388749
2026-09-19T10:13:00.000 -5673.909822460600 1478.882254768440 -3451.768502827600 -3.99291264144021 -4.65835093054247 4.57095739836305
2026-09-19T10:17:00.000 -6415.068024421330 320.841607003526 -2242.662273750740 -2.14541172342870 -4.93334104904184 5.44365457494893
2026-09-19T10:21:00.000 -6691.029620740020 -860.441626991142 -870.490127996597 -0.13985408741948 -4.85070910064899 5.92136502677562
2026-09-19T10:25:00.000 -6481.211639035050 -1979.234279462980 565.044178948940 1.87797378304061 -4.41564704448081 5.96827969980844
2026-09-19T10:29:00.000 -5800.438840383820 -2954.187636069910 1959.398050922830 3.76066541848018 -3.65932954360783 5.58019914198851
2026-09-19T10:33:00.000 -4697.979812570760 -3714.360299189270 3210.900458142910 5.37045170222365 -2.63675909006044 4.78513957070391
2026-09-19T10:37:00.000 -3253.938591205280 -4204.458741897340 4228.283007450260 6.58975651277846 -1.42249506465749 3.64116818110493
2026-09-19T10:41:00.000 -1573.329378675850 -4388.878460239290 4937.383910480900 7.32984315675910 -0.10497936972710 2.23187062896412
2026-09-19T10:45:00.000 221.655496210212 -4254.237568383010 5286.532212088830 7.53708817364079 1.22016100621496 0.65985914697356
2026-09-19T10:49:00.000 2000.525687617160 -3810.289600796170 5250.222727266200 7.19631150362629 2.45690331119130 -0.96069665156121
2026-09-19T10:53:00.000 3633.880409049260 -3089.209210208340 4830.953312419580 6.33175487399820 3.51550623747922 -2.51196793051348
2026-09-19T10:57:00.000 5002.755787783350 -2143.316169013800 4059.104693547200 5.00567887702492 4.31885695571729 -3.88084150575698
2026-09-19T11:01:00.000 6007.294784785490 -1041.346509776390 2990.813274246370 3.31413140383273 4.80811383335356 -4.96709468563460
2026-09-19T11:05:00.000 6574.116493241070 136.493767787869 1703.977410247730 1.38043218879847 4.94717763122705 -5.69076481283473
2026-09-19T11:09:00.000 6661.852071413220 1304.386862184360 292.602406574387 -0.65364051746157 4.72574702748466 -5.99852310838818
2026-09-19T11:13:00.000 6264.301549750370 2377.268300416670 -1140.165548081520 -2.63869024363317 4.16037789955361 -5.86803714180276
2026-09-19T11:17:00.000 5410.875545514090 3277.163452589670 -2489.748210907040 -4.42932225628360 3.29319015723177 -5.30977440807882
2026-09-19T11:21:00.000 4164.255822964170 3938.942698390610 -3657.928994637950 -5.89542866911357 2.18835499849927 -4.36584611239481
2026-09-19T11:25:00.000 2615.542870179960 4315.012583336540 -4560.041951668570 -6.93169913038186 0.92685711840131 -3.10625726766072
2026-09-19T11:29:00.000 877.393656818919 4378.612938047080 -5131.012338188230 -7.46477493121442 -0.39977562234080 -1.62317530665999
2026-09-19T11:33:00.000 -924.232389830069 4125.548936187030 -5329.853600533080 -7.45767237086921 -1.69614088953291 -0.02394189278669
2026-09-19T11:37:00.000 -2659.070993794520 3574.331136528210 -5142.412926501610 -6.91162063054278 -2.86947644110680 1.57643887992173
2026-09-19T11:41:00.000 -4201.731278222360 2764.801156847490 -4582.283668067710 -5.86576145283512 -3.83578414854157 3.06307201071189
2026-09-19T11:45:00.000 -5440.521491846530 1755.337621000170 -3689.847662634340 -4.39450453870668 -4.52545027986307 4.32884070140695
2026-09-19T11:49:00.000 -6285.411321563180 618.806047482842 -2529.530304917460 -2.60301933122623 -4.88813313919090 5.28171827943045
2026-09-19T11:53:00.000 -6674.633437057890 -562.568159730573 -1185.334160326890 -0.62032347247119 -4.89670296451442 5.85163060677694
2026-09-19T11:57:00.000 -6579.372772594750 -1703.091129956290 245.126512415940 1.40964682302730 -4.54965045141507 5.99602259749849
2026-09-19T12:01:00.000 -6006.094558612360 -2719.860619920790 1657.719320569350 3.33870951849923 -3.87167225579721 5.70353119062250
2026-09-19T12:05:00.000 -4996.203274708390 -3538.899335054330 2949.461137575850 5.02573537200934 -2.91196483339833 4.99507351137564
2026-09-19T12:09:00.000 -3623.043405575870 -4100.620228710050 4026.142899459600 6.34739984602184 -1.74048320713227 3.92236750360841
2026-09-19T12:13:00.000 -1986.474255286620 -4364.196950383160 4809.272361018030 7.20742535224825 -0.44261698763681 2.56380158523453
2026-09-19T12:17:00.000 -205.500720411535 -4310.502847922260 5241.785823815410 7.54345454160192 0.88734553691310 1.01840834599895
2026-09-19T12:21:00.000 1590.405350666950 -3943.427015109740 5292.131590485050 7.33107777879898 2.15301390178053 -0.60151448108718
2026-09-19T12:25:00.000 3270.645117434070 -3289.568204955070 4956.515680465010 6.58534073192138 3.26264731259613 -2.17832040589596
2026-09-19T12:29:00.000 4712.883625886940 -2396.344634537660 4259.204769086540 5.35972492037736 4.13549258773303 -3.59715728048743
2026-09-19T12:33:00.000 5811.939999652420 -1328.643962957760 3250.877328081260 3.74291841699046 4.70766610736492 -4.75416370722887
2026-09-19T12:37:00.000 6487.551738858820 -164.154797091506 2005.024859128370 1.85265134509863 4.93706044482042 -5.56428681812756
2026-09-19T12:41:00.000 6690.381600113060 1012.292920293870 612.630297926334 -0.17265364163205 4.80670407084495 -5.96779679846417
2026-09-19T12:45:00.000 6405.778779122220 2114.994178292590 -824.542091276818 -2.18424146907191 4.32636228658440 -5.93521179563911
2026-09-19T12:49:00.000 5654.876256042500 3063.750334596530 -2201.548285242660 -4.03462518688515 3.53184509327235 -5.46967119687255
2026-09-19T12:53:00.000 4492.898424648730 3789.810877794170 -3418.093479272690 -5.58903108588307 2.48207764831852 -4.60646944213468
2026-09-19T12:57:00.000 3004.860157951810 4240.866937318340 -4385.917054447390 -6.73548006111958 1.25420987445590 -3.40985252409543
2026-09-19T13:01:00.000 1299.115790773270 4384.712692694000 -5035.129470209600 -7.39252754908035 -0.06246065708083 -1.96763211039329
2026-09-19T13:05:00.000 -500.629072307668 4211.372586342210 -5319.075904864300 -7.51430518223994 -1.37308058056225 -0.38441781417177
2026-09-19T13:09:00.000 -2264.201391011290 3733.645548194410 -5217.482036191040 -7.09299386094857 -2.58379958655248 1.22584302908055
2026-09-19T13:13:00.000 -3864.145362036670 2986.105821587510 -4737.770619051660 -6.15889374257092 -3.60798919095811 2.74756019292870
2026-09-19T13:17:00.000 -5184.683330835110 2022.673609874790 -3914.537847681060 -4.77852629762489 -4.37200203574064 4.07117364252139
2026-09-19T13:21:00.000 -6129.947430540080 912.859598391747 -2807.188329326030 -3.05039574174977 -4.82032285402604 5.10070754928408
2026-09-19T13:25:00.000 -6630.945113669530 -263.096032411810 -1495.835121845160 -1.09873661506639 -4.91967378767993 5.76066942764394
2026-09-19T13:29:00.000 -6650.752174676910 -1419.945864795570 -75.640923554500 0.93504542519075 -4.66193352119144 6.00198364830865
2026-09-19T13:33:00.000 -6187.432143607440 -2473.635411276270 1350.054766394530 2.90261626668709 -4.06517967857735 5.80610573525153
2026-09-19T13:37:00.000 -5274.351295403210 -3347.508615066310 2677.333212769370 4.66002689503774 -3.17261392407292 5.18682509965137
2026-09-19T13:41:00.000 -3977.780054281690 -3977.983605355310 3809.394124225560 6.07877228201413 -2.04928180369367 4.18927528086959
2026-09-19T13:45:00.000 -2391.993985336130 -4319.223349553290 4663.697860765290 7.05543529509854 -0.77705198778399 2.88636376362981
2026-09-19T13:46:00.000 -1963.525220854390 -4355.941937510020 4826.060733797170 7.22141443477650 -0.44643593758076 2.52366559942894
2026-09-19T13:50:00.000 -180.070604044424 -4303.449959041800 5248.441218080850 7.55001225744598 0.88120892907201 0.97462397783817
2026-09-19T13:54:00.000 1616.461531156810 -3938.081989133240 5288.159880365210 7.32970074559017 2.14500370551879 -0.64574566219983
2026-09-19T13:58:00.000 3295.420956891970 -3286.314994949250 4942.201891373640 6.57612295286410 3.25333012416653 -2.21973540431210
2026-09-19T14:02:00.000 4734.573851826370 -2395.413222739360 4235.594644895350 5.34338142584852 4.12559335602234 -3.63275003264234
2026-09-19T14:06:00.000 5828.959020963990 -1330.083518722300 3219.683933142340 3.72056011870235 4.69792152263684 -4.78137439826257
2026-09-19T14:10:00.000 6498.638666218790 -167.848832237703 1968.515551001290 1.82588256679597 4.92812368570721 -5.58109684459090
2026-09-19T14:14:00.000 6694.711414524140 1006.614223173520 573.468046737456 -0.20184627460991 4.79920077021537 -5.97296002817643
2026-09-19T14:18:00.000 6403.025539854650 2107.741098870710 -863.499141309369 -2.21370841843159 4.32082560840568 -5.92834981547730
2026-09-19T14:22:00.000 5645.233513860600 3055.447476528820 -2237.457863654990 -4.06222488146362 3.52868585278751 -5.45129134870612
2026-09-19T14:26:00.000 4477.059661034910 3781.058915500440 -3448.334783715930 -5.61274400032851 2.48151509042429 -4.57790382306047
2026-09-19T14:30:00.000 2983.974474389360 4232.297813293020 -4408.283709566170 -6.75357070773218 1.25628669659757 -3.37319865052026
2026-09-19T14:34:00.000 1274.697712057070 4376.944837169100 -5047.990726445640 -7.40369616543846 -0.05790248499218 -1.92555773612082
2026-09-19T14:38:00.000 -526.812433646225 4204.963124312350 -5321.490758577310 -7.51775815317067 -1.36639437865269 -0.33996189805195
2026-09-19T14:42:00.000 -2290.254371478660 3729.046720676910 -5209.260467449260 -7.08845696388205 -2.57548841250098 1.26948503378047
2026-09-19T14:46:00.000 -3888.176921128070 2983.635750462960 -4719.489557593470 -6.14668123187775 -3.59867700934380 2.78724586688921
2026-09-19T14:50:00.000 -5204.937663360340 2022.490336368760 -3887.494987289700 -4.75943849868532 -4.36236127436880 4.10405734210734
2026-09-19T14:54:00.000 -6144.924554559880 914.967237196717 -2773.318638773100 -3.02577452312872 -4.81098114761569 5.12435543565221
2026-09-19T14:58:00.000 -6639.525516861510 -258.848435937217 -1457.584955293260 -1.07038210981780 -4.91129000812886 5.77329075693627
2026-09-19T15:02:00.000 -6652.287756618550 -1413.863663029510 -35.790396902442 0.96503297232828 -4.65512605009414 6.00261364779077
2026-09-19T15:06:00.000 -6181.794781754480 -2466.161504958640 1388.601856232370 2.93203174387204 -4.06046309924415 5.79467882018489
2026-09-19T15:10:00.000 -5261.940344870510 -3339.189673187210 2711.765442545630 4.68670643177255 -3.17033196786029 5.16416962638145
2026-09-19T15:14:00.000 -3959.494050840880 -3969.427062712990 3837.200885218680 6.10075348241385 -2.04959479498687 4.15705672666322
2026-09-19T15:18:00.000 -2369.162427262950 -4311.054152811760 4682.853635821970 7.07110517304411 -0.77995021749729 2.84694115227939
2026-09-19T15:22:00.000 -606.596411733139 -4339.265131093560 5187.094433535740 7.52730190899156 0.54628774028986 1.32934944802147
2026-09-19T15:26:00.000 1200.056199071570 -4052.010494391400 5313.156544047920 7.43624344526346 1.83294386257644 -0.28532380317554
2026-09-19T15:30:00.000 2919.423615321840 -3470.104060042100 5051.758626645320 6.80428458766657 2.98676641669957 -1.87979205164076
2026-09-19T15:34:00.000 4426.370738811240 -2635.737419491820 4421.780067820220 5.67676470229057 3.92391911175241 -3.33803332416081
2026-09-19T15:38:00.000 5611.054153585220 -1609.486389416670 3468.969691810970 4.13507070247185 4.57596680098677 -4.55350637218707
2026-09-19T15:42:00.000 6386.972782794220 -465.983105152018 2262.727479983970 2.29124547816252 4.89495695061642 -5.43690901052453
2026-09-19T15:46:00.000 6697.438043293940 711.485064400172 891.109097187395 0.28017854047091 4.85724510913998 -5.92310415902090
2026-09-19T15:50:00.000 6519.890652290870 1837.118785414950 -545.641941617457 -1.75044010477585 4.46572419455845 -5.97638381339783
2026-09-19T15:54:00.000 5867.612289004460 2829.003948536080 -1942.570626704980 -3.65158553757809 3.74965073452783 -5.59345388462692
2026-09-19T15:58:00.000 4788.642205681740 3615.190123077710 -3197.860034241920 -5.28452343101678 2.76222322112911 -4.80352726035460
2026-09-19T16:02:00.000 3362.010844129540 4138.945213208140 -4220.355003820420 -6.53131634013136 1.57617931703441 -3.66557131313767
2026-09-19T16:06:00.000 1691.707098988740 4362.762810363310 -4936.141062829960 -7.30307245098058 0.27796486178316 -2.26331305988725
2026-09-19T16:10:00.000 -101.031484015947 4270.891376594330 -5293.728830825170 -7.54568603335114 -1.03869466823239 -0.69870606056091
2026-09-19T16:14:00.000 -1886.478076324550 3870.277563740750 -5267.542203328980 -7.24278783525599 -2.27944008162787 0.91551806301608
2026-09-19T16:18:00.000 -3535.589104647750 3189.965096035780 -4859.593824002310 -6.41637129509289 -3.35550786387052 2.46347149643969
2026-09-19T16:22:00.000 -4929.074084960170 2279.034157367600 -4099.316764313100 -5.12529068469848 -4.18963321341830 3.83381934006428
2026-09-19T16:26:00.000 -5965.846006748440 1203.190917151770 -3041.557420148050 -3.46159652194106 -4.72135087223907 4.92735054429421
2026-09-19T16:30:00.000 -6570.329923599150 40.180388856629 -1762.801557384890 -1.54467016566796 -4.91144918013639 5.66406913564344
2026-09-19T16:34:00.000 -6698.106054278340 -1125.724945251700 -355.804123461911 0.48671911427847 -4.74519030379187 5.98931032304905
2026-09-19T16:38:00.000 -6339.394670527480 -2209.850297160570 1077.091444528000 2.48454431502927 -4.23402972738422 5.87843310180056
2026-09-19T16:42:00.000 -5519.926886387050 -3133.356549979330 2431.472401602780 4.30278060102278 -3.41484740722617 5.33897502014760
2026-09-19T16:46:00.000 -4299.126715459770 -3829.054226481290 3608.573442148520 5.80846198238793 -2.34724036281847 4.41015593404883
2026-09-19T16:50:00.000 -2765.742995449480 -4246.351169428590 4522.565471258850 6.89172063400776 -1.10903669708299 3.15984847742646
2026-09-19T16:54:00.000 -1031.290350333580 -4354.938210812160 5106.836066701620 7.47383874021828 0.20965323507775 1.67928610301757
2026-09-19T16:58:00.000 778.126877866065 -4146.935248607660 5318.796236618710 7.51261309607519 1.51316205320531 0.07618834621647
2026-09-19T17:02:00.000 2530.949790181070 -3637.412333425390 5142.920448349720 7.00503091864518 2.70703110301379 -1.53296625994017
2026-09-19T17:06:00.000 4099.642217010910 -2863.302579672290 4591.870422331770 5.98744767359368 3.70458909455601 -3.03115386638419
2026-09-19T17:10:00.000 5369.905726568460 -1880.785784700060 3705.630384594600 4.53320762631251 4.43309031241961 -4.30906073307292
2026-09-19T17:14:00.000 6249.023666842930 -761.284194059714 2548.712597807060 2.74784404395714 4.83906582890237 -5.27285265325014
2026-09-19T17:18:00.000 6672.778282973780 413.695524413871 1205.543887336570 0.76183766049864 4.89253620410417 -5.85155671617223
2026-09-19T17:22:00.000 6610.295349721210 1558.546850273300 -225.735655030042 -1.27915405198621 4.58956920205183 -6.00259533673384
2026-09-19T17:26:00.000 6066.399249518060 2589.916974038010 -1640.544801502450 -3.22522102881971 3.95279401898115 -5.71528744292459
2026-09-19T17:30:00.000 5081.214409979720 3432.919911102150 -2935.696172110950 -4.93408933472523 3.02961992987580 -5.01178878285718
2026-09-19T17:34:00.000 3726.985248194070 4026.633827576200 -4017.055302813010 -6.28201527721354 1.88819598398699 -3.94480841916516
2026-09-19T17:38:00.000 2102.527147886710 4328.442170496360 -4806.371215263780 -7.17258030318184 0.61192393504593 -2.59307988013736
2026-09-19T17:42:00.000 325.854200780034 4316.950462111170 -5246.799204095860 -7.54305022680893 -0.70685279155172 -1.05509544159072
2026-09-19T17:46:00.000 -1474.392761692780 3993.336839797240 -5306.786693421600 -7.36800342215430 -1.97346974775800 0.55811333538428
2026-09-19T17:50:00.000 -3168.087391172900 3381.131636716540 -4982.162965165310 -6.66046475439124 -3.09733874867213 2.13068910235405
2026-09-19T17:54:00.000 -4632.760545857910 2524.522925257690 -4296.375017061170 -5.47088597057752 -3.99786667568892 3.54962493582505
2026-09-19T17:58:00.000 -5762.251341999450 1485.285579853980 -3298.884471125340 -3.88401302502494 -4.60994847806232 4.71238532337729
2026-09-19T18:02:00.000 -6474.340981112420 338.478882938439 -2061.776466745900 -2.01354158658310 -4.88868972578057 5.53412463379712
2026-09-19T18:06:00.000 -6716.841217021660 -832.861840256035 -674.721901126205 0.00541191825456 -4.81300503505663 5.95412831164587
2026-09-19T18:10:00.000 -6471.609250637080 -1943.716081697450 761.451372931500 2.02600189684750 -4.38759327374342 5.94077833417464
2026-09-19T18:14:00.000 -5756.081219644770 -2913.307499596330 2142.117975815610 3.90045344787434 -3.64299264329742 5.49434741113350
2026-09-19T18:18:00.000 -4622.103509795090 -3671.104435555290 3366.609383795430 5.49171029469251 -2.63343708650571 4.64729157544930
2026-09-19T18:22:00.000 -3152.079863948030 -4162.007592068250 4345.648580836300 6.68370971435725 -1.43247385009217 3.46145010445416
2026-09-19T18:26:00.000 -1452.897435998960 -4350.348234490950 5007.875681677670 7.38971867546319 -0.12746333393475 2.02334751506680
2026-09-19T18:30:00.000 351.901003177929 -4222.445094039480 5305.024428085180 7.55848649432866 1.18684435998693 0.43770456280606
2026-09-19T18:34:00.000 2131.102923824700 -3787.557361036190 5215.378859920750 7.17766440642146 2.41518060909255 -1.18029444916765
2026-09-19T18:38:00.000 3755.284258247590 -3077.197420829690 4745.318567447810 6.27441926801983 3.46844261244209 -2.71304810909135
2026-09-19T18:42:00.000 5106.139621297030 -2142.898425405510 3928.914967916430 4.91375033748210 4.26989458143713 -4.04877390335283
2026-09-19T18:46:00.000 6085.104812704440 -1052.550967676450 2825.560619079090 3.19425005124029 4.76081187380152 -5.08953832119097
2026-09-19T18:50:00.000 6620.666506067600 114.482404417293 1515.740862687330 1.24143427947624 4.90497830598906 -5.75867089427498
2026-09-19T18:54:00.000 6673.767365948850 1273.179441894690 95.150915733538 -0.80148371686938 4.69179769621921 -6.00694986982855
2026-09-19T18:58:00.000 6240.755331659160 2339.163941853510 -1332.405716566030 -2.78454522848377 4.13720876895096 -5.81646813149158
2026-09-19T19:02:00.000 5353.635400068290 3234.971839768810 -2662.759147849410 -4.56253257832894 3.28251174149265 -5.20211006367987
2026-09-19T19:06:00.000 4077.541903965150 3895.776938976050 -3799.132748165150 -6.00634934949462 2.19096716248989 -4.21009625557063
2026-09-19T19:10:00.000 2505.695958166750 4274.058391650850 -4659.212803329360 -7.01241009235499 0.94255357692604 -2.91388261585502
2026-09-19T19:14:00.000 752.394595014877 4342.884163101300 -5180.996274632750 -7.50958480774561 -0.37220677980596 -1.40814780173124
2026-09-19T19:18:00.000 -1055.335208413330 4097.661186293160 -5327.055155418760 -7.46342793054941 -1.65877464290097 0.19822572069380
2026-09-19T19:22:00.000 -2786.802649233450 3556.315274596450 -5087.037750489960 -6.87793718141508 -2.82509554174128 1.78977101434733
2026-09-19T19:26:00.000 -4316.851210239240 2757.952870077770 -4478.317547860450 -5.79495955360120 -3.78766928886892 3.25220183555846
2026-09-19T19:30:00.000 -5534.670548743030 1760.137734459690 -3544.793213922520 -4.29159509081766 -4.47708557981115 4.48001894720421
2026-09-19T19:34:00.000 -6351.725461597080 634.893629252294 -2353.886045100990 -2.47537414668997 -4.84300077914257 5.38388026104102
2026-09-19T19:38:00.000 -6708.255428645100 -536.364194086569 -991.848967656114 -0.47720390410974 -4.85804168694951 5.89720997873785
2026-09-19T19:42:00.000 -6577.831352832590 -1668.672889597440 442.373684332329 1.55775356512654 -4.52028873082441 5.98158639566408
2026-09-19T19:46:00.000 -5969.496503696230 -2679.737476597720 1844.354275960140 3.48093687348716 -3.85378814103947 5.63006877203487
2026-09-19T19:50:00.000 -4927.232473506830 -3496.005508096360 3111.877481644700 5.15161831447707 -2.90691187851046 4.86796517926975
2026-09-19T19:54:00.000 -3526.756874007570 -4058.107465779820 4152.518476308540 6.44777474764497 -1.74870552928620 3.75099052217888
2026-09-19T19:58:00.000 -1869.894857209080 -4325.199629727370 4890.432296342000 7.27515276534931 -0.46349421467697 2.36067142443798
2026-09-19T20:02:00.000 -77.094429130486 -4277.879414901550 5271.834794825450 7.57367891210875 0.85545164095713 0.79819585740410
2026-09-19T20:06:00.000 1721.308303674450 -3919.546122360570 5268.867651127790 7.32151064672069 2.11250812411156 -0.82286979794824
2026-09-19T20:10:00.000 3394.505437466200 -3276.150533310590 4881.606037552810 6.53656474743252 3.21649369772777 -2.38471221681555
2026-09-19T20:14:00.000 4820.652307425460 -2394.345635939750 4138.080174919950 5.27520688286048 4.08707990357721 -3.77352977904382
2026-09-19T20:18:00.000 5895.716089528120 -1338.182431390000 3092.344720444050 3.62870830418820 4.66050551709846 -4.88759882280625
2026-09-19T20:22:00.000 6541.168469405560 -184.524665791586 1820.642875919200 1.71708589769246 4.89450366859232 -5.64492389602431
2026-09-19T20:26:00.000 6709.889297192380 982.572742253704 415.870445472705 -0.31955891779171 4.77181629741762 -5.98967590643540
2026-09-19T20:30:00.000 6389.754265087760 2078.083855864650 -1019.303423560430 -2.33160403931231 4.30170676116388 -5.89680167521970
2026-09-19T20:34:00.000 5604.516689221040 3022.344737377780 -2380.107923073840 -4.17163705220310 3.51927763637997 -5.37391964621674
2026-09-19T20:38:00.000 4411.906678650690 3746.944031612080 -3567.465622099030 -5.70573652253797 2.48254538373283 -4.46050296796208
2026-09-19T20:42:00.000 2899.155796673640 4199.683999916540 -4495.275383631130 -6.82347802330780 1.26768763737649 -3.22442363790231
2026-09-19T20:46:00.000 1176.385974965200 4348.234856252170 -5096.580130612980 -7.44556863038975 -0.03697259782710 -1.75626278817802
2026-09-19T20:50:00.000 -631.495542089708 4182.271805945620 -5328.202454787260 -7.52867125482700 -1.33747962174508 -0.16239079386433
2026-09-19T20:54:00.000 -2393.746195284320 3714.044833453620 -5173.642313342140 -7.06768157270903 -2.54072100451317 1.44253405341578
2026-09-19T20:58:00.000 -3983.007260154670 2977.428992811210 -4644.137158412500 -6.09571004453266 -3.56060001502064 2.94330652894099
2026-09-19T21:02:00.000 -5284.256284392320 2025.541309682230 -3777.876171583640 -4.68192365391441 -4.32376843306366 4.23180482921013
2026-09-19T21:06:00.000 -6202.996044181980 927.058330798281 -2637.394106547600 -2.92730447765961 -4.77470108445078 5.21448048827979
2026-09-19T21:10:00.000 -6672.150362003250 -238.593453831075 -1305.234711081500 -0.95809129412076 -4.87995030915661 5.81920024215455
2026-09-19T21:14:00.000 -6657.117834350500 -1386.912127016240 121.896320944030 1.08293689061613 -4.63100515753311 6.00089082529638
2026-09-19T21:18:00.000 -6158.522938551080 -2434.473997063180 1540.133606931560 3.04686679207377 -4.04537521884047 5.74543114137257
2026-09-19T21:22:00.000 -5212.321285593980 -3305.092296199230 2846.106402171640 4.79009773866880 -3.16547345001986 5.07104980152167
2026-09-19T21:26:00.000 -3887.193394343330 -3935.438586713990 3944.582947745740 6.18522854710225 -2.05536010225511 4.02690429437455
2026-09-19T21:30:00.000 -2279.480194418040 -4279.691088741900 4755.485349325630 7.13061148284517 -0.79592560685104 2.68928218925135
2026-09-19T21:34:00.000 -506.067352489014 -4312.846717122440 5219.720104088720 7.55766140530538 0.52133171835497 1.15564938557751
2026-09-19T21:38:00.000 1304.139867587670 -4032.467167191850 5303.412565271380 7.43531436944458 1.80098302535266 -0.46258087653541
2026-09-19T21:42:00.000 3019.499933068530 -3458.832677333960 5000.323902824410 6.77199035570884 2.95022316435138 -2.04784634129776
2026-09-19T21:46:00.000 4515.127216999970 -2633.520617484010 4332.348933809740 5.61526847185524 3.88546665526218 -3.48467850697360
2026-09-19T21:50:00.000 5681.958275433150 -1616.452397171790 3348.010546598400 4.04869458155287 4.53834452654188 -4.66796929830889
2026-09-19T21:54:00.000 6434.771679867330 -481.614048401178 2119.034810310010 2.18626633152456 4.86080293387841 -5.51070410930444
2026-09-19T21:58:00.000 6718.574065463630 688.322746749819 735.170964695997 0.16435088674711 4.82901870625909 -5.95071776641377
2026-09-19T22:02:00.000 6512.784541056450 1808.102183605120 -702.427403760711 -1.86849043256514 4.44546691288474 -5.95580275102964
2026-09-19T22:06:00.000 5832.781607851280 2796.239724824140 -2088.761222999130 -3.76315554897536 3.73887159902783 -5.52630569927104
2026-09-19T22:10:00.000 4728.634544801320 3581.064183552110 -3322.816463220020 -5.38148357798076 2.76172372796900 -4.69482569052342
2026-09-19T22:14:00.000 3281.203089859400 4105.943913328590 -4315.012012711400 -6.60664031519462 1.58599613835562 -3.52333757337094
2026-09-19T22:18:00.000 1595.975514040060 4333.292358917270 -4993.660306497400 -7.35137316335292 0.29738942973543 -2.09795608589905
2026-09-19T22:22:00.000 -204.748457860710 4247.099976541870 -5309.976082931030 -7.56353736181223 -1.01107963532951 -0.52222054358108
2026-09-19T22:26:00.000 -1990.680730400280 3853.901967353200 -5241.370487863780 -7.22896682065382 -2.24563576287247 1.09038603245109
2026-09-19T22:30:00.000 -3632.753490101430 3182.201957175540 -4792.915741660250 -6.37189573330945 -3.31798277487542 2.62411375511698
2026-09-19T22:34:00.000 -5012.182542585660 2280.450732985520 -3996.965860501420 -5.05333067609515 -4.15112495873247 3.96864449217087
2026-09-19T22:38:00.000 -6028.882239912290 1213.690623804560 -2910.951840367460 -3.36730357068858 -4.68462076082939 5.02652859740395
2026-09-19T22:42:00.000 -6608.731128933150 59.014891804452 -1613.432040124850 -1.43494304655936 -4.87915821948059 5.72028911625951
2026-09-19T22:46:00.000 -6709.114649881540 -1099.921020446510 -198.541132548051 0.60387819799401 -4.71976225241618 5.99846465855895
2026-09-19T22:50:00.000 -6322.243799728430 -2178.958469149700 1230.797968959310 2.60060442433749 -4.21731677824133 5.83981871136371
2026-09-19T22:54:00.000 -5475.911464429870 -3099.629787901760 2570.425997188390 4.40920993604958 -3.40809354734247 5.25540964249232
2026-09-19T22:58:00.000 -4231.511936481130 -3794.967641351430 3722.663553875640 5.89750502508036 -2.35103117540483 4.28780776728935
2026-09-19T23:02:00.000 -2679.494757563390 -4214.423731646660 4603.510088896610 6.95703048195425 -1.12311811145274 3.00766966149358
2026-09-19T23:06:00.000 -932.701172886124 -4327.523107326800 5148.766571195970 7.51075580181328 0.18637006172790 1.50832842494029
2026-09-19T23:10:00.000 881.887797446314 -4126.041071517610 5318.675150399560 7.51854445851278 1.48246367887084 -0.10116155703389
2026-09-19T23:14:00.000 2632.349528771070 -3624.538958097490 5100.744632748430 6.97951943443146 2.67132320750068 -1.70396334185787
2026-09-19T23:18:00.000 4191.288384213660 -2859.333780728450 4510.659031649180 5.93212978924481 3.66654459372486 -3.18347055066855
2026-09-19T23:22:00.000 5445.060225452130 -1885.956728968360 3591.240147296340 4.45191769571480 4.39542321494465 -4.43152218807109
2026-09-19T23:26:00.000 6302.119651652770 -775.185146798002 2409.442329301050 2.64642440715432 4.80440901324761 -5.35644106893272
2026-09-19T23:30:00.000 6699.843992081450 392.081543121794 1051.533297736570 0.64768418970605 4.86329154221270 -5.89002619570616
2026-09-19T23:34:00.000 6609.282584510700 1530.773361382010 -383.237909979003 -1.39750567366701 4.56780161497376 -5.99305044274047
2026-09-19T23:38:00.000 6037.359258258600 2557.984970490470 -1790.040495900600 -3.33899380195894 3.94011840636971 -5.65853330380921
2026-09-19T23:42:00.000 5026.260477224350 3399.138008559310 -3066.296899749730 -5.03494577724516 3.02697880101816 -4.91206859173323
2026-09-19T23:46:00.000 3650.120898564110 3993.451444263420 -4119.275177332990 -6.36263750263838 1.89580463208454 -3.80947992668683
2026-09-19T23:50:00.000 2009.339692671570 4298.269366179880 -4872.808452943670 -7.22716820956429 0.62924191610325 -2.43204349450329
2026-09-19T23:54:00.000 223.099762038364 4291.978301323840 -5272.660554532560 -7.56771353519766 -0.68110063362668 -0.88005760226586
2026-09-19T23:58:00.000 -1579.277909913370 3975.373951654610 -5290.220392316540 -7.36099181141828 -1.94116487134682 0.73449366775548
2026-09-20T00:02:00.000 -3267.519641426830 3371.477984514360 -4924.382995852280 -6.62231285661223 -3.06082517615475 2.29567892893124
2026-09-20T00:06:00.000 -4719.551884726710 2523.873257270660 -4201.567635114040 -5.40432746068013 -3.95980417115604 3.69132865115891
2026-09-20T00:10:00.000 -5830.115224985420 1493.680679646870 -3173.910669951910 -3.79378690143466 -4.57309683570068 4.82052906400749
2026-09-20T00:14:00.000 -6518.342555040040 355.305549774260 -1915.695844321150 -1.90611782391982 -4.85569856973951 5.60078121292407
2026-09-20T00:18:00.000 -6733.769634408900 -808.819535348176 -518.153065252334 0.12220075338728 -4.78623057079783 5.97432165019201
2026-09-20T00:22:00.000 -6460.243814868280 -1914.197597146430 917.104075212171 2.14354162486140 -4.36902973189508 5.91300253287562
2026-09-20T00:26:00.000 -5717.273005570150 -2880.467329417090 2285.519335576690 4.01021646520477 -3.63404029452298 5.42064968311833
2026-09-20T00:30:00.000 -4558.693695081820 -3637.338199228940 3487.314005525600 5.58569550103986 -2.63472146359765 4.53300736093418
2026-09-20T00:34:00.000 -3068.710576142310 -4129.778604319980 4434.866065692700 6.75504175182603 -1.44392657001613 3.31496003993779
2026-09-20T00:38:00.000 -1355.656691181330 -4322.013084248690 5059.123016486680 7.43329679543851 -0.14825611290419 1.85534470371537
2026-09-20T00:42:00.000 455.938296366407 -4200.070255421980 5314.572833391620 7.57120074808926 1.15828265915877 0.26032541699677
2026-09-20T00:46:00.000 2234.371772852510 -3772.757908900630 5182.515450546630 7.15858098374651 2.38102112139505 -1.35419656835685
2026-09-20T00:50:00.000 3850.264362129850 -3071.009822433670 4672.403445568190 6.22482314897750 3.43129233474441 -2.87087727245057
2026-09-20T00:54:00.000 5185.876930950550 -2145.711364596430 3821.215547226470 4.83706645088286 4.23249000691814 -4.17903489812487
2026-09-20T00:58:00.000 6143.716226726680 -1064.108869733050 2690.889805495860 3.09595907956986 4.72576948469612 -5.18265144847888
2026-09-20T01:02:00.000 6653.796376763080 95.046010417713 1363.897330158760 1.12867404146061 4.87475078927492 -5.80777162316424
2026-09-20T01:06:00.000 6678.917650618510 1247.278947938000 -62.790587597525 -0.92042518026804 4.66846829088055 -6.00833743845352
2026-09-20T01:10:00.000 6217.506068813960 2308.664006245490 -1484.907504264500 -2.90079068768748 4.12245065855899 -5.77004171007070
2026-09-20T01:14:00.000 5303.672392099820 3202.078030119740 -2798.696281043360 -4.66753973276218 3.27744760343333 -5.11135597820769
2026-09-20T01:18:00.000 4004.501937519350 3862.876650123190 -3908.610051848170 -6.09248103222700 2.19597980085554 -4.08171489448996
2026-09-20T01:22:00.000 2414.885957099290 4243.541199377100 -4734.280715943470 -7.07347375011814 0.95727343515487 -2.75727082636061
2026-09-20T01:26:00.000 650.394280418714 4316.959781386500 -5216.211387241050 -7.54121511200978 -0.34889679571663 -1.23467061511079
2026-09-20T01:30:00.000 -1161.145796235610 4078.191040294800 -5319.858151446730 -7.46335166198686 -1.62864083328649 0.37604435708045
2026-09-20T01:34:00.000 -2888.761164307350 3544.676498249660 -5037.927339571910 -6.84609327774011 -2.79036400950538 1.95911401659065
2026-09-20T01:38:00.000 -4407.556179279060 2754.952843728220 -4390.818344721860 -5.73358229613393 -3.75084840034883 3.40082242595333
2026-09-20T01:42:00.000 -5607.517541748070 1765.960210405760 -3425.208251280660 -4.20504064594168 -4.44083056286703 4.59715211348486
2026-09-20T01:46:00.000 -6401.376755748000 649.089393479889 -2210.849792156070 -2.36979062765578 -4.80988934440746 5.46096261205784
2026-09-20T01:50:00.000 -6731.034913854740 -514.833894754036 -835.726418565153 -0.36022597022202 -4.83039277215729 5.92848655741878
2026-09-20T01:54:00.000 -6572.022988809510 -1641.362292878800 600.227548344793 1.67752728338174 -4.50005907131500 5.96463069463637
2026-09-20T01:58:00.000 -5935.496351596870 -2648.617039034730 1992.433088609290 3.59463601838548 -3.84247388721385 5.56606668689692
2026-09-20T02:02:00.000 -4867.517207426230 -3463.336307316580 3239.388352367510 5.25090264351151 -2.90540950957506 4.76161912911946
2026-09-20T02:06:00.000 -3445.679453865360 -4026.277014219320 4250.172830805140 6.52541768137013 -1.75715104392039 3.61005671305408
2026-09-20T02:10:00.000 -1773.366268385440 -4296.533117807200 4951.121787879060 7.32547763391965 -0.48125197333154 2.19545659757328
2026-09-20T02:14:00.000 27.846842551185 -4254.470701358450 5291.155118867320 7.59304465363337 0.82966014768808 0.62077551599303
2026-09-20T02:18:00.000 1827.024676490890 -3903.107995217280 5245.426957588920 7.30856721719231 2.08057124564994 -0.99962496903018
2026-09-20T02:22:00.000 3493.307774472710 -3267.881226238150 4817.113980293070 6.49223901125208 3.18078141941404 -2.54795756806258
2026-09-20T02:26:00.000 4905.347461629780 -2394.837104612650 4037.236766128260 5.20268416788015 4.05023393448940 -3.91135255439628
2026-09-20T02:30:00.000 5960.128604153280 -1347.382374745900 2962.506760882000 3.53323811515917 4.62523383009281 -4.98990819465539
2026-09-20T02:34:00.000 6580.594166443540 -201.740032376954 1671.293222646540 1.60561436747278 4.86338080157680 -5.70420818097564
2026-09-20T02:38:00.000 6721.452429958880 958.614965416498 257.922744779945 -0.43885097166874 4.74709510298517 -6.00160121865348
2026-09-20T02:42:00.000 6372.623288527810 2049.146424467970 -1174.305870306210 -2.44994623623527 4.28518909439886 -5.86048883880377
2026-09-20T02:46:00.000 5559.974028606580 2990.557918806360 -2520.846083855260 -4.28032229040862 3.51220158298839 -5.29211745614363
2026-09-20T02:50:00.000 4343.238778741580 3714.653702047240 -3683.694042246030 -5.79688272622070 2.48545456171917 -4.33932856736659
2026-09-20T02:54:00.000 2811.383422911030 4169.275575496400 -4578.564289983340 -6.89059237154002 1.28035559038782 -3.07278417301346
2026-09-20T02:58:00.000 1075.882315696590 4321.943803996500 -5140.904222952970 -7.48392204595707 -0.01555892591661 -1.58516485395968
2026-09-20T03:02:00.000 -737.459182289910 4162.006575827100 -5330.351478673950 -7.53553943194762 -1.30900348119842 0.01585039245253
2026-09-20T03:06:00.000 -2497.502118255950 3701.248205671330 -5133.437379468780 -7.04250630589544 -2.50735282316210 1.61511201497696
2026-09-20T03:10:00.000 -4077.020796631400 2972.983274492090 -4564.447656197300 -6.04016713784105 -3.52479957872923 3.09776707199547
2026-09-20T03:14:00.000 -5361.665061689250 2029.724018914050 -3664.429623057930 -4.59992211931822 -4.28809712581022 4.35693692221082
2026-09-20T03:18:00.000 -6258.116052583780 939.529425096682 -2498.370819813540 -2.82467290186969 -4.74171467572520 5.30117794897365
2026-09-20T03:22:00.000 -6700.883733485510 -218.763565560078 -1150.688562635260 -0.84216440877055 -4.85197272183325 5.86103893737956
2026-09-20T03:26:00.000 -6657.269652802320 -1361.168210199180 280.743625941395 1.20372484874351 -4.60998412276456 5.99464788426761
2026-09-20T03:30:00.000 -6129.992629688690 -2404.671130707780 1691.709018814840 3.16361037037926 -4.03277084400391 5.69143154033394
2026-09-20T03:34:00.000 -5157.131210789810 -3273.370555355010 2979.345722041830 4.89412968794632 -3.16219155239205 4.97318331164058
2026-09-20T03:38:00.000 -3809.343853037500 -3904.087059510350 4049.759488528410 6.26887045402171 -2.06171983174052 3.89235406037604
2026-09-20T03:42:00.000 -2184.629341027950 -4250.986355509300 4824.929747051410 7.18778502942506 -0.81148331658184 2.52788731789114
2026-09-20T03:46:00.000 -401.110564531891 -4288.868936951780 5248.368513619070 7.58417595827581 0.49774043215712 0.97915483707273
2026-09-20T03:50:00.000 1411.558016157970 -4014.952675485870 5289.174386421470 7.42919105634092 1.77103206976510 -0.64127785297089
2026-09-20T03:54:00.000 3121.557821339680 -3449.057485256350 4944.242234681240 6.73372057387715 2.91607698852149 -2.21571959969880
2026-09-20T03:58:00.000 4604.396844735640 -2632.196630236170 4238.513832952910 5.54762282464377 3.84961499639151 -3.62948089328783
2026-09-20T04:02:00.000 5751.942895617420 -1623.677481079760 3223.273383914100 3.95661911942425 4.50338506443263 -4.77909522177270
2026-09-20T04:06:00.000 6480.391041862470 -496.866940419215 1972.514522100050 2.07655907637897 4.82927501852043 -5.57998961684846
2026-09-20T04:10:00.000 6736.549793690290 666.150585675368 577.580646372813 0.04512213915892 4.80324681642000 -5.97312460277074
2026-09-20T04:14:00.000 6501.877023709540 1780.636409432530 -859.576021306792 -1.98847240916261 4.42740711162183 -5.92974773404938
2026-09-20T04:18:00.000 5793.874022305240 2765.510302514950 -2234.005893554700 -3.87507240883963 3.72991690477497 -5.45379524088821
2026-09-20T04:22:00.000 4664.658889599250 3549.359860031560 -3445.599384918050 -5.47721034790801 2.76261684348283 -4.58133368502123
2026-09-20T04:26:00.000 3196.889902035800 4075.640572298380 -4406.455169825750 -6.67939508428797 1.59670256469152 -3.37727427065268
2026-09-20T04:30:00.000 1497.484105505210 4306.660452439710 -5047.187332276800 -7.39608755979048 0.31707758708717 -1.92997483093148
2026-09-20T04:34:00.000 -310.279498584554 4226.121526902300 -5321.757642022650 -7.57714741656260 -0.98397164427003 -0.34441364930634
2026-09-20T04:38:00.000 -2095.626686608110 3840.111034904150 -5210.570152300350 -7.21049734920167 -2.21323508535901 1.26529616098607
2026-09-20T04:42:00.000 -3729.515952949040 3176.579447609400 -4721.746982512930 -6.32255395748123 -3.28273879724191 2.78357312883076
2026-09-20T04:46:00.000 -5093.716709635010 2283.371503080230 -3890.551520710490 -4.97651824935928 -4.11560466019661 4.10110284022769
2026-09-20T04:50:00.000 -6089.212654457820 1224.912794122110 -2776.978240193580 -3.26847987126610 -4.65138108144032 5.12232164144733
2026-09-20T04:54:00.000 -6643.397814318510 77.698881533277 -1461.599343544050 -1.32118817436676 -4.85058772410078 5.77240314823815
2026-09-20T04:58:00.000 -6715.496729229330 -1075.145946414280 -39.866014440677 0.72439958345424 -4.69786861276470 6.00299057682635
2026-09-20T05:02:00.000 -6299.765852546220 -2149.887444196440 1384.762782949000 2.71910211154601 -4.20361884139904 5.79625713963542
2026-09-20T05:06:00.000 -5426.115562523560 -3068.356563736280 2708.438263074480 4.51695452145741 -3.40354831170746 5.16683798256752
2026-09-20T05:10:00.000 -4157.953129522010 -3763.737397135690 3834.627483014830 5.98654854685798 -2.35592355503929 4.16063317415831
2026-09-20T05:14:00.000 -2587.489009501460 -4185.471735631630 4681.224353616570 7.02076253780695 -1.13710292851761 2.85118798823992
2026-09-20T05:18:00.000 -828.922527787669 -4302.924010912500 5186.535225179090 7.54453046733400 0.16431006175074 1.33395791929345
2026-09-20T05:22:00.000 989.901602477672 -4107.545699315660 5313.705219730960 7.51982133124440 1.45396830591984 -0.28077269155237
2026-09-20T05:26:00.000 2736.723317889910 -3613.458283515300 5053.354166941920 6.94808987005746 2.63838815810696 -1.87567293474181
2026-09-20T05:30:00.000 4284.402156882320 -2856.458904470070 4424.279650103710 5.87030522522757 3.63151758957897 -3.33467053935780
2026-09-20T05:34:00.000 5520.118824018340 -1891.485709236390 3472.162056126170 4.36420776758914 4.36083452149345 -4.55112796146232
2026-09-20T05:38:00.000 6353.653262305600 -788.713682811312 2266.357811233330 2.53930902915815 4.77274179566872 -5.43565395412552
2026-09-20T05:42:00.000 6724.122092574090 371.538772314309 894.899238356712 0.52908337298592 4.83687074540916 -5.92302988487348
2026-09-20T05:46:00.000 6604.591349763170 1504.722948927260 -541.974173264550 -1.51882401099720 4.54861427773112 -5.97746806169372
2026-09-20T05:50:00.000 6004.123322571570 2528.348477009600 -1939.295371702320 -3.45407912406311 3.92961656160155 -5.59561697083547
2026-09-20T05:54:00.000 4967.003138112570 3368.115235116710 -3195.214945469600 -5.13538560127669 3.02601501997547 -4.80658160690225
2026-09-20T05:58:00.000 3569.252351943760 3963.364440526970 -4218.527630425600 -6.44122203050620 1.90453475314691 -3.66929444709714
2026-09-20T06:02:00.000 1912.797091823150 4271.386524291390 -4935.262718177460 -7.27845139753076 0.64703554856091 -2.26744570393147
2026-09-20T06:06:00.000 117.895862739058 4270.318908724790 -5293.858540999070 -7.58819740233189 -0.65565713961788 -0.70292610046138
2026-09-20T06:10:00.000 -1685.541996448380 3960.542959528680 -5268.668052420350 -7.34929235992615 -1.91008013930484 0.91148237744826
2026-09-20T06:14:00.000 -3367.168028523290 3364.546492516420 -4861.639763386470 -6.57918658559499 -3.02649842110642 2.45988402053163
2026-09-20T06:18:00.000 -4805.348450681720 2525.315748192900 -4102.145745702550 -5.33268841449312 -3.92477289804763 3.83091432810358
2026-09-20T06:22:00.000 -5895.779627841200 1503.362653631420 -3044.983337899180 -3.69865714851752 -4.53987171071947 4.92530751253914
2026-09-20T06:26:00.000 -6559.026261437150 372.508688514295 -1766.601677733700 -1.79434969525138 -4.82662364603943 5.66301225070730
2026-09-20T06:30:00.000 -6746.437269539200 -785.351612828920 -359.723096164399 0.24248457059835 -4.76341888930910 5.98940157023305
2026-09-20T06:34:00.000 -6443.890038985410 -1886.175725093610 1073.338924558350 2.26361942205134 -4.35411402173003 5.87971828566730
2026-09-20T06:38:00.000 -5673.012790481710 -2849.923909236800 2428.160391669560 4.12125237653795 -3.62807189576741 5.34133929238201
2026-09-20T06:42:00.000 -4489.696099921030 -3606.487533434940 3605.942876048530 5.67954229321935 -2.63814294792020 4.41343781565523
2026-09-20T06:46:00.000 -2979.953322231380 -4100.854297516360 4520.809600075060 6.82484111127475 -1.45645204345968 3.16380949311219
2026-09-20T06:50:00.000 -1253.571263882220 -4297.099848899180 5106.083251660160 7.47387381160073 -0.16895204436455 1.68363387072027
2026-09-20T06:54:00.000 563.933948900407 -4180.958353595280 5319.102745388170 7.57957304789804 1.13093206995600 0.08061246963789
2026-09-20T06:58:00.000 2340.422154102120 -3760.811946286710 5144.260485319160 7.13407690268762 2.34901586172713 -1.52884529440125
2026-09-20T07:02:00.000 3946.634287797740 -3067.081263332270 4594.127625441110 6.16914960938755 3.39687172943870 -3.02767734384447
2026-09-20T07:06:00.000 5265.534375277120 -2150.092574023730 3708.622123907600 4.75433854005420 4.19808136867322 -4.30644657500556
2026-09-20T07:10:00.000 6200.868392476390 -1076.493579561470 2552.207228311490 2.99230435450291 4.69389512564972 -5.27130602733423
2026-09-20T07:14:00.000 6684.316443336420 75.553801747106 1209.272237316390 1.01177975879297 4.84776654423526 -5.85115729505513
2026-09-20T07:18:00.000 6680.656871761110 1222.104534764040 -222.047972845429 -1.04188053239158 4.64840349532896 -6.00333328962130
2026-09-20T07:22:00.000 6190.447435598100 2279.665624792430 -1637.170804143840 -3.01783855007100 4.11086190562282 -5.71714949961896
2026-09-20T07:26:00.000 5249.913857608990 3171.417243799700 -2932.890564743300 -4.77163879444454 3.27528645691161 -5.01463090259898
2026-09-20T07:30:00.000 3928.072770006410 3832.860743221980 -4015.026523775210 -6.17618458232865 2.20348521877157 -3.94839853620560
2026-09-20T07:34:00.000 2321.422343479780 4216.438516848690 -4805.269806744150 -7.13089231718986 0.97389693660830 -2.59717872254444
2026-09-20T07:38:00.000 546.716113722079 4294.822117768140 -5246.719745590560 -7.56844608119975 -0.32441784369806 -1.05946465522305
2026-09-20T07:42:00.000 -1267.536583600920 4062.684456015620 -5307.754449689130 -7.45860626490057 -1.59822331638870 0.55381059921136
2026-09-20T07:46:00.000 -2990.190235021940 3536.949450430390 -4984.125242152100 -6.80973231426357 -2.75637073433818 2.12675342234095
2026-09-20T07:50:00.000 -4496.691906401540 2755.556629762150 -4299.208524475540 -5.66808221137417 -3.71585028543682 3.54634587036425
2026-09-20T07:54:00.000 -5677.867955822390 1774.828386984220 -3302.402368759770 -4.11491879624359 -4.40736917753616 4.70999347601797
2026-09-20T07:58:00.000 -6447.770945425770 665.564997405877 -2065.743283202810 -2.26149010245620 -4.78033401693687 5.53280417734772
2026-09-20T08:02:00.000 -6750.032006850090 -491.948303631912 -678.864457299086 -0.24161847237670 -4.80684913508394 5.95399364144942
2026-09-20T08:06:00.000 -6562.181952085260 -1613.721200527170 757.424438100189 1.79776062275361 -4.48421452841949 5.94189129002170
2026-09-20T08:10:00.000 -5897.486103801470 -2618.219036742510 2138.511490326080 3.70771030534198 -3.83548355996852 5.49671597911655
2026-09-20T08:14:00.000 -4804.061536615390 -3432.378721544290 3363.698724770040 5.34857160017938 -2.90775885734956 4.65067269934841
2026-09-20T08:18:00.000 -3361.362931004960 -3996.994490555170 4343.641392479230 6.60051932959213 -1.76868861427072 3.46555971936991
2026-09-20T08:22:00.000 -1674.298266683450 -4271.049027128640 5006.916622786080 7.37255623862733 -0.50117057684953 2.02791520320468
2026-09-20T08:26:00.000 134.482519976918 -4234.629068466140 5305.178765893360 7.60862937638127 0.80285209437027 0.44235314032159
2026-09-20T08:30:00.000 1933.476389542810 -3890.331653302020 5216.624890560630 7.29144771764513 2.04886460717147 -1.17589233928038
2026-09-20T08:34:00.000 3591.821509529400 -3263.073830010370 4747.560833368860 6.44359868647268 3.14648047164834 -2.70920103371056
2026-09-20T08:38:00.000 4988.732700207840 -2398.331714927810 3931.985297115360 5.12602615190859 4.01575916632674 -4.04576500299155
2026-09-20T08:42:00.000 6022.297227871280 -1358.927906785340 2829.227321722790 3.43418473037682 4.59301719928431 -5.08761709657764
2026-09-20T08:46:00.000 6617.023678437010 -220.512075429360 1519.720119880250 1.49151403514230 4.83574779192231 -5.75800495126660
2026-09-20T08:50:00.000 6729.533979808990 933.970348479964 99.136508264815 -0.55950621761512 4.72610273490482 -6.00755397018521
2026-09-20T08:54:00.000 6351.853558586600 2020.428918668250 -1328.710849543940 -2.56823738150336 4.27246452442533 -5.81827229119817
2026-09-20T08:58:00.000 5511.969554040890 2959.887156668850 -2659.627558548320 -4.38760014272652 3.50876547790824 -5.20496361572554
2026-09-20T09:02:00.000 4271.595987338780 3684.314586020340 -3796.789010303340 -5.88541256027213 2.49164762956855 -4.21376585415675
2026-09-20T09:06:00.000 2721.384474131060 4141.542469360070 -4657.818399371490 -6.95413608886639 1.29574289597233 -2.91807005738624
2026-09-20T09:10:00.000 974.091552831482 4298.895476448190 -5180.636718690050 -7.51807148746632 0.00783940605215 -1.41253309333123
2026-09-20T09:14:00.000 -843.663615356149 4145.359643499060 -5327.742587375100 -7.53797059603758 -1.27940473343078 0.19393757114934
2026-09-20T09:18:00.000 -2600.450007552360 3692.224518519420 -5088.708014974830 -7.01309755475361 -2.47383033943665 1.78592666857248
2026-09-20T09:22:00.000 -4169.270946617880 2972.223882095530 -4480.827499607460 -5.98094391715390 -3.48988500414531 3.24908993577814
2026-09-20T09:26:00.000 -5436.512236703720 2037.252485628020 -3547.938498404500 -4.51495646317313 -4.25436321651182 4.47787061390290
2026-09-20T09:30:00.000 -6310.059379252970 954.773208413682 -2357.417471126940 -2.71992193024876 -4.71152632545476 5.38281658456066
2026-09-20T09:34:00.000 -6726.063407673760 -196.912508847163 -995.501757465382 -0.72526160367405 -4.82742540553941 5.89726909316210
2026-09-20T09:38:00.000 -6653.790096329330 -1334.281879559060 438.869790932510 1.32417296554175 -4.59282977227013 5.98275825961007
2026-09-20T09:42:00.000 -6098.064159386410 -2374.686277389320 1841.257171493580 3.27878280034360 -4.02426095548147 5.63226799836511
2026-09-20T09:46:00.000 -5099.046084573600 -3242.450756421230 3109.417729750500 4.99559347424243 -3.16296078214287 4.87104112258678
2026-09-20T09:50:00.000 -3729.307207309210 -3874.467990370370 4150.874233481740 6.34921138532150 -2.07172887751518 3.75465315735775
2026-09-20T09:54:00.000 -2088.455825701950 -4224.817315547020 4889.712626967920 7.24109968498648 -0.83005635183994 2.36468644893223
2026-09-20T09:58:00.000 -295.789976985017 -4268.058390685410 5272.101027991530 7.60663355979266 0.47193099472457 0.80235351977468
2026-09-20T10:02:00.000 1518.381160057000 -4001.017396890630 5270.118384510030 7.41916336710050 1.73990703041440 -0.81887770110227
2026-09-20T10:06:00.000 3222.115329567300 -3443.003054536430 4883.767123594640 6.69184154807116 2.88192933192281 -2.38115169761955
2026-09-20T10:10:00.000 4691.361968426510 -2634.454225796260 4141.022665081330 5.47692230813429 3.81491638046344 -3.77062227697019
2026-09-20T10:14:00.000 5818.977948281280 -1634.077459649030 3095.879932746730 3.86225524236839 4.47064756164836 -4.88560831090456
2026-09-20T10:18:00.000 6522.613096597520 -514.647709367343 1824.524550157270 1.96542478995221 4.80087732018632 -5.64404742489348
2026-09-20T10:22:00.000 6750.901135579310 642.285208307418 419.817513280590 -0.07455496490129 4.78125379259430 -5.99001366666744
2026-09-20T10:26:00.000 6487.364256307010 1752.430284947860 -1015.578826380500 -2.10783955047102 4.41345710894573 -5.89829645799374
2026-09-20T10:30:00.000 5751.633093731050 2735.036072459620 -2376.868056763610 -3.98535846762299 3.72509636271873 -5.37644290433941
2026-09-20T10:34:00.000 4597.847186228160 3518.872692168220 -3564.938479375860 -5.57044769702097 2.76733567192306 -4.46388145425815
2026-09-20T10:38:00.000 3110.427225749270 4047.404761366130 -4493.635196645390 -6.74894950109753 1.61062881936849 -3.22838344971926
2026-09-20T10:42:00.000 1397.674168488330 4282.772446967360 -5095.926480484180 -7.43711456615403 0.33914537254085 -1.76046515531825
2026-09-20T10:46:00.000 -416.206695561798 4208.340000104670 -5328.550754283990 -7.58679633844111 -0.95548412196623 -0.16647938270426
2026-09-20T10:50:00.000 -2200.011129955450 3829.721832939430 -5174.926416993260 -7.18806581679418 -2.18051045924235 1.43886743264972
2026-09-20T10:54:00.000 -3824.801161724860 3174.308427883590 -4646.224205569140 -6.26959705776442 -3.24823460588593 2.94032921875326
2026-09-20T10:58:00.000 -5172.974039678110 2289.341299533690 -3780.570420295680 -4.89668949677985 -4.08185090334303 4.22974990797199
2026-09-20T11:02:00.000 -6146.629100177080 1238.649907112440 -2640.457439064950 -3.16737608732750 -4.62078864044542 5.21347140331431
2026-09-20T11:06:00.000 -6674.704845953290 98.185438814178 -1308.413613246120 -1.20604163401090 -4.82525462633851 5.81923863106933
2026-09-20T11:10:00.000 -6718.327536500730 -1049.387387645170 118.845223286223 0.84505727547806 -4.67953221497424 6.00190766550515
2026-09-20T11:14:00.000 -6273.873936838820 -2120.708609626600 1537.436219369930 2.83632265748113 -4.19363185451007 5.74733436034090
2026-09-20T11:18:00.000 -5373.369544573940 -3037.864753701640 2843.952347831980 4.62213694732988 -3.40266419496549 5.07363950229116
2026-09-20T11:22:00.000 -4082.195577478520 -3734.144251480880 3943.114087356400 6.07195747733197 -2.36426682014292 4.02999032689295
2026-09-20T11:26:00.000 -2494.246690874210 -4158.941995868970 4754.795333128210 7.08017222418018 -1.15414458730676 2.69265982150557
2026-09-20T11:30:00.000 -724.991090465709 -4281.413603846700 5219.858157777420 7.57366104544160 0.13978048356957 1.15914319275361
2026-09-20T11:34:00.000 1096.961927507780 -4092.647150299210 5304.387673751500 7.51662318450581 1.42373457940809 -0.45912397775364
2026-09-20T11:38:00.000 2839.143959631130 -3606.278535977880 5002.103047870030 6.91285102797031 2.60470528457098 -2.04465012247575
2026-09-20T11:42:00.000 4374.745270187760 -2857.530855359410 4334.839330326700 5.80550661460130 3.59684765512542 -3.48197527461745
2026-09-20T11:46:00.000 5591.817379206240 -1900.746363255250 3351.071042179820 4.27459164080096 4.32768740848924 -4.66595688327684
2026-09-20T11:50:00.000 6401.506952856150 -805.499991759571 2122.474586305300 2.43144161212826 4.74356119737733 -5.50958918394306
2026-09-20T11:54:00.000 6744.684212733780 348.443472434901 738.754381732404 0.41093508740224 4.81380493886157 -5.95065340774829
2026-09-20T11:58:00.000 6596.433943677030 1477.003681102880 -698.961000557525 -1.63852770682679 4.53339482171308 -5.95683704666736
2026-09-20T12:02:00.000 5967.931293626370 2498.043507608950 -2085.667194343930 -3.56656488895738 3.92343785033071 -5.52835867042850
2026-09-20T12:06:00.000 4905.503375230030 3337.471723490830 -3320.325491720450 -5.23253140456803 3.02939331846096 -4.69777229065895
2026-09-20T12:10:00.000 3486.983553724950 3934.660915411420 -4313.315744061900 -6.51612650302450 1.91721598040993 -3.52697032425598
2026-09-20T12:14:00.000 1815.766274015020 4246.751054152350 -4992.889035763850 -7.32584045203444 0.66803683681419 -2.10197464608620
2026-09-20T12:18:00.000 13.143605213169 4251.567748323850 -5310.179085546480 -7.60478456337705 -0.62793823612761 -0.52625807074120
2026-09-20T12:22:00.000 -1790.442500630220 3949.040884679780 -5242.507985280270 -7.33392525916569 -1.87777877807983 1.08669365165571
2026-09-20T12:26:00.000 -3464.624250299130 3361.106263481410 -4794.867535209480 -6.53287466056574 -2.99203084903955 2.62105754430619
2026-09-20T12:30:00.000 -4888.279260897100 2530.154904652040 -3999.555917721230 -5.25866718029695 -3.89067324897344 3.96641010497497
2026-09-20T12:34:00.000 -5958.121252026030 1516.091795500950 -2913.962943467880 -3.60212134542355 -4.50861463692574 5.02527395895535
2026-09-20T12:38:00.000 -6596.172675115780 392.173431177992 -1616.617960496470 -1.68218665150995 -4.80042130383933 5.72009081833193
2026-09-20T12:42:00.000 -6755.590122395510 -760.187162619301 -201.651005638429 0.36216827856542 -4.74404465802982 5.99928085754515
2026-09-20T12:46:00.000 -6424.299852206650 -1857.317028336930 1227.995528087920 2.38196918924788 -4.34288845678294 5.84154090703925
2026-09-20T12:50:00.000 -5626.059267644690 -2819.438638059230 2568.127786563450 4.22951968778438 -3.62582933201333 5.25785553644789
2026-09-20T12:54:00.000 -4418.778003006690 -3576.567537474970 3721.016028683480 5.76973972107143 -2.64507638614475 4.29074622398534
2026-09-20T12:58:00.000 -2890.234838614630 -4073.661699401170 4602.606308312980 6.89035336183619 -1.47211755658492 3.01089258681832
2026-09-20T13:02:00.000 -1151.590208964660 -4274.613474410920 5148.653745462320 7.50993607547262 -0.19227144149276 1.51167222350550
2026-09-20T13:06:00.000 670.756174197276 -4164.822513114650 5319.361365511490 7.58361131352494 1.10165757416575 -0.09787419582307
2026-09-20T13:10:00.000 2444.318521611940 -3752.204832484200 5102.198605712150 7.10581013886936 2.31593528450873 -1.70087348200220
2026-09-20T13:14:00.000 4040.055478330050 -3066.626086803710 4512.813360801550 6.11064229149004 3.36244955771923 -3.18076552154735
2026-09-20T13:18:00.000 5341.678483273950 -2157.806135390990 3593.971993213360 4.66973411351771 4.16483803784206 -4.42944768433622
2026-09-20T13:22:00.000 6254.172756414170 -1091.807073817960 2412.577475886850 2.88774749222330 4.66418440925261 -5.35518155063368
2026-09-20T13:26:00.000 6710.890021714810 53.749782507416 1054.858496729590 0.89496380149952 4.82371780719727 -5.88972021282217
2026-09-20T13:30:00.000 6678.581814125500 1195.389252418470 -379.963054522881 -1.16232577932755 4.63178231141098 -5.99377839981418
2026-09-20T13:34:00.000 6159.915295045000 2249.983689458760 -1787.061316991600 -3.13308477157538 4.10291610540691 -5.66025833835921
2026-09-20T13:38:00.000 5193.193968879240 3140.936095131750 -3063.837158824230 -4.87328818733442 3.27661733739142 -4.91464148032335
2026-09-20T13:42:00.000 3849.337601583870 3803.812667582730 -4117.516709698520 -6.25689752937389 2.21403029020068 -3.81271775844884
2026-09-20T13:46:00.000 2226.415355825280 4190.957108460880 -4871.882984474270 -7.18498163596599 0.99288077936425 -2.43569938749091
2026-09-20T13:50:00.000 442.323379465621 4274.768348105170 -5272.632473263770 -7.59210644135676 -0.29846370956806 -0.88382106022094
2026-09-20T13:54:00.000 -1373.764668424230 4049.501248743640 -5291.071593858640 -7.45014506368669 -1.56728780507876 0.73098895661099
2026-09-20T13:58:00.000 -3090.564924014020 3531.557359597100 -4926.011118239030 -6.76968547833743 -2.72278804727883 2.29275621795939
2026-09-20T14:02:00.000 -4583.914253352060 2758.296240126500 -4203.803731765550 -5.59916012586092 -3.68207339869501 3.68920803115163
2026-09-20T14:06:00.000 -5745.546988561030 1785.457685204720 -3176.548918607520 -4.02194849150864 -4.37578619920850 4.81930588036560
2026-09-20T14:10:00.000 -6490.901169241030 683.284736215943 -1918.517208460380 -2.15112422670831 -4.75318079742464 5.60048253631442
2026-09-20T14:14:00.000 -6765.378060529100 -468.439066975163 -520.932562091464 -0.12186482034367 -4.78604493892817 5.97496226566774
2026-09-20T14:18:00.000 -6548.529635043650 -1586.133231470910 914.580937358730 1.91817399949278 -4.47122574420096 5.91447167506541
2026-09-20T14:22:00.000 -5855.747767578150 -2588.546613897480 2283.431618607090 3.81988469198806 -3.83120260134075 5.42277794551071
2026-09-20T14:26:00.000 -4737.235338132500 -3402.761704076440 3485.799350513700 5.44416536075271 -2.91250656967898 4.53562335487308
2026-09-20T14:30:00.000 -3274.300853667350 -3969.574174678240 4434.016151701690 6.67252609073486 -1.78212839195836 3.31784347991460
2026-09-20T14:34:00.000 -1573.334670185240 -4247.805183608890 5058.976679612480 7.41567746482876 -0.52233278064979 1.85830287432576
2026-09-20T14:38:00.000 241.991750896891 -4217.247325293250 5315.135244361540 7.61973008277137 0.77546076504637 0.26325180371569
2026-09-20T14:42:00.000 2039.706324471240 -3880.075551562870 5183.760814760040 7.26975311213219 2.01724127867375 -1.35145534588936
2026-09-20T14:46:00.000 3689.041790325900 -3260.685494533750 4674.271561261670 6.39066980359128 3.11294058607819 -2.86845080200642
2026-09-20T14:50:00.000 5069.865549078560 -2403.976073777130 3823.612069942680 5.04570260273834 3.98278128380950 -4.17708971035881
2026-09-20T14:54:00.000 6081.427118358410 -1372.173945875390 2693.673787332950 3.33226664891274 4.56303159062715 -5.18140083935194
2026-09-20T14:58:00.000 6649.832007916290 -240.377941765075 1366.882685400840 1.37543349406777 4.81089923246583 -5.80736388925865
2026-09-20T15:02:00.000 6733.629078240650 908.939754884650 -59.817852846433 -0.68122213957384 4.70817336023381 -6.00885760731509
2026-09-20T15:06:00.000 6326.956565663480 1992.061907480770 -1482.169445803720 -2.68662755103342 4.26276402144168 -5.77146166647423
2026-09-20T15:10:00.000 5459.934128993110 2930.261069471910 -2796.395883637170 -4.49398349041322 3.50804623136568 -5.11356214341084
2026-09-20T15:14:00.000 4196.250150119360 3655.608409981950 -3906.918139218760 -5.97211623812747 2.49998326208861 -4.08454428654426
2026-09-20T15:18:00.000 2628.228331176400 4115.865659079290 -4733.318033456440 -7.01496314678020 1.31249199727923 -2.76047946615983
2026-09-20T15:22:00.000 869.891737039953 4278.128576957470 -5216.040859914100 -7.54874195191547 0.03174309695651 -1.23801591997223
2026-09-20T15:26:00.000 -951.369358784446 4131.008638675830 -5320.477347716180 -7.53633705149784 -1.25018678007932 0.37285933905060
2026-09-20T15:30:00.000 -2703.869204983120 3685.303917944310 -5039.260001118150 -6.97920681446903 -2.44151752400189 1.95640248506534
2026-09-20T15:34:00.000 -4260.895047104120 2973.190793308640 -4392.719042587500 -5.91710718536031 -3.45687312782503 3.39883190268047
2026-09-20T15:38:00.000 -5509.645485556550 2045.987357344630 -3427.487833387180 -4.42561425274628 -4.22302964477397 4.59599046332253
2026-09-20T15:42:00.000 -6359.307978901510 970.602347973213 -2213.306636927030 -2.61141463072714 -4.68408247188476 5.46064291394749
2026-09-20T15:46:00.000 -6747.742093772370 -175.154873890932 -838.164488449808 -0.60543388569700 -4.80575421350551 5.92895267123614
2026-09-20T15:50:00.000 -6646.228721645440 -1308.175436950810 597.990458787813 1.44650369813583 -4.57848368400872 5.96582207782791
2026-09-20T15:54:00.000 -6061.748889277900 -2346.129229995800 1990.557727291440 3.39458309542377 -4.01831437710649 5.56786823031338
2026-09-20T15:58:00.000 -5036.583353900330 -3213.525236118290 3238.003044154790 5.09634150799752 -3.16585405026119 4.76387206395030
2026-09-20T16:02:00.000 -3645.226190061330 -3847.282148583810 4249.364358578260 6.42750903655787 -2.08324101713832 3.61257503298860
2026-09-20T16:06:00.000 -1988.865554110000 -4201.347991833550 4950.929603180100 7.29124651640335 -0.84932609782334 2.19804650189740
2026-09-20T16:10:00.000 -187.935513664440 -4250.010384594500 5291.577832194920 7.62492340775065 0.44629694431168 0.62329111097143
2026-09-20T16:14:00.000 1626.642579517740 -3989.704992022340 5246.436783157780 7.40424935807566 1.70975304907881 -0.99726088748571
2026-09-20T16:18:00.000 3322.900712101530 -3439.252465174650 4818.662660640330 6.64483946857701 2.84945604223398 -2.54585292800172
2026-09-20T16:22:00.000 4777.334395750030 -2638.538197684820 4039.244093286390 5.40123149061435 3.78249766818321 -3.90966789403413
2026-09-20T16:26:00.000 5883.870293852920 -1645.696292595910 2964.850810685140 3.76335472902710 4.44066307188412 -4.98880033361351
2026-09-20T16:30:00.000 6561.699234696620 -532.947573309931 1673.822402079820 1.85060143872963 4.77553405253231 -5.70379764165665
2026-09-20T16:34:00.000 6761.350179995130 618.652543103457 260.456774676187 -0.19691110091167 4.76242843960617 -6.00197483954324
2026-09-20T16:38:00.000 6468.440301968960 1725.203050964210 -1171.953167538930 -2.22874293290771 4.40251472815763 -5.86161234199215
2026-09-20T16:42:00.000 5704.758249550640 2706.218424564380 -2518.843843850480 -4.09595354397729 3.72287228588754 -5.29389112690912
2026-09-20T16:46:00.000 4526.480486428130 3490.593323047940 -3682.181196535800 -5.66272189114452 2.77401863344921 -4.34160608131006
2026-09-20T16:50:00.000 3019.789420586110 4021.754097943480 -4577.638946636100 -6.81631105438392 1.62571422549241 -3.07536751319821
2026-09-20T16:54:00.000 1294.354688104030 4261.641113680690 -5140.612048947510 -7.47480530840425 0.36147763794716 -1.58781677131676
2026-09-20T16:58:00.000 -524.723313193445 4193.272921999860 -5330.683185858540 -7.59216511934990 -0.92760472749851 0.01333954578033
2026-09-20T17:02:00.000 -2305.877534712670 3821.802064630910 -5134.332287367490 -7.16073285981999 -2.14920807027690 1.61296187992184
2026-09-20T17:06:00.000 -3920.345176102320 3174.079253041120 -4565.795977611300 -6.21140449147901 -3.21584148246768 3.09616764216278
2026-09-20T17:10:00.000 -5251.235259591940 2296.782153556890 -3666.081825632100 -4.81171049253509 -4.05071494789328 4.35601337489142
2026-09-20T17:14:00.000 -6201.866174190280 1253.188791613570 -2500.165392102580 -3.06164277156187 -4.59312233985549 5.30090101193447
2026-09-20T17:18:00.000 -6702.828676218080 118.749358128082 -1152.480690913800 -1.08721473594324 -4.80301377312635 5.86132977879748
2026-09-20T17:22:00.000 -6717.221234957690 -1024.299941263980 279.085519694654 0.96832584890320 -4.66429043766583 5.99546490723354
2026-09-20T17:26:00.000 -6243.564158745510 -2092.913333425360 1690.302264130460 2.95488471007314 -4.18645711680250 5.69269675930475
2026-09-20T17:30:00.000 -5316.058684299940 -3009.384515688330 2978.292276432190 4.72720287706943 -3.40418523876242 4.97485397807024
2026-09-20T17:34:00.000 -4002.063320250680 -3707.075705384800 4049.145129350170 6.15591703726949 -2.37443698490498 3.89431503377210
2026-09-20T17:38:00.000 -2397.119138744510 -4135.279454025920 4824.804630277330 7.13697703785307 -1.17216914706083 2.52997936389419
2026-09-20T17:42:00.000 -617.926675946682 -4262.888853883340 5248.751539502770 7.59915437602802 0.11525224436279 0.98128369211550
2026-09-20T17:46:00.000 1206.175207428430 -4080.614383701280 5290.061036041230 7.50891760209885 1.39449615723902 -0.63923544566573
2026-09-20T17:50:00.000 2942.550287708280 -3601.618421829390 4945.597517405260 6.87246127379320 2.57287854037841 -2.21387021934071
2026-09-20T17:54:00.000 4464.808720176460 -2860.588529857810 4240.277556216100 5.73538528451682 3.56476055866785 -3.62795179538220
2026-09-20T17:58:00.000 5661.970700233970 -1911.297232198000 3225.351092446620 4.17979943704992 4.29771524172969 -4.77802599472560
2026-09-20T18:02:00.000 6446.626241276030 -822.770228338509 1974.783996585140 2.31891011513731 4.71788026397958 -5.57947224673780
2026-09-20T18:06:00.000 6761.491400021410 325.719139676442 579.900140318103 0.28898784618370 4.79432373590530 -5.97324268560351
2026-09-20T18:10:00.000 6583.734374219830 1450.499850255350 -857.366541770496 -1.76095742674826 4.52157707364234 -5.93053875692978
2026-09-20T18:14:00.000 5926.693127135680 2469.717734263700 -2232.059294668970 -3.68049524043278 3.92017117905990 -5.45518229077352
2026-09-20T18:18:00.000 4838.780008013200 3309.421450297550 -3444.046608824130 -5.32969229306336 3.03494316265179 -4.58319956217563
2026-09-20T18:22:00.000 3399.667439511400 3908.967087426690 -4405.392246483290 -6.58955086106582 1.93118038909228 -3.37946492846523
2026-09-20T18:26:00.000 1714.214450555750 4225.317943083290 -5046.668803279290 -7.37034465086685 0.68935204746740 -1.93228161318766
2026-09-20T18:30:00.000 -95.284313348205 4235.975942436920 -5321.785722107730 -7.61724246984073 -0.60088301360071 -0.34663080581760
2026-09-20T18:34:00.000 -1897.903721764490 3940.432658075710 -5211.104715185530 -7.31346275035668 -1.84700389628448 1.26331359887351
2026-09-20T18:38:00.000 -3563.346845949700 3360.100692054890 -4722.715669768840 -6.48094136813312 -2.95984870572535 2.78195798938494
2026-09-20T18:42:00.000 -4971.103298539400 2536.804792932670 -3891.853604234860 -5.17889562334944 -3.85944428251121 4.09995423334799
2026-09-20T18:46:00.000 -6019.010715465980 1529.897773913280 -2778.492756238340 -3.50020754431111 -4.48056784113548 5.12170599420244
2026-09-20T18:50:00.000 -6630.667387851670 412.125832479335 -1463.199774863560 -1.56548806997703 -4.77755322421986 5.77228570940084
2026-09-20T18:54:00.000 -6761.151079024830 -735.536884386368 -41.442366554661 0.48509399777668 -4.72800618385594 6.00331486590777
2026-09-20T18:58:00.000 -6400.513843528910 -1829.762329137060 1383.322913642890 2.50209425781763 -4.33487599255407 5.79707254971488
2026-09-20T19:02:00.000 -5574.669130775960 -2790.990755386150 2707.250129837320 4.33800118789418 -3.62645274939182 5.16811406235853
2026-09-20T19:06:00.000 -4343.559776200360 -3549.314925583740 3833.801563755310 5.85862379313044 -2.65436751176515 4.16237671342979
2026-09-20T19:10:00.000 -2796.691430429440 -4049.623061205920 4680.866369281240 6.95327449317386 -1.48944739221971 2.85332162167849
2026-09-20T19:14:00.000 -1046.523361449430 -4255.570647562980 5186.718714734450 7.54246283368102 -0.21630045058454 1.33630580216387
2026-09-20T19:18:00.000 779.719542289310 -4152.170983987070 5314.461443142140 7.58334593054422 1.07276329787617 -0.27837016774218
2026-09-20T19:22:00.000 2549.253111443700 -3746.859610692200 5054.675764915990 7.07269130717155 2.28432055509115 -1.87340659610610
2026-09-20T19:26:00.000 4133.304801859860 -3068.965431418750 4426.105863401610 6.04696729071865 3.33041198774031 -3.33276158510652
2026-09-20T19:30:00.000 5416.418028547820 -2167.651698826390 3474.386100254400 4.58010296558741 4.13470387797529 -4.54974234288618
2026-09-20T19:34:00.000 6304.924750114590 -1108.434801159980 2268.840430454970 2.77871054011573 4.63814358408373 -5.43490168218723
2026-09-20T19:38:00.000 6733.935330712980 31.552914116839 897.478467335750 0.77455081130626 4.80362880723691 -5.92298908055896
2026-09-20T19:42:00.000 6672.253211999890 1169.238203137660 -539.477864116016 -1.28517541919880 4.61913030808214 -5.97820770220706
2026-09-20T19:46:00.000 6124.717746982670 2221.793205476500 -1937.068214157630 -3.24932828430598 4.09868813343015 -5.59710396792301
2026-09-20T19:50:00.000 5131.748046085900 3112.784740682920 -3193.421110743540 -4.97445573355031 3.28117646866436 -4.80867343777470
2026-09-20T19:54:00.000 3766.162639371480 3777.785495072070 -4217.288310145690 -6.33571796301391 2.22706627887823 -3.67178734965471
2026-09-20T19:58:00.000 2127.583594853060 4168.986828981650 -4934.648562069670 -7.23586588420086 1.01344310077667 -2.27013022850062
2026-09-20T20:02:00.000 335.008983129019 4258.489329947240 -5293.892560421020 -7.61149848343074 -0.27189310687580 -0.70560915175114
2026-09-20T20:06:00.000 -1481.799039639140 4040.127490196250 -5269.326475902050 -7.43672602202538 -1.53667208650174 0.90899079540795
2026-09-20T20:10:00.000 -3191.516741061790 3529.793283995470 -4862.857542660860 -6.72443890366178 -2.69038099492929 2.45773408718089
2026-09-20T20:14:00.000 -4670.490661847540 2764.284996247220 -4103.826770413380 -5.52533003461063 -3.65027872670692 3.82922427697801
2026-09-20T20:18:00.000 -5811.484930369800 1798.767198268780 -3047.004137301400 -3.92482970383452 -4.34694921972662 4.92418192232064
2026-09-20T20:22:00.000 -6531.422655000770 702.948360046827 -1768.814605308560 -2.03772887501378 -4.72938639468545 5.66255239152457
2026-09-20T20:26:00.000 -6777.547976722160 -443.846051967355 -361.962888032991 -0.00044805713287 -4.76901116446578 5.98963003172512
2026-09-20T20:30:00.000 -6531.488179099020 -1558.394851853980 1071.233733680790 2.03868037543167 -4.46222044938475 5.88061664750311
2026-09-20T20:34:00.000 -5810.782067741800 -2559.690182517140 2426.352399767480 3.93066108322319 -3.83096220614946 5.34290940469278
2026-09-20T20:38:00.000 -4667.665305071150 -3374.912077163970 3604.584389013820 5.53717357910354 -2.92109233033501 4.41560091480029
2026-09-20T20:42:00.000 -3185.228704065150 -3944.791016043530 4520.031705239500 6.74105716944144 -1.79894120898844 3.16646535081465
2026-09-20T20:46:00.000 -1471.258313411680 -4227.925639574530 5105.986077138590 7.45488320918892 -0.54611969439806 1.68661059082750
2026-09-20T20:50:00.000 349.664093030171 -4203.731762101900 5319.729253265150 7.62687201462721 0.74656506737485 0.08360849442992
2026-09-20T20:54:00.000 2145.160101684580 -3873.887801419540 5145.577447594870 7.24420724837724 1.98545760050434 -1.52612709668219
2026-09-20T20:58:00.000 3784.587325535860 -3262.237747906020 4596.039576528110 6.33412096467023 3.08061984230975 -3.02548144282306
2026-09-20T21:02:00.000 5148.490374704310 -2413.115932803170 3710.976612189020 4.96208950360962 3.95224011482055 -4.30497780367077
2026-09-20T21:06:00.000 6137.324266750990 -1388.215328671260 2554.814173699000 3.22764379401040 4.53640380190708 -5.27068362647471
2026-09-20T21:10:00.000 6678.853536329110 -262.146608561230 1211.924979910800 1.25748113155548 4.79008397273096 -5.85139119305002
2026-09-20T21:14:00.000 6733.613228211470 883.025468444750 -219.547883949633 -0.80372942021564 4.69465406536986 -6.00436171798567
2026-09-20T21:18:00.000 6297.902736405240 1963.885745895630 -1635.004583474430 -2.80461079256124 4.25755264036670 -5.71887672328577
2026-09-20T21:22:00.000 5403.978021992590 2901.877106513460 -2931.203858919420 -4.59881455213184 3.51153870981326 -5.01686228246850
2026-09-20T21:26:00.000 4117.488550457730 3629.089524828870 -4013.912787075330 -6.05617650828147 2.51194415948268 -3.95090489675924
2026-09-20T21:30:00.000 2532.405741372630 4093.155745544920 -4804.766887882050 -7.07223132656428 1.33207945543826 -2.59971953722654
2026-09-20T21:34:00.000 763.966578626217 4260.896930565640 -5246.807874948850 -7.57516471056768 0.05753189383882 -1.06182412115418
2026-09-20T21:38:00.000 -1059.729248320910 4120.528062749870 -5308.375542123460 -7.53009352892278 -1.22006162468541 0.55174636428045
2026-09-20T21:42:00.000 -2806.837135423150 3682.355346093180 -4985.195390752100 -6.94079419065201 -2.40926359274187 2.12509088339045
2026-09-20T21:46:00.000 -4351.037750464000 2978.001823676410 -4300.620910849850 -5.84928050264299 -3.42485954009735 3.54516872767574
2026-09-20T21:50:00.000 -5580.444757555020 2058.219808452640 -3304.034327688090 -4.33321965691091 -4.19357076456015 4.70934342232381
2026-09-20T21:54:00.000 -6405.641586476340 989.382847235257 -2067.467664953610 -2.50118445763608 -4.65931840869502 5.53268549052437
2026-09-20T21:58:00.000 -6766.273866833470 -151.185557723460 -680.551690971532 -0.48539024926536 -4.78754492688795 5.95442508513595
2026-09-20T22:02:00.000 -6635.641165620300 -1280.759590917520 755.903558472634 1.56762887936942 -4.56814452671496 5.94282894889807
2026-09-20T22:06:00.000 -6022.855231100330 -2317.258274674790 2137.267107431510 3.50788442457273 -4.01661279752446 5.49807401437132
2026-09-20T22:10:00.000 -4972.275827571690 -3185.310096865810 3362.828862945470 5.19353732596845 -3.17300539026359 4.65243329537073
2026-09-20T22:14:00.000 -3560.236249546260 -3821.805995340220 4343.238075105410 6.50163510237442 -2.09877072289697 3.46765783182427
2026-09-20T22:18:00.000 -1889.402788492450 -4180.492966697930 5007.040975880330 7.33700699641879 -0.87206519151080 2.03019722376676
2026-09-20T22:22:00.000 -81.238552122306 -4235.312071458800 5305.860362369730 7.63910143290194 0.41806472294881 0.44468149567266
2026-09-20T22:26:00.000 1732.831268327190 -3982.222549002530 5217.845115623150 7.38584832547035 1.67824947683106 -1.17378800313914
2026-09-20T22:30:00.000 3420.857414288190 -3439.482783856530 4749.230037594950 6.59501623608612 2.81708703057130 -2.70760011242673
2026-09-20T22:34:00.000 4859.880267605630 -2646.404483199770 3933.962212767340 5.32338559792564 3.75162055011132 -4.04482070646637
2026-09-20T22:38:00.000 5944.906004120190 -1660.575764897980 2831.344594439160 3.66303751361325 4.41343190718530 -5.08739674545292
2026-09-20T22:42:00.000 6596.674948777590 -553.735377749317 1521.802243733480 1.73509120399613 4.75380684860198 -5.75850752779910
2026-09-20T22:46:00.000 6767.631056060290 593.462599094485 101.021203115270 -0.31901512259117 4.74769293642070 -6.00867315289895
2026-09-20T22:50:00.000 6445.535023412780 1697.431311754110 -1327.155878866150 -2.34835474990951 4.39586490085742 -5.81987462588033
2026-09-20T22:54:00.000 5654.332219405130 2677.875304696880 -2658.498670257550 -4.20427241601350 3.72479620877610 -5.20688164040931
2026-09-20T22:58:00.000 4452.214024866420 3463.735687288180 -3796.136994880760 -5.75186338628576 2.78440179733583 -4.21578386333557
2026-09-20T23:02:00.000 2927.091060841570 3998.336903628400 -4657.640027417530 -6.87984453049944 1.64382812587077 -2.91996997297505
2026-09-20T23:06:00.000 1189.955931203890 4243.372474612700 -5180.886118752660 -7.50819695817428 0.38600620370334 -1.41417646339930
2026-09-20T23:10:00.000 -633.260830597999 4181.485745449960 -5328.345067759130 -7.59306028534890 -0.89844800622466 0.19264459629598
2026-09-20T23:14:00.000 -2410.705309868020 3817.359765564810 -5089.578768678490 -7.12911859100033 -2.11753293359923 1.78498065217836
2026-09-20T23:18:00.000 -4013.891253313400 3177.310329052620 -4481.882863206010 -6.14957175582047 -3.18396322704888 3.24850381464513
2026-09-20T23:22:00.000 -5326.737534577420 2307.454203380350 -3549.090045616510 -4.72407752658822 -4.02096719732002 4.47765324272676
2026-09-20T23:26:00.000 -6253.850867841170 1270.526025941760 -2358.577306578720 -2.95447968832334 -4.56765922553489 5.38296713731729
2026-09-20T23:30:00.000 -6727.515427770120 141.499097378423 -996.584581987017 -0.96829686996616 -4.78364142193196 5.89774819405578
2026-09-20T23:34:00.000 -6712.828898993460 -997.780331919530 437.937951778147 1.09024197691647 -4.65245760927324 5.98353254655350
2026-09-20T23:38:00.000 -6210.440890215180 -2064.557732878750 1840.542261920790 3.07093773998444 -4.18308116142953 5.63329734364374
2026-09-20T23:42:00.000 -5256.638323130010 -2981.260888128370 3108.977630514370 4.82894241830834 -3.40948092392995 4.87229337093505
2026-09-20T23:46:00.000 -3920.702849248620 -3681.233560996390 4150.758783987130 6.23589553586597 -2.38804689205567 3.75610768510383
2026-09-20T23:50:00.000 -2299.767912734880 -4113.611801120440 4889.961732265450 7.18946587500372 -1.19313233014734 2.36623219903752
2026-09-20T23:54:00.000 -511.670645779860 -4246.981562313770 5272.714225206510 7.62042239461709 0.08851810292586 0.80382682190128
2026-09-20T23:58:00.000 1313.612393529890 -4071.616296120720 5271.070081806220 7.49743478995699 1.36402663543516 -0.81754837260074
2026-09-21T00:02:00.000 3043.356380569640 -3600.146799409150 4885.003102707870 6.82899789616237 2.54103413977782 -2.38015022351850
2026-09-21T00:06:00.000 4551.620549151330 -2866.683253370310 4142.439333230430 5.66290306859919 3.53393642318528 -3.77013817570122
2026-09-21T00:10:00.000 5728.394054955830 -1924.448928591280 3097.346345500160 4.08340860950898 4.27006990471253 -4.88567155624545
2026-09-21T00:14:00.000 6487.729398450550 -841.981354820819 1825.912297549330 2.20558515307917 4.69531689548424 -5.64463599025445
2026-09-21T00:18:00.000 6774.183109859910 301.857096046024 421.008538877674 0.16702547085056 4.77834508674857 -5.99103889050941
2026-09-21T00:22:00.000 6567.027183201910 1423.707177959900 -1014.672390523110 -1.88245143720638 4.51328287689187 -5.89962049882750
2026-09-21T00:26:00.000 5881.785537543510 2441.926146520900 -2376.299682006710 -3.79256217011870 3.92019452044487 -5.37790199936805
2026-09-21T00:30:00.000 4768.938497894070 3282.641066573030 -3564.717063077270 -5.42413880888482 3.04330174542968 -4.46528303881047
2026-09-21T00:34:00.000 3309.972341443610 3885.140718162970 -4493.727324382140 -6.65955509989755 1.94728758326949 -3.22957313936799
2026-09-21T00:38:00.000 1611.173033235310 4206.173843272720 -5096.266127565030 -7.41089413037284 0.71202127379091 -1.76132703140716
2026-09-21T00:42:00.000 -204.212152489139 4222.894906640660 -5329.054765556030 -7.62545168631882 -0.57334692350573 -0.16698798890710
2026-09-21T00:46:00.000 -2004.836072091190 3934.341335842320 -5175.512090551970 -7.28871590749988 -1.81664889997006 1.43868859502977
2026-09-21T00:50:00.000 -3660.536314376490 3361.413468842040 -4646.820912275730 -6.42498344565770 -2.92888041201729 2.94039758607567
2026-09-21T00:54:00.000 -5051.494989228780 2545.397587041320 -3781.128729338870 -5.09570723582078 -3.83011582511962 4.23000368112700
2026-09-21T00:58:00.000 -6076.742015010740 1545.118960637630 -2640.932910603170 -3.39568772997496 -4.45498623806007 5.21390327428683
2026-09-21T01:02:00.000 -6661.492950567550 432.854485321837 -1308.768202828370 -1.44715811707432 -4.75750877925802 5.81980307518506
2026-09-21T01:06:00.000 -6762.777387611700 -710.806031671439 118.635912725388 0.60858591292222 -4.71489493603663 6.00254428128740
2026-09-21T01:10:00.000 -6372.795551129180 -1802.816163964500 1537.383775192600 2.62162221821242 -4.32964526849762 5.74800425680049
2026-09-21T01:14:00.000 -5519.625406394370 -2763.785790027000 2844.065705357180 4.44479759680863 -3.62955013657683 5.07435339717569
2026-09-21T01:18:00.000 -4265.201687311600 -3523.838404479660 3943.403396010610 5.94491911884018 -2.66558099163302 4.03074418856142
2026-09-21T01:22:00.000 -2700.732454472130 -4027.733709768170 4755.271055188280 7.01275320757339 -1.50794210489653 2.69344595609110
2026-09-21T01:26:00.000 -939.961388376802 -4238.864966884020 5220.518197925190 7.57081539671891 -0.24074090053960 1.15987447279708
2026-09-21T01:30:00.000 889.127857503361 -4141.869425025920 5305.204606303400 7.57857149423443 1.04416703538269 -0.45856286624382
2026-09-21T01:34:00.000 2653.550098827100 -3743.709030900200 5003.031278277700 7.03512653838879 2.25370063857258 -2.04428497177835
2026-09-21T01:38:00.000 4224.896992951140 -3073.176721602070 4335.825663673540 5.97929176871337 3.30006564878684 -3.48187200946635
2026-09-21T01:42:00.000 5488.621573338120 -2178.888795180540 3352.043177521470 4.48718274796137 4.10686546226107 -4.66618401258448
2026-09-21T01:46:00.000 6352.451990920940 -1125.847740175220 2123.353180769780 2.66725520390915 4.61482047000155 -5.51013327094007
2026-09-21T01:50:00.000 6753.296193161460 9.255634435831 739.468810157040 0.65272640674967 4.78649312064970 -5.95146793131834
2026-09-21T01:54:00.000 6662.021084656710 1143.696782994070 -698.464689530720 -1.40843056282169 4.60939301822661 -5.95781857687490
2026-09-21T01:58:00.000 6085.646814642910 2194.878304770360 -2085.414179316360 -3.36490678008761 4.09705303958898 -5.52938376108775
2026-09-21T02:02:00.000 5066.716025678390 3086.471417471340 -3320.310680049360 -5.07390654093368 3.28780119898783 -4.69870762555019
2026-09-21T02:06:00.000 3679.927821069360 3754.012694850180 -4313.501203126760 -6.41190133498540 2.24148036041815 -3.52768774569213
2026-09-21T02:10:00.000 2026.416266182120 4149.503848177280 -4993.212196028960 -7.28338359343570 1.03454598278741 -2.10239588972356
2026-09-21T02:14:00.000 226.234595802208 4244.714145659050 -5310.563650721420 -7.62699263803834 -0.24573967992690 -0.52634796968442
2026-09-21T02:18:00.000 -1590.312530110780 4033.037326142330 -5242.878243073960 -7.41905787157881 -1.50747502983674 1.08688939085285
2026-09-21T02:22:00.000 -3291.902720477090 3529.857162479070 -4795.165319227740 -6.67476472972213 -2.66032759516051 2.62145149311775
2026-09-21T02:26:00.000 -4755.438922186480 2771.447458173590 -3999.746002669590 -5.44712450994055 -3.62153229994235 3.96689583086236
2026-09-21T02:30:00.000 -5874.777945476540 1812.463867264560 -2914.030889886120 -3.82364951245603 -4.32156933381217 5.02580749136084
2026-09-21T02:34:00.000 -6568.382272065070 722.149580941339 -1616.553183485910 -1.92078270178696 -4.70916181197767 5.72065482764558
2026-09-21T02:38:00.000 -6785.384807407440 -420.552136840515 -201.453970208845 0.12380980489779 -4.75532173678154 5.99980495251209
2026-09-21T02:42:00.000 -6509.537881767020 -1532.695342677930 1228.306827324530 2.16110538693879 -4.45597528523416 5.84196729707469
2026-09-21T02:46:00.000 -5760.584030388930 -2533.432731954660 2568.530788630000 4.04216355135536 -3.83258968010292 5.25819383976639
2026-09-21T02:50:00.000 -4592.855145603570 -3349.991066850890 3721.493077902270 5.62951432419724 -2.93054602581461 4.29103221963888
2026-09-21T02:54:00.000 -3091.246870754130 -3923.018871493840 4603.148828343780 6.80750726865307 -1.81556777172858 3.01116588580917
2026-09-21T02:58:00.000 -1364.940321261700 -4210.885668930660 5149.258354906320 7.49059786841777 -0.56868205608165 1.51189902737300
2026-09-21T03:02:00.000 460.575782585026 -4192.659862673840 5320.008317083570 7.62920709293635 0.71968634155515 -0.09775526304641
2026-09-21T03:06:00.000 2252.590284299830 -3869.594823900440 5102.855132438580 7.21304383302692 1.95619207138376 -1.70092471027604
2026-09-21T03:10:00.000 3880.721141428040 -3265.040988878840 4513.435940513180 6.27172079276219 3.05111310688014 -3.18098666896558
2026-09-21T03:14:00.000 5226.333716967000 -2422.813785986960 3594.523857085130 4.87300150655919 3.92464269579551 -4.42981270390714
2026-09-21T03:18:00.000 6191.220403611620 -1404.103690793810 2413.025994622680 3.11840819135484 4.51272742840590 -5.35567624817494
2026-09-21T03:22:00.000 6704.911588742880 -283.069815100457 1055.173807454650 1.13617269914543 4.77206541437291 -5.89033054822949
2026-09-21T03:26:00.000 6729.996533020760 858.598161801444 -379.804120957279 -0.92819109914430 4.68365850789949 -5.99445948224543
2026-09-21T03:30:00.000 6264.953826954240 1937.753034311660 -1787.065703259650 -2.92307377841453 4.25443513268422 -5.66092565718817
2026-09-21T03:34:00.000 5344.194270001850 2875.978515454650 -3063.996758038050 -4.70261602424156 3.51661129852734 -4.91526297245079
2026-09-21T03:38:00.000 4035.308941012060 3605.366954423510 -4117.813732686270 -6.13789989547609 2.52489598085205 -3.81322917103183
2026-09-21T03:42:00.000 2433.854486730130 4073.397447170820 -4872.284352676730 -7.12614472260915 1.35195502226461 -2.43605230657206
2026-09-21T03:46:00.000 656.204849993347 4246.591163571580 -5273.096781711060 -7.59756482578728 0.08279191154596 -0.88399119155669
2026-09-21T03:50:00.000 -1168.908131211820 4112.734734684590 -5291.554955056490 -7.51942784613440 -1.19140720863967 0.73100014803351
2026-09-21T03:54:00.000 -2909.534728420750 3681.627201786520 -4926.473291312720 -6.89775388401716 -2.37941754101148 2.29291000828743
2026-09-21T03:58:00.000 -4439.793341924990 2984.357025706630 -4204.219426654350 -5.77681825105888 -3.39603801953857 3.68943098118313
2026-09-21T04:02:00.000 -5648.771563151990 2071.159101928740 -3176.907956607820 -4.23646141893339 -4.16785660599362 4.81955553364242
2026-09-21T04:06:00.000 -6448.507677132620 1007.932022963130 -1918.809864713430 -2.38704493916186 -4.63856334151455 5.60079579514608
2026-09-21T04:10:00.000 -6780.469448766780 -128.400216268762 -521.137170929065 -0.36204823331485 -4.77320048939364 5.97538126744900
2026-09-21T04:14:00.000 -6620.021415271000 -1255.401490754990 914.483053701559 1.69121966880442 -4.56116828598144 5.91493114464650
2026-09-21T04:18:00.000 -5978.455973908720 -2291.160641470350 2283.443450491330 3.62264030153293 -4.01745801260520 5.42323122679846
2026-09-21T04:22:00.000 -4902.251506592860 -3160.348129096330 3485.916205748080 5.29099219605509 -3.18155717325092 4.53603895007017
2026-09-21T04:26:00.000 -3469.639824152580 -3799.763958684970 4434.227497377170 6.57455286108194 -2.11441185838537 3.31821823999797
2026-09-21T04:30:00.000 -1784.803357327170 -4162.949288729290 5059.273495201440 7.38007051263443 -0.89367492164721 1.85863354864089
2026-09-21T04:34:00.000 29.773230249998 -4223.512061324420 5315.496959235720 7.64912619793841 0.39210803083411 0.26344236404878
2026-09-21T04:38:00.000 1842.172966378300 -3976.990511836190 5184.144172482440 7.36198052183131 1.64979029275351 -1.35146747884473
2026-09-21T04:42:00.000 3520.553587347700 -3441.181655032380 4674.625721886890 6.53900157410637 2.78814210242183 -2.86868992262563
2026-09-21T04:46:00.000 4942.660398331200 -2654.897615719470 3823.882596950980 5.23929447818181 3.72428034604454 -4.17753336127022
2026-09-21T04:50:00.000 6004.735858176120 -1675.241113298960 2693.821452906270 3.55705757194556 4.38964955342845 -5.18196897028915
2026-09-21T04:54:00.000 6629.212667610500 -573.507201709827 1366.884335887610 1.61504749171540 4.73529532125122 -5.80800191540704
2026-09-21T04:58:00.000 6770.551476673040 570.021974074813 -59.971522335048 -0.44425415267473 4.73582144702280 -6.00949968508949
2026-09-21T05:02:00.000 6418.702067156780 1672.033877954800 -1482.471321554530 -2.46952249130769 4.39154533881607 -5.77205036836408
2026-09-21T05:06:00.000 5599.804838113550 2652.394252643360 -2796.827541271520 -4.31247574025374 3.72843993525868 -5.11404765561884
2026-09-21T05:10:00.000 4374.070925669760 3440.074961273560 -3907.450303483540 -5.83927943446150 2.79585481482209 -4.08489454175841
2026-09-21T05:14:00.000 2831.093977363980 3978.291032350000 -4733.916580058390 -6.94035207136802 1.66230956720162 -2.76067516407229
2026-09-21T05:18:00.000 1083.101660076800 4228.468998115050 -5216.663590565600 -7.53765076363318 0.41009695354359 -1.23802208499643
2026-09-21T05:22:00.000 -743.237473926825 4172.851807181410 -5321.081175184020 -7.58948327136218 -0.87063814145858 0.37301836531656
2026-09-21T05:26:00.000 -2515.861208909730 3815.629545536430 -5039.809213280260 -7.09274570042405 -2.08818574249638 1.95669441471078
2026-09-21T05:30:00.000 -4106.605386238430 3182.584986777630 -4393.185796171900 -6.08285827875213 -3.15530037466305 3.39921645734225
2026-09-21T05:34:00.000 -5400.243291318090 2319.314948592190 -3427.857005037570 -4.63166803071981 -3.99507223947463 4.59640952901205
2026-09-21T05:38:00.000 -6302.738411272880 1288.084268689070 -2213.578052349320 -2.84298401445368 -4.54635834273280 5.46103280327539
2026-09-21T05:42:00.000 -6748.152490888140 163.460400681032 -838.341709859528 -0.84579788675809 -4.76847590676245 5.92936363750992
2026-09-21T05:46:00.000 -6703.624436358870 -973.028690727551 597.918944729266 1.21490714943998 -4.64449978649176 5.96628439798566
2026-09-21T05:50:00.000 -6171.973393204290 -2038.818478451380 1990.596141781940 3.18862450550749 -4.18285730818672 5.56831297710674
2026-09-21T05:54:00.000 -5191.637942945280 -2956.402511177260 3238.142655315120 4.93100412204657 -3.41699528595820 4.76426691714037
2026-09-21T05:58:00.000 -3833.844463769170 -3659.053145487420 4249.589345179850 6.31486052756434 -2.40270208816176 3.61288534921124
2026-09-21T06:02:00.000 -2197.334577827250 -4095.699251474970 4951.215918949010 7.23948078947090 -1.21382551859581 2.19824601127221
2026-09-21T06:06:00.000 -401.099161695033 -4234.613070514140 5291.897628361040 7.63781060263841 0.06329554110162 0.62336675581149
2026-09-21T06:10:00.000 1424.286542388400 -4065.660858144700 5246.753951246690 7.48087574426630 1.33613467755237 -0.99737362937178
2026-09-21T06:14:00.000 3146.066059960550 -3601.009158262060 4818.924616745820 6.77958241333103 2.51243621469679 -2.54619634881056
2026-09-21T06:18:00.000 4638.866551108420 -2874.295293631570 4039.401358565490 5.58425511476911 3.50662426644561 -3.91018343585682
2026-09-21T06:22:00.000 5793.819238796010 -1938.261149295430 2964.871384972770 3.98133735762073 4.24603107000384 -4.98942170517849
2026-09-21T06:26:00.000 6526.586606862110 -860.991664268241 1673.687032660970 2.08763567160494 4.67630855579686 -5.70445687973628
2026-09-21T06:30:00.000 6783.694570644280 279.034173980238 260.170105090289 0.04195359961878 4.76578231485114 -6.00256411793550
2026-09-21T06:34:00.000 6546.593964354570 1398.745459541390 -1172.370268438360 -2.00536989902068 4.50814757900492 -5.86210987651366
2026-09-21T06:38:00.000 5833.021233350460 2416.676668129000 -2519.367145513400 -3.90428978111954 3.92296827984124 -5.29427455165488
2026-09-21T06:42:00.000 4695.521774018850 3259.003372845390 -3682.778953732480 -5.51661676266435 3.05388444781070 -4.34183541759881
2026-09-21T06:46:00.000 3217.344872465620 3864.911309995700 -4578.273904362550 -6.72622032449974 1.96494019769650 -3.07545409950467
2026-09-21T06:50:00.000 1506.123517504170 4190.907697164050 -5141.257476543520 -7.44716922390752 0.73546673288782 -1.58782492508262
2026-09-21T06:54:00.000 -314.060125020172 4213.773771891810 -5331.320074397630 -7.62894892043755 -0.54591858026813 0.01342132341919
2026-09-21T06:58:00.000 -2111.550835375780 3932.068343182020 -5134.940383869330 -7.25926880137082 -1.78738315349396 1.61311603324574
2026-09-21T07:02:00.000 -3756.412869107620 3366.158028057880 -4566.359610147280 -6.36462956504321 -2.90004027953898 3.09638365982288
2026-09-21T07:06:00.000 -5129.572089969450 2556.795128160670 -3666.586981657990 -5.00859750828436 -3.80385168644540 4.35628137132370
2026-09-21T07:10:00.000 -6131.302453614420 1562.320833044370 -2500.602057101850 -3.28800847303085 -4.43317048007053 5.30120570384564
2026-09-21T07:14:00.000 -6688.507271580660 454.599733293217 -1152.838784405380 -1.32668915534347 -4.74168348198189 5.86167629975227
2026-09-21T07:18:00.000 -6760.219356759550 -686.097721877446 278.816262351471 0.73304014053615 -4.70617835787568 5.99587132923471
2026-09-21T07:22:00.000 -6340.800740490650 -1776.938794851750 1690.146262887250 2.74097424056438 -4.32868022752358 5.69323386154075
2026-09-21T07:26:00.000 -5460.475930869860 -2738.617190722160 2978.273148694460 4.55034341954892 -3.63637832208947 4.97543881007552
2026-09-21T07:30:00.000 -4183.164288509050 -3501.197827519010 4049.262848422120 6.02893405444946 -2.67969699284340 3.89486487747922
2026-09-21T07:34:00.000 -2601.745374647830 -4009.261373411600 4825.047912851840 7.06912447739844 -1.52834616508085 2.53046549700122
2026-09-21T07:38:00.000 -831.198304740038 -4225.895632173220 5249.095341129300 7.59539853555631 -0.26590759166215 0.98162346215375
2026-09-21T07:42:00.000 999.766255432090 -4135.326523802600 5290.465682063090 7.56951070368827 1.01611371848874 -0.63906442218283
2026-09-21T07:46:00.000 2758.012510917780 -3744.040437137670 4946.022921564490 6.99301924740579 2.22481680385775 -2.21387423817670
2026-09-21T07:50:00.000 4315.563190578170 -3080.335117184110 4240.679334806280 5.90713035784056 3.27238816186750 -3.62814298723250
2026-09-21T07:54:00.000 5558.869502422620 -2192.351782216950 3225.686342294610 4.39024430735066 4.08231198612119 -4.77839244524633
2026-09-21T07:58:00.000 6397.163724568340 -1144.651305598160 1975.010781283230 2.55271808496458 4.59514112161368 -5.58000388533315
2026-09-21T08:02:00.000 6769.249759799640 -13.537195936229 579.985606082315 0.52910952269258 4.77314202462595 -5.97387058819957
2026-09-21T08:06:00.000 6648.132700912440 1118.569405388400 -857.435505408093 -1.53195651349290 4.60342203430267 -5.93119412191111
2026-09-21T08:10:00.000 6043.036045094270 2169.261254866730 -2232.285529358330 -3.47926414082229 4.09898620241800 -5.45582504904962
2026-09-21T08:14:00.000 4998.601969608580 3062.269496359130 -3444.418294988210 -5.17079307077938 3.29760473321012 -4.58376091535439
2026-09-21T08:18:00.000 3591.363480211160 3733.049689892040 -4405.883095283860 -6.48443212042439 2.25850772002152 -3.37988596869579
2026-09-21T08:22:00.000 1923.891541371740 4133.374124488010 -5047.239470720930 -7.32651226260784 1.05754032746057 -1.93252513238807
2026-09-21T08:26:00.000 117.203486611667 4234.648920320600 -5322.395459206060 -7.63778946179701 -0.21852257538897 -0.34671562532083
2026-09-21T08:30:00.000 -1697.967500468440 4029.802997556700 -5211.712371588250 -7.39687019036160 -1.47813519224060 1.26342500900851
2026-09-21T08:34:00.000 -3390.409213962960 3533.693727169410 -4723.271143965460 -6.62116014069179 -2.63112128247462 2.78227849644354
2026-09-21T08:38:00.000 -4837.660704265820 2782.054688079200 -3892.307857768430 -5.36580507579244 -3.59466694133568 4.10047488051510
2026-09-21T08:42:00.000 -5934.703769178230 1829.041458925830 -2778.801413015060 -3.72027192859214 -4.29897190873831 5.12238167558604
2026-09-21T08:46:00.000 -6601.581802606720 743.479451443874 -1463.337437858850 -1.80280991035639 -4.69238717564639 5.77302586794441
2026-09-21T08:50:00.000 -6789.378593961280 -396.017200742119 -41.400022734183 0.24771720047343 -4.74554847238722 6.00406405555375
2026-09-21T08:54:00.000 -6483.988335746670 -1506.730485455940 1383.540837935220 2.28188365799992 -4.45390066148910 5.79778411595030
2026-09-21T08:58:00.000 -5707.313207180570 -2507.913078834710 2707.633704706040 4.15097929211430 -3.83835470292557 5.16877445958815
2026-09-21T09:02:00.000 -4515.710288823340 -3326.760138462400 3834.326313953170 5.71843127298251 -2.94373700252786 4.16286732828678
2026-09-21T09:06:00.000 -2995.822596594780 -3903.757331124390 4681.479336994220 6.86998197547610 -1.83526450142953 2.85357990541282
2026-09-21T09:10:00.000 -1258.169326152660 -4196.996632223270 5187.373107041800 7.52211234051798 -0.59348518060969 1.33639649428520
2026-09-21T09:14:00.000 570.945061873152 -4185.155695977630 5315.116297760110 7.62748384798023 0.69161920297205 -0.27846302980817
2026-09-21T09:18:00.000 2358.536245478910 -3869.010335309700 5055.287047140810 7.17811585907195 1.92695253142029 -1.87366309637627
2026-09-21T09:22:00.000 3974.526109941740 -3271.401951436600 4426.644481829790 6.20608758050012 3.02282501863987 -3.33310360634001
2026-09-21T09:26:00.000 5301.157850452210 -2435.645286704570 3474.833164558480 4.78143069046451 3.89933544517026 -4.55017282360735
2026-09-21T09:30:00.000 6241.606065728840 -1422.467409935430 2269.168848398880 3.00757620697728 4.49220731448634 -5.43545572308650
2026-09-21T09:34:00.000 6727.193355897200 -305.633560030552 897.662282920091 1.01426364116896 4.75779964365217 -5.92363736793744
2026-09-21T09:38:00.000 6722.590366361950 833.471576104889 -539.455033874027 -1.05214183748052 4.67670343653849 -5.97888350777195
2026-09-21T09:42:00.000 6228.473875813160 1911.896735869400 -1937.201643889650 -3.03991268126118 4.25536459311597 -5.59772339861998
2026-09-21T09:46:00.000 5281.386091684780 2851.299574021210 -3193.693220083960 -4.80385086868199 3.52544260960270 -4.80920235834374
2026-09-21T09:50:00.000 3950.818530427020 3583.701894650920 -4217.671457950700 -6.21627675365068 2.54103306625884 -3.67217295336908
2026-09-21T09:54:00.000 2333.864589007030 4056.369374668410 -4935.100118792030 -7.17617932369016 1.37421302511262 -2.27030366199449
2026-09-21T09:58:00.000 547.975205100108 4235.472955625810 -5294.354248280040 -7.61579589164956 0.10946378646837 -0.70551149768000
2026-09-21T10:02:00.000 -1277.546869378270 4108.343995491540 -5269.730030049160 -7.50458859659193 -1.16237654664037 0.90937264413506
2026-09-21T10:06:00.000 -3010.726388815880 3684.266293982510 -4863.137358453940 -6.85089664258110 -2.35023770934375 2.45838552442604
2026-09-21T10:10:00.000 -4526.199873952480 2993.797482432320 -4103.918848004190 -5.70118235083701 -3.36888973930592 3.83012521124789
2026-09-21T10:14:00.000 -5714.081881929380 2086.670895837210 -3046.857911123370 -4.13732705449081 -4.14471339537696 4.92525139853191
2026-09-21T10:18:00.000 -6487.892471672430 1028.354235318690 -1768.404402149770 -2.27143634812119 -4.62101231913441 5.66365494634923
2026-09-21T10:22:00.000 -6790.967762583750 -104.555285192887 -361.300557080860 -0.23844601623631 -4.76239361423796 5.99060625198217
2026-09-21T10:26:00.000 -6600.812439393850 -1229.855379412600 1072.105621044590 1.81364935909315 -4.55788452080513 5.88136942628844
2026-09-21T10:30:00.000 -5930.908395121110 -2265.758567268880 2427.367060487070 3.73490804021268 -4.02193273711487 5.34333100265637
2026-09-21T10:34:00.000 -4829.818659485080 -3136.926791809310 3605.656415229440 5.38483328260165 -3.19350311043110 4.41565350559457
2026-09-21T10:38:00.000 -3377.597864070880 -3780.030351276990 4521.069109215320 6.64311665146963 -2.13302304840458 3.16613356053807
2026-09-21T10:42:00.000 -1679.858745705490 -4148.355693224240 5106.905385981700 7.41837659526821 -0.91763626669759 1.68597834771888
2026-09-21T10:46:00.000 139.983080586019 -4215.140949387510 5320.474987058710 7.65444308446141 0.36452762010284 0.08282165756417
2026-09-21T10:50:00.000 1949.645330654500 -3975.471654491080 5146.127094979040 7.33398687058526 1.62063172624330 -1.52696843214674
2026-09-21T10:54:00.000 3617.481614779470 -3446.633670854370 4596.386248011940 6.47964971347647 2.75956041571129 -3.02631050259692
2026-09-21T10:58:00.000 5021.991686962660 -2666.933049156170 3711.135545743470 5.15290918543125 3.69833891492858 -4.30570933321837
2026-09-21T11:02:00.000 6060.705358460690 -1692.992354079870 2554.810470933890 3.44995897677965 4.36825088772589 -5.27131033214421
2026-09-21T11:06:00.000 6657.769726201150 -595.687448387047 1211.781213247980 1.49512747945494 4.72001694939373 -5.85193519861645
2026-09-21T11:10:00.000 6769.671514101500 545.029286195823 -219.814971783588 -0.56812034110660 4.72781506731464 -6.00484249249742
2026-09-21T11:14:00.000 6388.533704811180 1646.061872144640 -1635.375482266830 -2.58822294016262 4.39145298666111 -5.71925801197177
2026-09-21T11:18:00.000 5542.641616843830 2627.363555237140 -2931.654112773810 -4.41737037506147 3.73633658548064 -5.01714593842095
2026-09-21T11:22:00.000 4294.155017337570 3417.849466052650 -4014.420486206990 -5.92286158495229 2.81119144842790 -3.95109667734412
2026-09-21T11:26:00.000 2734.284884743420 3960.530567399330 -4805.306025877350 -6.99671788441715 1.68394952120146 -2.59978108366895
2026-09-21T11:30:00.000 976.443069263542 4216.501254772540 -5247.339444943730 -7.56289494846818 0.43642313451419 -1.06168710061652
2026-09-21T11:34:00.000 -852.026399241057 4167.565341422120 -5308.843788987570 -7.58188797415343 -0.84164945436291 0.55214518764573
2026-09-21T11:38:00.000 -2618.913399352730 3817.399131922220 -4985.534477562810 -7.05280917290634 -2.05874266318086 2.12576082774703
2026-09-21T11:42:00.000 -4196.449766768960 3191.255047210760 -4300.773691325990 -6.01337898017754 -3.12760203747222 3.54604011316380
2026-09-21T11:46:00.000 -5470.334433363820 2334.215122350800 -3303.958476901660 -4.53750786015185 -3.97116736836456 4.71036612729424
2026-09-21T11:50:00.000 -6347.921983545000 1308.092527243390 -2067.136526670550 -2.73082277398395 -4.52794374148477 5.53377143863934
2026-09-21T11:54:00.000 -6765.052300689890 187.102014537850 -679.965509935151 -0.72370026535606 -4.75677079345370 5.95543930010674
2026-09-21T11:58:00.000 -6690.923994758440 -947.460461252878 756.711188401779 1.33794046698046 -4.64024046124018 5.94364312536469
2026-09-21T12:02:00.000 -6130.545629328340 -2013.156388472400 2138.234461160440 3.30350139695901 -4.18634035146159 5.49857248538182
2026-09-21T12:06:00.000 -5124.476003444100 -2932.487888720990 3363.867371294470 5.02924874520702 -3.42799507166171 4.65251405767451
2026-09-21T12:10:00.000 -3745.837664558670 -3638.612579585270 4344.243030841700 6.38926056673688 -2.42048085580409 3.46729982833945
2026-09-21T12:14:00.000 -2094.897146899170 -4080.220320365390 5007.913420566560 7.28460856302246 -1.23715328827837 2.02947472044038
2026-09-21T12:18:00.000 -291.689660619922 -4225.234658144950 5306.527906542310 7.65043553464821 0.03609878985457 0.44371832119164
2026-09-21T12:22:00.000 1532.712184095150 -4063.076220875730 5218.268471432270 7.46010744837304 1.30706242451642 -1.17482704695902
2026-09-21T12:26:00.000 3245.632463352800 -3605.412338802990 4749.409971093700 6.72696907938991 2.48364884664689 -2.70857955872692
2026-09-21T12:30:00.000 4722.335270405690 -2885.357380733950 3933.917739584460 5.50352127216726 3.48025308733560 -4.04570167113558
2026-09-21T12:34:00.000 5855.103075350580 -1955.174383544590 2831.106483486600 3.87833288536353 4.22393383805592 -5.08812643625723
2026-09-21T12:38:00.000 6561.219669194030 -882.533992635567 1521.408310537290 1.96992696336790 4.66006363326827 -5.75907842421353
2026-09-21T12:42:00.000 6789.176214697080 254.419302861327 100.507494586919 -0.08176087475557 4.75658425516460 -6.00910469152144
2026-09-21T12:46:00.000 6522.573719145440 1372.844555716410 -1327.756908886850 -2.12599416850084 4.50669952419905 -5.82017312204300
2026-09-21T12:50:00.000 5781.308932645000 2391.376733887330 -2659.153627137160 -4.01301660383931 3.92939964849423 -5.20702495351345
2026-09-21T12:54:00.000 4619.945581264190 3236.157628459250 -3796.807571167170 -5.60556049269515 3.06779441521737 -4.21577251494104
2026-09-21T12:58:00.000 3123.442427396080 3846.209571594560 -4658.290474371340 -6.78909847352575 1.98534717821392 -2.91981181296667
2026-09-21T13:02:00.000 1400.718952778850 4177.732848307070 -5181.479300433180 -7.47957755481361 0.76082220416950 -1.41385041145271
2026-09-21T13:06:00.000 -423.336371466823 4207.087118171660 -5328.833499167500 -7.62861611182008 -0.51755185081165 0.19320188893072
2026-09-21T13:10:00.000 -2216.796992923060 3932.335812854110 -5089.900955265830 -7.22620537203215 -1.75817020637733 1.78581125199553
2026-09-21T13:14:00.000 -3849.997341926790 3373.318522555090 -4481.974286246810 -6.30107081716816 -2.87216058019338 3.24958218754503
2026-09-21T13:18:00.000 -5204.666289525150 2570.285324157030 -3548.903868745830 -4.91898436334798 -3.77929947728595 4.47886313945845
2026-09-21T13:22:00.000 -6182.383861346370 1581.124922676290 -2358.099361966220 -3.17871522441222 -4.41370365929503 5.38416942333751
2026-09-21T13:26:00.000 -6711.772979720750 477.324689038022 -995.828602595937 -1.20559561454545 -4.72866941318756 5.89884763289483
2026-09-21T13:30:00.000 -6753.879498465510 -661.118551442197 438.932756923622 0.85715262235837 -4.70050617713744 5.98439797856974
2026-09-21T13:34:00.000 -6305.224355367710 -1751.516400850170 1841.703581148900 2.85898015558217 -4.33066773886514 5.63379858805104
2026-09-21T13:38:00.000 -5398.198976860930 -2714.580410482530 3110.206701017740 4.65345845558055 -3.64587478717562 4.87235033760852
2026-09-21T13:42:00.000 -4098.701157202960 -3480.280402516160 4151.945384738530 6.10957211825624 -2.69603167118362 3.75569281628975
2026-09-21T13:46:00.000 -2501.237510610820 -3992.968511441450 4890.993176867540 7.12136435027879 -1.55032222921075 2.36536990977332
2026-09-21T13:50:00.000 -721.966116630107 -4215.403437868990 5273.500956706200 7.61542477727988 -0.29197891019776 0.80267786647384
2026-09-21T13:54:00.000 1109.773043340520 -4131.395832050460 5271.561090484540 7.55590344411230 0.98784185379720 -0.81883892174627
2026-09-21T13:58:00.000 2860.791007986340 -3746.951990596380 4885.184824010210 6.94675477659992 2.19642051985070 -2.38140672781800
2026-09-21T14:02:00.000 4403.633619233650 -3089.866483009730 4142.337993129940 5.83156943768301 3.24597048066813 -3.77122924104285
2026-09-21T14:06:00.000 5625.813278597170 -2207.785860367730 3097.005574503190 4.29081468688327 4.05983801963692 -4.88657719232578
2026-09-21T14:10:00.000 6438.088222440070 -1164.843064449760 1825.378696298730 2.43664989893975 4.57820291334784 -5.64533497752043
2026-09-21T14:14:00.000 6781.163371545690 -37.007023425368 420.332183848940 0.40491613185617 4.76292291001553 -5.99153570125835
2026-09-21T14:18:00.000 6630.179001875590 1093.530526827470 -1015.445189148970 -1.65511697403158 4.60064725315125 -5.89992345591113
2026-09-21T14:22:00.000 5996.558894992050 2144.479544480290 -2377.118866776290 -3.59234108179430 4.10390086047390 -5.37798516413394
2026-09-21T14:26:00.000 4927.029040874160 3039.563937135360 -3565.529109275610 -5.26558349851555 3.30988640440586 -4.46514051598061
2026-09-21T14:30:00.000 3499.932394476590 3714.090050847480 -4494.477199056430 -6.55413291609576 2.27725012752842 -3.22919901889598
2026-09-21T14:34:00.000 1819.256954145770 4119.555708481890 -5096.901375391960 -7.36620245518494 1.08137324165879 -1.76074680820160
2026-09-21T14:38:00.000 6.942073707262 4226.982786407140 -5329.525590860410 -7.64471096913694 -0.19141679464067 -0.16619645517466
2026-09-21T14:42:00.000 -1805.882440073640 4028.828551059880 -5175.764346220200 -7.37049990478846 -1.44983360831933 1.43972260640528
2026-09-21T14:46:00.000 -3488.157687267320 3539.441362698500 -4646.795763701060 -6.56329693256078 -2.60375773554538 2.94166827250826
2026-09-21T14:50:00.000 -4918.121813201870 2794.053879973290 -3780.778810201540 -5.28045219753918 -3.57025046062886 4.23141323098325
2026-09-21T14:54:00.000 -5991.965720185210 1846.371018130200 -2640.243692016620 -3.61345330205184 -4.27922252370414 5.21529088216230
2026-09-21T14:58:00.000 -6631.385235497890 764.851251082549 -1307.767265090080 -1.68220311107828 -4.67864241225013 5.82098688302675
2026-09-21T15:02:00.000 -6789.457678165320 -372.166668895534 119.884882193239 0.37328611862575 -4.73876010295872 6.00341007870480
2026-09-21T15:06:00.000 -6454.259538110160 -1482.140171524390 1538.791224618830 2.40317539385685 -4.45456330596807 5.74844390454229
2026-09-21T15:10:00.000 -5649.888331418080 -2484.376718368340 2845.520526711540 4.25905696268553 -3.84641631993816 5.07429988122198
2026-09-21T15:14:00.000 -4434.743641239150 -3305.991690411980 3944.784663921180 5.80532208386240 -2.95859921651753 4.03018147053163
2026-09-21T15:18:00.000 -2897.195617473320 -3887.265661160750 4756.456386543220 6.92935857821709 -1.85581723037298 2.69238501606284
2026-09-21T15:22:00.000 -1149.053374315930 -4185.974041200520 5221.398522949290 7.54959805697883 -0.61823114564782 1.15841917854442
2026-09-21T15:26:00.000 682.602384922828 -4180.400233657820 5305.709057307210 7.62105155935969 0.66445541705026 -0.46020247377494
2026-09-21T15:30:00.000 2464.604667655760 -3870.867500673640 5003.139841418620 7.13826234078825 1.89934901405088 -2.04591681960445
2026-09-21T15:34:00.000 4067.284541056160 -3279.733848044810 4335.559122957270 6.13569632746818 2.99679908187237 -3.48334670044443
2026-09-21T15:38:00.000 5373.847573576460 -2449.841171586160 3351.448945817420 4.68559575996751 3.87680057326400 -4.66742583049739
2026-09-21T15:42:00.000 6288.927524886660 -1441.483265540370 2122.496073127870 2.89331777229708 4.47482655581718 -5.51108165149727
2026-09-21T15:46:00.000 6745.707823312210 -328.068569578446 738.419092480237 0.88993075806159 4.74685920317358 -5.95211967546603
2026-09-21T15:50:00.000 6710.964777676420 809.265627542875 -699.630704956683 -1.17741710036257 4.67297727981517 -5.95812924443338
2026-09-21T15:54:00.000 6187.594764759260 1887.697534981790 -2086.611798477720 -3.15692145356023 4.25914999532206 -5.52933122456266
2026-09-21T15:58:00.000 5214.280176400180 2828.891269270850 -3321.450683672530 -4.90407179423204 3.53649570650483 -4.69828319660021
2026-09-21T16:02:00.000 3862.410470935120 3564.744278680030 -4314.497287174830 -6.29251168356339 2.55856216687502 -3.52691652337486
2026-09-21T16:06:00.000 2230.597864655230 4042.270488853430 -4993.983088160730 -7.22303221092266 1.39691573411393 -2.10129341473058
2026-09-21T16:10:00.000 437.341915852362 4227.275821722570 -5311.036314251320 -7.62997795002129 0.13562997242836 -0.52497745347747
2026-09-21T16:14:00.000 -1387.544134475570 4106.644677229430 -5242.995148369150 -7.48513492918089 -1.13474269817948 1.08847220447979
2026-09-21T16:18:00.000 -3112.126943837150 3689.164944969380 -4794.883162590390 -6.79912061747243 -2.32323381582780 2.62318392044500
2026-09-21T16:22:00.000 -4611.634445125490 3004.900529452350 -3999.038253575990 -5.62069324911202 -3.34450939870196 3.96868836768430
2026-09-21T16:26:00.000 -5777.302256207180 2103.131617044450 -2912.904581753420 -4.03380513447023 -4.12470915947437 5.02746376366834
2026-09-21T16:30:00.000 -6524.234173866590 1048.946843499070 -1615.068532490170 -2.15233214174719 -4.60678985659768 5.72195553846435
2026-09-21T16:34:00.000 -6797.709208552190 -81.347089802864 -199.714696129564 -0.11239027713316 -4.75492932703408 6.00060896641399
2026-09-21T16:38:00.000 -6577.395429413700 -1205.716320805270 1230.171511621610 1.93733835153213 -4.55764181552100 5.84219739490941
2026-09-21T16:42:00.000 -5879.017180507230 -2242.442253619630 2570.381393577830 3.84704323278159 -4.02900839038148 5.25785409239983
2026-09-21T16:46:00.000 -4753.229485979160 -3116.147742176100 3723.196331822070 5.47725833951099 -3.20743890769671 4.29014536554830
2026-09-21T16:50:00.000 -3281.878915012280 -3763.319278095210 4604.576551557890 6.70913876736104 -2.15276508674633 3.00976761323633
2026-09-21T16:54:00.000 -1571.966226465300 -4136.935194929680 5150.301830160470 7.45317866472806 -0.94171443145750 1.51012570966654
2026-09-21T16:58:00.000 252.201715892442 -4209.846357279070 5320.598101392170 7.65546384902315 0.33787233292719 -0.09973766918138
2026-09-21T17:02:00.000 2058.017135653030 -3976.690295051380 5102.963254533600 7.30110347279301 1.59334003287152 -1.70291775457114
2026-09-21T17:06:00.000 3714.109663161310 -3454.279708490620 4513.084135916400 6.41526889852638 2.73362340458871 -3.18280305211898
2026-09-21T17:10:00.000 5099.833881851820 -2680.446370878460 3593.769146905390 5.06168423052084 3.67568937727128 -4.43134085790109
2026-09-21T17:14:00.000 6114.076744335420 -1711.378266969950 2411.949497041590 3.33852126010230 4.35053763040946 -5.35681595498954
2026-09-21T17:18:00.000 6682.782244507210 -617.599265339772 1053.875384282120 1.37170545350845 4.70853370930120 -5.89104218507148
2026-09-21T17:22:00.000 6764.525005786570 521.201550865618 -381.222237080684 -0.69448092764835 4.72343290806686 -5.99473892309329
2026-09-21T17:26:00.000 6353.637705681110 1622.073696222280 -1788.493641969380 -2.70824229686160 4.39451057151188 -5.66072616987897
2026-09-21T17:30:00.000 5480.588677394620 2604.988917009280 -3065.320668775780 -4.52228375282002 3.74664599683472 -4.91459505907299
2026-09-21T17:34:00.000 4209.507866472110 3398.751663551150 -4118.924047603800 -6.00510593606415 2.82802600368868 -3.81212794962546
2026-09-21T17:38:00.000 2633.221339254700 3946.136176052290 -4873.082684240210 -7.05046614235844 1.70606210695332 -2.43455969749537
2026-09-21T17:42:00.000 866.299173308213 4207.884236851390 -5273.496361547030 -7.58437167836249 0.46215077455366 -0.88217494066619
2026-09-21T17:46:00.000 -963.277749589037 4165.366121564920 -5291.492330057070 -7.56959072706371 -0.81423278281906 0.73300838364804
2026-09-21T17:50:00.000 -2723.226563544120 3821.775599950110 -4925.920104347670 -7.00762878464240 -2.03171130713044 2.29496529431684
2026-09-21T17:54:00.000 -4286.266656528680 3201.869009966520 -4203.182821421450 -5.93846616997050 -3.10297189946931 3.69137921605163
2026-09-21T17:58:00.000 -5539.116183856220 2350.273056908320 -3175.431471225830 -4.43818244914565 -3.95070373479372 4.82124582357928
2026-09-21T18:02:00.000 -6390.634638329440 1328.412253077500 -1916.977623897960 -2.61422433411385 -4.51310140632545 5.60203238186474
2026-09-21T18:06:00.000 -6778.549364418580 210.200487866164 -519.083132178233 -0.59833688535139 -4.74859699502438 5.97597582296893
2026-09-21T18:10:00.000 -6674.200576188510 -923.265794814097 916.602122721922 1.46286334541818 -4.63933660773006 5.91488476452606
2026-09-21T18:14:00.000 -6084.817678333820 -1989.629254642310 2285.477063895310 3.41878012266452 -4.19277458352729 5.42257375947385
2026-09-21T18:18:00.000 -5053.102061039590 -2911.350068242160 3487.731055907460 5.12638199717180 -3.44136834076228 4.53490448106325
2026-09-21T18:22:00.000 -3654.047431569220 -3621.431993953030 4435.727070638640 6.46124196471304 -2.43989654749028 3.31674319867485
2026-09-21T18:26:00.000 -1989.377055747080 -4068.285297655360 5060.387394144540 7.32635851927870 -1.26116455587857 1.85691141387641
2026-09-21T18:30:00.000 -180.103535465027 -4219.432739771400 5316.181310290420 7.65892079873804 0.00932498288302 0.26161590855818
2026-09-21T18:34:00.000 1642.251421536200 -4063.832602695310 5184.393180868940 7.43465834700605 1.27952323588962 -1.35325593950281
2026-09-21T18:38:00.000 3345.142816490870 -3612.667276703880 4674.458231818880 6.66934293957337 2.45735999457869 -2.87035081344006
2026-09-21T18:42:00.000 4804.548077051190 -2898.577988323450 3823.341565169780 5.41787633435111 3.45713740379019 -4.17897167928431
2026-09-21T18:46:00.000 5914.002547662450 -1973.386723808070 2692.971447247370 3.77088706840674 4.20570328469160 -5.18309039693816
2026-09-21T18:50:00.000 6592.491467178310 -904.403482643643 1365.812138555720 1.84857352269609 4.64799617611461 -5.80872299660058
2026-09-21T18:54:00.000 6790.548685642670 230.485172777990 -61.167267016167 -0.20801937632698 4.75155804056604 -6.00981809678077
2026-09-21T18:58:00.000 6493.986521381600 1348.596823679200 -1483.699804018390 -2.24786397285770 4.50913736117034 -5.77200334576177
2026-09-21T19:02:00.000 5724.899698850310 2368.602829246640 -2798.000077817450 -4.12158450397288 3.93917674163329 -5.11362600184103
2026-09-21T19:06:00.000 4539.873990276320 3216.547644237640 -3908.476274763090 -5.69298789575674 3.08422600562067 -4.08409723158750
2026-09-21T19:10:00.000 3025.567663446360 3831.228191160190 -4734.709899818220 -6.84915325790415 2.00725037730061 -2.75954523494495
2026-09-21T19:14:00.000 1292.158632241230 4168.507093652660 -5217.153264432290 -7.50804670491665 0.78658613805008 -1.23663398235724
2026-09-21T19:18:00.000 -534.718912333336 4204.320390858540 -5321.215626702630 -7.62353561291263 -0.48982464912476 0.37457083691058
2026-09-21T19:22:00.000 -2322.950319212740 3936.255253083130 -5039.564676247250 -7.18797404652840 -1.73052461875383 1.95827275477480
2026-09-21T19:26:00.000 -3943.249884926520 3383.655910556990 -4392.574422888010 -6.23244120323698 -2.84666288665414 3.40067510904956
2026-09-21T19:30:00.000 -5278.270375762920 2586.291173403960 -3426.922239366060 -4.82486129133336 -3.75785089196230 4.59762732416940
2026-09-21T19:34:00.000 -6231.000218284500 1601.633958854340 -2212.388135620660 -3.06587237083778 -4.39785083247301 5.46193320586314
2026-09-21T19:38:00.000 -6731.870109649650 500.848707856455 -836.980823579819 -1.08223294218793 -4.71954761026361 5.92986918994227
2026-09-21T19:42:00.000 -6744.008774666210 -636.284162908146 599.346482687046 0.98197640847635 -4.69878236907561 5.96634237281208
2026-09-21T19:46:00.000 -6266.141522883380 -1727.180448915790 1991.991927764590 2.97609961299267 -4.33653318469326 5.56800183887466
2026-09-21T19:50:00.000 -5332.794481697290 -2692.529586302940 3239.424895111100 4.75434103403797 -3.65894275742884 4.76364716040685
2026-09-21T19:54:00.000 -4011.780053624840 -3462.144230489390 4250.696223732270 6.18690914618189 -2.71539266257914 3.61206417435345
2026-09-21T19:58:00.000 -2399.152859156120 -3980.099543390200 4952.112586835170 7.16964912736126 -1.57458164852219 2.19732229159728
2026-09-21T20:02:00.000 -612.135740910511 -4208.761996281350 5292.561054041690 7.63130418933611 -0.31927354904225 0.62234038840921
2026-09-21T20:06:00.000 1219.382496787880 -4131.458352049200 5247.157880411540 7.53817227041545 0.95962850853342 -0.99850077708610
2026-09-21T20:10:00.000 2962.201712772690 -3753.682850409150 4819.051161456220 6.89655452406524 2.16940868261727 -2.54738024355882
2026-09-21T20:14:00.000 4489.424388784250 -3102.736131728240 4039.238536701240 5.75237310897399 3.22212800205411 -3.91139815135119
2026-09-21T20:18:00.000 5689.668306697180 -2225.828082616600 2964.421350604880 4.18832964917232 4.04083249322121 -4.99059122666905
2026-09-21T20:22:00.000 6475.285054540650 -1186.727598642390 1672.970839304700 2.31835317322268 4.56537296411678 -5.70548588486243
2026-09-21T20:26:00.000 6788.938807404770 -61.136965829124 259.235442537135 0.27957181562420 4.75715164902384 -6.00334306746372
2026-09-21T20:30:00.000 6607.956933495040 1068.910303476420 -1173.457216318130 -1.77820099891243 4.60235886045328 -5.86258853205323
2026-09-21T20:34:00.000 5945.979366355230 2121.162316821250 -2520.525346796460 -3.70411945290842 4.11298333886417 -5.29437657237916
2026-09-21T20:38:00.000 4851.807098981310 3019.252494209620 -3683.909489602230 -5.35790763352506 3.32570803787877 -4.34149719180997
2026-09-21T20:42:00.000 3405.569131135570 3698.279239550310 -4579.266414461550 -6.62036709880870 2.29870812020413 -3.07463757319203
2026-09-21T20:46:00.000 1712.619087389320 4109.419362706320 -5141.996226232600 -7.40165153917484 1.10691715638504 -1.58653949465326
2026-09-21T20:50:00.000 -104.239679915746 4223.285992520450 -5331.706701672640 -7.64691438869879 -0.16362486406281 0.01504455172090
2026-09-21T20:54:00.000 -1913.570547110280 4031.869269077240 -5134.911794436860 -7.33936799388945 -1.42182619890492 1.61492637704184
2026-09-21T20:58:00.000 -3584.577085541150 3549.022301560080 -4565.890220689080 -6.50108611735765 -2.57759909827937 3.09821947917464
2026-09-21T21:02:00.000 -4996.305188283310 2809.497703966330 -3665.691563120830 -5.19161346190811 -3.54784907203939 4.35796510086549
2026-09-21T21:06:00.000 -6046.260229492960 1866.572894704660 -2499.337397161670 -3.50443824292105 -4.26222541956615 5.30257600522193
2026-09-21T21:10:00.000 -6657.876315917860 788.350956730705 -1151.293202770740 -1.56093366028060 -4.66832689380209 5.86263831521632
2026-09-21T21:14:00.000 -6786.249282139050 -347.072248934551 280.537628461083 0.49799289410675 -4.73586329144791 5.99635707437511
2026-09-21T21:18:00.000 -6421.627566183300 -1457.267372001860 1691.918826313410 2.52214856659030 -4.45930494159406 5.69317543335993
2026-09-21T21:22:00.000 -5590.272512742700 -2461.537921057170 2979.972643175460 4.36357927317313 -3.85854004974360 4.97490758545618
2026-09-21T21:26:00.000 -4352.543363175020 -3286.872754693650 4050.789274278610 5.88787243732904 -2.97728616670666 3.89396559665746
2026-09-21T21:30:00.000 -2798.430032530480 -3873.286445012290 4826.322007827390 6.98402812342465 -1.87969874111223 2.52928366794455
2026-09-21T21:34:00.000 -1040.920527269930 -4178.176636877890 5250.064138439380 7.57253931924102 -0.64553657145715 0.98027402451203
2026-09-21T21:38:00.000 792.254378190521 -4179.355675521990 5291.093227454100 7.61069181692349 0.63586164371689 -0.64056782777756
2026-09-21T21:42:00.000 2567.814579602310 -3876.616447860790 4946.268150480700 7.09522863965898 1.87169154501032 -2.21555114065202
2026-09-21T21:46:00.000 4156.513012055630 -3291.800078567580 4240.508634221050 6.06289575107859 2.97213940735591 -3.62991804858281
2026-09-21T21:50:00.000 5442.523260463650 -2467.287058827560 3225.088970431940 4.58816041978608 3.85688308684058 -4.78014633926790
2026-09-21T21:54:00.000 6331.950350377700 -1463.001860577220 1974.008116154680 2.77828326936196 4.46098917055045 -5.58160032435689
2026-09-21T21:58:00.000 6759.849744659030 -352.085089310729 578.636530380911 0.76580288827232 4.73999726173912 -5.97513013289719
2026-09-21T22:02:00.000 6695.147140201270 784.493079479180 -859.031305291196 -1.30140446443921 4.67357264145666 -5.93196884430847
2026-09-21T22:06:00.000 6142.958011105850 1863.961964493470 -2233.998872173980 -3.27161035107750 4.26715069565979 -5.45601789556811
2026-09-21T22:10:00.000 5144.083265895490 2807.913882610150 -3446.099640816970 -5.00108235950577 3.55134425139433 -4.58329231922363
2026-09-21T22:14:00.000 3771.770902975150 3548.051988649260 -4407.367557960380 -6.36482683290153 2.57920640258768 -3.37871417142330
2026-09-21T22:18:00.000 2126.105627778040 4031.083103317150 -5048.364586390790 -7.26546894233556 1.42186856427266 -1.93071868389839
2026-09-21T22:22:00.000 326.572768787650 4222.415489918140 -5323.022885035280 -7.63953907194947 0.16308355935248 -0.34440798175999
2026-09-21T22:26:00.000 -1496.575321986430 4108.476979525700 -5211.750480985680 -7.46119003093824 -1.10676387327450 1.26598203196730
2026-09-21T22:30:00.000 -3211.543306463300 3697.570392294930 -4722.690860055180 -6.74342834395090 -2.29677212343863 2.78483836108273
2026-09-21T22:34:00.000 -4694.254040888460 3019.278119242590 -3891.135354015760 -5.53725105811239 -3.32151334925306 4.10281482267342
2026-09-21T22:38:00.000 -5837.143687818200 2122.440220897150 -2777.113974140540 -3.92857267925277 -4.10685855071940 5.12430580573719
2026-09-21T22:42:00.000 -6556.953364293440 1071.793084728400 -1461.253593954520 -2.03293500515483 -4.59533160084799 5.77437803289851
2026-09-21T22:46:00.000 -6800.946647188060 -56.608195116624 -39.071646804879 0.01238559250790 -4.75073133558438 6.00473965848356
2026-09-21T22:50:00.000 -6550.949465632550 -1180.884589125370 1385.944900930080 2.05841601482229 -4.56107124192430 5.79773378498102
2026-09-21T22:54:00.000 -5824.844718804750 -2219.327349383210 2709.940173853190 3.95559613619956 -4.03979609399435 5.16802226166166
2026-09-21T22:58:00.000 -4675.316392044890 -3096.433986278990 3836.379183530860 5.56533309842935 -3.22483397457933 4.16153576821513
2026-09-21T23:02:00.000 -3185.937549274000 -3748.457971127580 4683.159898038690 6.77041094926987 -2.17556258985230 2.85180875783569
2026-09-21T23:06:00.000 -1464.989896528130 -4128.026659729750 5188.579919770800 7.48331148765460 -0.96820773796646 1.33424635269995
2026-09-21T23:10:00.000 362.434994646425 -4207.541425720480 5315.781545815650 7.65231702296397 0.30969017000085 -0.28079587023333
2026-09-21T23:14:00.000 2163.501243990250 -3981.131822287230 5055.381116166460 7.26489984560369 1.56567348061780 -1.87608500691212
2026-09-21T23:18:00.000 3807.161418407900 -3465.082804298110 4426.149841655840 6.34846178325504 2.70860933239844 -3.33557239532827
2026-09-21T23:22:00.000 5173.621393680290 -2696.751773087620 3473.755508076210 4.96891918066316 3.65511017327619 -4.55252434865706
2026-09-21T23:26:00.000 6163.136394220050 -1731.947258671020 2267.561692289570 3.22646722416692 4.33578536138254 -5.43748659443738
2026-09-21T23:30:00.000 6703.438611861300 -640.910215850606 895.623444175519 1.24852516365444 4.70055252021376 -5.92517013411086
2026-09-21T23:34:00.000 6755.193912338310 496.839700708110 -541.782560696689 -0.81962461392699 4.72270121439325 -5.97973261706611
2026-09-21T23:38:00.000 6314.968012468120 1598.415784469090 -1939.639900915460 -2.82608426949498 4.40107308098240 -5.59777768897000
2026-09-21T23:42:00.000 5415.387000518050 2583.739675960830 -3196.040580254550 -4.62418592726994 3.76003999608975 -4.80838394296233
2026-09-21T23:46:00.000 4122.517869875550 3381.447059344570 -4219.716406064980 -6.08367379508717 2.84730644730044 -3.67047891661601
2026-09-21T23:50:00.000 2530.759800782430 3934.029530288940 -4936.640075238990 -7.10005313551238 1.72983460211654 -2.26781403598910
2026-09-21T23:54:00.000 755.789970160424 4201.850617783690 -5295.220884191440 -7.60144923853162 0.48867024108351 -0.70243125292612
2026-09-21T23:58:00.000 -1073.838735201220 4165.830515454210 -5269.813532500330 -7.55293739832892 -0.78693532764088 0.91276904843320
2026-09-22T00:02:00.000 -2825.837069562720 3828.685822185220 -4862.400803892860 -6.95842802182268 -2.00562257651468 2.46176251899527
2026-09-22T00:06:00.000 -4373.492845257480 3214.702503218460 -4102.407213109900 -5.86023170651044 -3.08000292335291 3.83316824633909
2026-09-22T00:10:00.000 -5604.618729144230 2368.074239208860 -3044.677196985140 -4.33646599249195 -3.93252206179022 4.92774640054704
2026-09-22T00:14:00.000 -6429.622376752780 1349.870551554020 -1765.711004830280 -2.49632336852444 -4.50098631311056 5.66540264335854
2026-09-22T00:18:00.000 -6788.146559414270 233.750787942648 -358.293003139768 -0.47282532655305 -4.74337358674398 5.99145967129107
2026-09-22T00:22:00.000 -6653.685532976060 -899.328512887463 1075.204000438530 1.58672909788345 -4.64135798248524 5.88127342024946
2026-09-22T00:26:00.000 -6035.689107987660 -1967.042976020310 2430.333347668580 3.53190798886572 -4.20195366749192 5.34234368834115
2026-09-22T00:30:00.000 -4978.943688211760 -2891.765350277030 3608.289100212190 5.22055167183486 -3.45704422404881 4.41388384607067
2026-09-22T00:34:00.000 -3560.270962191480 -3606.277922288010 4523.204238171750 6.52955512319731 -2.46091493157344 3.16378522199233
2026-09-22T00:38:00.000 -1882.825529702690 -4058.668098133280 5108.423478089080 7.36386759744696 -1.28600785521136 1.68320596819753
2026-09-22T00:42:00.000 -68.534748094586 -4216.057647655810 5321.289676277160 7.66297306613268 -0.01752581886941 0.07975994260247
2026-09-22T00:46:00.000 1750.724486569020 -4066.942591455250 5146.195078528030 7.40496328376656 1.25267557329846 -1.53008495161572
2026-09-22T00:50:00.000 3442.627914688790 -3622.014240749120 4595.719601285200 6.60801430531790 2.43256660387967 -3.02929432264960
2026-09-22T00:54:00.000 4883.934015488360 -2913.440206913350 3709.782181013130 5.32928706153964 3.43625379876888 -4.30842391669645
2026-09-22T00:58:00.000 5969.473312936000 -1992.638834141750 2552.855659228710 3.66139625881370 4.19021578299415 -5.27357228857315
2026-09-22T01:02:00.000 6619.961302281420 -926.611833882610 1209.356028901870 1.72615146302363 4.63899056328434 -5.85356567589846
2026-09-22T01:06:00.000 6787.975588669310 206.957052205084 -222.539890874604 -0.33440808182642 4.74962129626531 -6.00568516182059
2026-09-22T01:10:00.000 6461.539578144670 1325.465620789840 -1638.195683782130 -2.36887202130239 4.51435993673033 -5.71919424122035
2026-09-22T01:14:00.000 5664.956834504690 2347.553994840730 -2934.343895976430 -4.22830931406399 3.95120926374791 -5.01611634494610
2026-09-22T01:18:00.000 4456.818253017090 3199.123812084470 -4016.746022779010 -5.77771043366095 3.10221950489242 -3.94910035181592
2026-09-22T01:22:00.000 2925.442572694160 3818.709457681800 -4807.046640348360 -6.90582909582297 2.02987620405291 -2.59692864263863
2026-09-22T01:26:00.000 1182.219613401550 4161.805852482730 -5248.311047364310 -7.53266662186501 0.81212773174167 -1.05817036163966
2026-09-22T01:30:00.000 -646.520445855936 4203.905047201710 -5308.920197698630 -7.61433751132851 -0.46332208890063 0.55603161140897
2026-09-22T01:34:00.000 -2428.520108490510 3942.113581779970 -4984.669032564600 -7.14553446725285 -1.70507283640704 2.12966496474385
2026-09-22T01:38:00.000 -4034.916580300170 3395.309360323200 -4299.005549204270 -6.15971010797643 -2.82411312248789 3.54959623161614
2026-09-22T01:42:00.000 -5349.343566018140 2602.843438248560 -3301.410729121540 -4.72700230332044 -3.73982215663063 4.71327014101681
2026-09-22T01:46:00.000 -6276.252293931660 1621.838366062400 -2063.989618184760 -2.94984236072230 -4.38562069524084 5.53583055036184
2026-09-22T01:50:00.000 -6747.918759712470 523.207672017899 -676.443137602578 -0.95638441293189 -4.71391504746090 5.95648359033613
2026-09-22T01:54:00.000 -6729.593564800500 -613.400790449875 760.349860676847 1.10841673417522 -4.70005913269522 5.94356244210503
2026-09-22T01:58:00.000 -6222.251440916720 -1705.423360889140 2141.721883186710 3.09374927289895 -4.34458545622040 5.49740820089244
2026-09-22T02:02:00.000 -5262.605778860060 -2673.469515262400 3366.958978636330 4.85449936850094 -3.67323928007241 4.65041516287469
2026-09-22T02:06:00.000 -3920.401483846840 -3447.169890190190 4346.740546761760 6.26225443382805 -2.73494112316806 3.46449485719287
2026-09-22T02:10:00.000 -2293.237657031500 -3970.307264915520 5009.677319550480 7.21469867216225 -1.59794678727218 2.02619116461598
2026-09-22T02:14:00.000 -499.399768042169 -4204.866680608490 5307.465050877050 7.64274877292765 -0.34475929309901 0.44014925826718
2026-09-22T02:18:00.000 1330.729663210410 -4133.753367825160 5218.335670420580 7.51523546689960 0.93384320823399 -1.17847520593422
2026-09-22T02:22:00.000 3064.062408830040 -3762.012044535360 4748.615771511000 6.84091704006110 2.14522185851840 -2.71205816321524
2026-09-22T02:26:00.000 4574.390598689220 -3116.498142652680 3932.335722148420 5.66808239067049 3.20132112812053 -4.04875055062974
2026-09-22T02:30:00.000 5751.562231218240 -2244.021470551700 2828.863939449180 4.08153439085226 4.02493566842520 -5.09055226146763
2026-09-22T02:34:00.000 6509.621283158440 -1208.026529005790 1518.674542431810 2.19692174529175 4.55555332999581 -5.76072355181318
2026-09-22T02:38:00.000 6793.261877508700 -83.983577829115 97.484021000612 0.15242741816277 4.75415766660810 -6.00985936854257
2026-09-22T02:42:00.000 6582.012768359140 1046.192984098330 -1330.845732053890 -1.90172220404643 4.60642958956699 -5.81995000582877
2026-09-22T02:46:00.000 5891.740557793450 2100.251107649290 -2662.070849864990 -3.81494251900301 4.12388641762801 -5.20582946206339
2026-09-22T02:50:00.000 4773.307666217560 3001.710330154940 -3799.327492856140 -5.44804614535624 3.34271354704950 -4.21367042538106
2026-09-22T02:54:00.000 3308.575167546840 3685.432513615740 -4660.209144430540 -6.68344491547780 2.32059142415815 -2.91693191568650
2026-09-22T02:58:00.000 1604.192070263670 4102.249098374490 -5182.632424630950 -7.43329997070434 1.13202949109520 -1.41038949596608
2026-09-22T03:02:00.000 -216.250029791551 4222.335560211860 -5329.111840406880 -7.64495026081078 -0.13724617667248 0.19698609327547
2026-09-22T03:06:00.000 -2021.062968303400 4037.196808978590 -5089.262641065570 -7.30389510423894 -1.39622771973188 1.78960821387136
2026-09-22T03:10:00.000 -3679.753851017760 3560.203388434640 -4480.458149037590 -6.43452559068584 -2.55472071257562 3.25304535488954
2026-09-22T03:14:00.000 -5072.224309133260 2825.673695816740 -3546.627911144270 -5.09865185625854 -3.52935365215261 4.48169030089893
2026-09-22T03:18:00.000 -6097.347457471810 1886.524621916960 -2355.240143755300 -3.39170682304794 -4.24944771020702 5.38618067173093
2026-09-22T03:22:00.000 -6680.331329911640 810.588784512395 -992.594937503000 -1.43650078496923 -4.66215701072885 5.89994365862303
2026-09-22T03:26:00.000 -6778.330931535730 -324.186927023286 442.310095870805 0.62512092250901 -4.73665860053428 5.98448478247948
2026-09-22T03:30:00.000 -6383.809204802770 -1435.400564917740 1844.976010350420 2.64264642779609 -4.46693498081056 5.63284937515928
2026-09-22T03:34:00.000 -5525.227901230270 -2442.265250463740 3113.135663709130 4.46855255992195 -3.87238702393212 4.87045681931842
2026-09-22T03:38:00.000 -4264.964052499830 -3271.571909064710 4154.322567284910 5.96952315713441 -2.99634633407519 3.75302602516961
2026-09-22T03:42:00.000 -2694.670032950120 -3863.055188954030 4892.661683643330 7.03639767289669 -1.90262435597262 2.36217268085807
2026-09-22T03:46:00.000 -928.510028652323 -4173.742069051800 5274.357490103140 7.59180315440625 -0.67061244378858 0.79913392584612
2026-09-22T03:50:00.000 905.138896182855 -4181.015378227310 5271.544470246020 7.59534023977695 0.61044875498847 -0.82252963891002
2026-09-22T03:54:00.000 2672.947081229080 -3884.236480000230 4884.288962945620 7.04638219651846 1.84773783005300 -2.38500984362398
2026-09-22T03:58:00.000 4246.235181751120 -3304.817136620900 4140.610515089230 5.98410192608037 2.95138502624920 -3.77450378511709
2026-09-22T04:02:00.000 5510.298594912690 -2484.750347605710 3094.560028817740 4.48518661981135 3.84081083810991 -4.88924714801632
2026-09-22T04:06:00.000 6372.853086891150 -1483.643280123620 1822.384745978680 2.65870901294171 4.45073333644252 -5.64720711700768
2026-09-22T04:10:00.000 6770.938579678650 -374.411771861942 416.999228359286 0.63846694821327 4.73629841772791 -5.99246745948020
2026-09-22T04:14:00.000 6675.684139153730 762.100525343109 -1018.878273287280 -1.42708476974861 4.67673863685235 -5.89982149955452
2026-09-22T04:18:00.000 6094.460864784260 1843.143406078050 -2380.403788194740 -3.38639085897251 4.27703586779653 -5.37685817923293
2026-09-22T04:22:00.000 5070.195367759760 2790.217910577420 -3568.427813298370 -5.09661511945381 3.56734116769906 -4.46307047249350
2026-09-22T04:26:00.000 3677.960056822150 3534.825900345160 -4496.780540582800 -6.43434906779797 2.60023498683922 -3.22633330267705
2026-09-22T04:30:00.000 2019.231982377160 4023.355892015680 -5098.439429574670 -7.30417866936015 1.44637292835902 -1.75727446655376
2026-09-22T04:34:00.000 214.390038990990 4220.800469671520 -5330.184248770810 -7.64482786587894 0.18918061824951 -0.16238813961526
2026-09-22T04:38:00.000 -1605.960306967350 4113.110854997330 -5175.498380786480 -7.43271785504424 -1.08113137415839 1.44357038454452
2026-09-22T04:42:00.000 -3310.213677894910 3708.099793033900 -4645.631352159530 -6.68312399883457 -2.27358993911470 2.94525438246862
2026-09-22T04:46:00.000 -4775.027939800150 3034.901028351370 -3778.815740274860 -5.44929540259507 -3.30250558564812 4.23443532675857
2026-09-22T04:50:00.000 -5894.097403910020 2141.985701887730 -2637.650411218430 -3.81922641216926 -4.09337355253363 5.21748701297648
2026-09-22T04:54:00.000 -6585.875015704570 1093.810141427260 -1304.757031318730 -1.91009508886602 -4.58834794122231 5.82226385485111
2026-09-22T04:58:00.000 -6799.644768342440 -33.749097404105 123.090468848092 0.13988303232227 -4.75072929745386 6.00375039571510
2026-09-22T05:02:00.000 -6519.420257322420 -1158.860911739340 1541.958849922500 2.18125926351042 -4.56798619904996 5.74778530344806
2026-09-22T05:06:00.000 -5765.301429852030 -2199.744108885110 2848.413044599300 4.06476319910178 -4.05308658213913 5.07268412312656
2026-09-22T05:10:00.000 -4592.029088577580 -3080.708050823570 3947.186868602720 5.65281522901794 -3.24348050483989 4.02773509895915
2026-09-22T05:14:00.000 -3084.922273705290 -3737.711214063490 4758.188417950230 6.82973674111801 -2.19815563775238 2.68928436712201
2026-09-22T05:18:00.000 -1353.575115099330 -4123.014502647440 5222.330720200490 7.51012089949317 -0.99310901067987 1.15489328118601
2026-09-22T05:22:00.000 476.160045944012 -4208.598617836190 5305.764122227840 7.64462389441189 0.28432924363829 -0.46395747705630
2026-09-22T05:26:00.000 2271.256523308280 -3988.147358650200 5002.285641556950 7.22313090706857 1.54166700840504 -2.04969431335892
2026-09-22T05:30:00.000 3901.081161385990 -3477.530744116150 4333.824333301510 6.27564761562701 2.68761538433358 -3.48686176565616
2026-09-22T05:34:00.000 5246.856244638440 -2713.722081346960 3348.932134238800 4.87041780444508 3.63864721033035 -4.67038269151876
2026-09-22T05:38:00.000 6210.356774547100 -1752.203019944560 2119.359661004310 3.10952438604615 4.32503778855956 -5.51324893510662
2026-09-22T05:42:00.000 6721.234771721460 -662.977444379822 734.880837707989 1.12179796614931 4.69629806930242 -5.95327103005630
2026-09-22T05:46:00.000 6742.340593993250 474.569581253917 -703.313033123589 -0.94672126959188 4.72528831916051 -5.95817469267012
2026-09-22T05:50:00.000 6272.509944102300 1577.582717812010 -2090.171625390790 -2.94417652845869 4.41040800381045 -5.52827056367757
2026-09-22T05:54:00.000 5346.537205488600 2565.902628192250 -3324.629053034120 -4.72468983027634 3.77552541133532 -4.69618276157982
2026-09-22T05:58:00.000 4032.396126979480 3367.961484684830 -4317.063230350220 -6.15937955376973 2.86787073239179 -3.52394951838775
2026-09-22T06:02:00.000 2425.993750845660 3925.948798573240 -4995.760217527340 -7.14569405200129 1.75403659340034 -2.09773560590270
2026-09-22T06:06:00.000 644.004242772658 4199.835100444500 -5311.913615092950 -7.61398404163815 0.51468546546006 -0.52107760902776
2026-09-22T06:10:00.000 -1184.559582443280 4170.074116578460 -5242.924530060860 -7.53159271380795 -0.76113426833600 1.09241871602642
2026-09-22T06:14:00.000 -2927.498067748540 3838.891820934920 -4793.890071301100 -6.90470858318821 -1.98206260835194 2.62687664042503
2026-09-22T06:18:00.000 -4458.723948446500 3230.109945310980 -3997.216366285590 -5.77782856743616 -3.06048879544296 3.97185885992710
2026-09-22T06:22:00.000 -5667.192481819700 2387.534322791230 -2910.409635377010 -4.23119162208919 -3.91846702547244 5.02986734101636
2026-09-22T06:26:00.000 -6464.928255868520 1371.946166927480 -1612.105778852870 -2.37574859681332 -4.49336485444337 5.72342410585096
2026-09-22T06:30:00.000 -6793.551671230440 256.828186143220 -196.520654584034 -0.34575614402083 -4.74270017226679 6.00107205981399
2026-09-22T06:34:00.000 -6628.741692061500 -876.935189450375 1233.362409291550 1.71102323126002 -4.64769800035602 5.84171953852557
2026-09-22T06:38:00.000 -5982.160888052000 -1946.968680091410 2573.346558274020 3.64435001004886 -4.21481412654057 5.25645476515553
2026-09-22T06:42:00.000 -4900.688937199260 -2875.468726285250 3725.722687649530 5.31289991900369 -3.47547389358289 4.28791330883433
2026-09-22T06:46:00.000 -3462.953697225090 -3594.944166163440 4606.485434800640 6.59509303602362 -2.48358748477420 3.00688336562986
2026-09-22T06:50:00.000 -1773.498050892460 -4053.118689368560 5151.457312078060 7.39779056696874 -1.31123624652758 1.50676450603018
2026-09-22T06:54:00.000 44.863608468909 -4216.683228014290 5320.913507877020 7.66276193342626 -0.04343385794246 -0.10332928847152
2026-09-22T06:58:00.000 1859.949212972110 -4073.675764450110 5102.415670310070 7.37059328292342 1.22800125020862 -1.70648165904672
2026-09-22T07:02:00.000 3539.721096101710 -3634.342714329540 4511.706101359510 6.54189729778169 2.41088158628124 -3.18611871428018
2026-09-22T07:06:00.000 4961.808683542660 -2930.464103733770 3591.650155900130 5.23623902734525 3.41903512595188 -4.43416345722476
2026-09-22T07:10:00.000 6022.455495845680 -2013.135133772060 2409.229965533960 3.54829597377553 4.17867415651221 -5.35896651552004
2026-09-22T07:14:00.000 6644.221696465590 -949.108223423027 1050.738944193700 1.60139818032366 4.63397222849933 -5.89233538734296
2026-09-22T07:18:00.000 6781.818120327620 184.085877997231 -384.551937098528 -0.46156171416829 4.75154592274856 -5.99504939386370
2026-09-22T07:22:00.000 6425.519145081470 1303.887586245110 -1791.780924870960 -2.48904256902635 4.52316117884851 -5.66006541519093
2026-09-22T07:26:00.000 5601.821004143500 2328.864496874000 -3068.334726406550 -4.33272568451781 3.96635005418512 -4.91299064275743
2026-09-22T07:30:00.000 4371.278079202530 3184.733312806450 -4121.448844189000 -5.85889063730562 3.12269670823523 -3.80967640686609
2026-09-22T07:34:00.000 2823.795267735630 3809.731491464700 -4874.933398745940 -6.95808968533363 2.05422502826996 -2.43143059259652
2026-09-22T07:38:00.000 1071.881141959320 4158.958912830500 -5274.540929598680 -7.55243476554961 0.83854895600651 -0.87863470006848
2026-09-22T07:42:00.000 -757.557360183690 4207.446746967070 -5291.662110933500 -7.60037190596163 -0.43684855107193 0.73672352190083
2026-09-22T07:46:00.000 -2532.238245970910 3951.808596892920 -4925.201338873680 -7.09887127305469 -1.68060449653315 2.29860840272881
2026-09-22T07:50:00.000 -4123.815905705830 3410.443441971890 -4201.624054172960 -6.08359633007217 -2.80354793338472 3.69469576477147
2026-09-22T07:54:00.000 -5416.949313297280 2622.287479866750 -3173.140042341830 -4.62671261778411 -3.72468465761399 4.82399196252653
2026-09-22T07:58:00.000 -6317.588189332010 1644.155755487330 -1914.120588752050 -2.83255088421238 -4.37694996158785 5.60396948870831
2026-09-22T08:02:00.000 -6759.911359621680 546.767144920835 -515.872953649369 -0.83065366385178 -4.71229223493752 5.97696299656393
2026-09-22T08:06:00.000 -6711.316698016450 -590.311312516170 919.927285027138 1.23338437397014 -4.70556750090979 5.91485721706193
2026-09-22T08:10:00.000 -6174.993675993280 -1684.474197466960 2288.680449070300 3.20880762386722 -4.35680631775552 5.42160038505687
2026-09-22T08:14:00.000 -5189.772584020810 -2656.174814581810 3490.590007831550 4.95126671030198 -3.69128413561916 4.53300991239476
2026-09-22T08:18:00.000 -3827.265076153000 -3434.777465417710 4438.024951563030 6.33362966341661 -2.75751184859821 3.31399865962068
2026-09-22T08:22:00.000 -2186.560377535920 -3963.718725752520 5061.952701420670 7.25548472513325 -1.62344996291197 1.85359549028607
2026-09-22T08:26:00.000 -386.921509698930 -4204.564401780410 5316.905869576580 7.65000171030948 -0.37130862217360 0.25796072770937
2026-09-22T08:30:00.000 1440.839120725850 -4139.748491456780 5184.224927457840 7.48834839109106 0.90824465054577 -1.35698762454073
2026-09-22T08:34:00.000 3163.787471197880 -3773.847056411890 4673.418626966870 6.78178938081292 2.12245131136164 -2.87383267070467
2026-09-22T08:38:00.000 4656.460399929710 -3133.293058972950 3821.522680097600 5.58098163113143 3.18300222007665 -4.18195213662995
2026-09-22T08:42:00.000 5809.987378900250 -2264.547519132610 2690.512537724260 3.97280586694312 4.01234210355806 -5.18541944670762
2026-09-22T08:46:00.000 6540.143377972920 -1230.797067727550 1362.887470316650 2.07457180263334 4.54955253370534 -5.81025543299576
2026-09-22T08:50:00.000 6793.686581542260 -107.355565851906 -64.351969273298 0.02552999044428 4.75517995985379 -6.01043121265809
2026-09-22T08:54:00.000 6552.379044579200 1023.912230297350 -1486.911135371620 -2.02376266386180 4.61446296965522 -5.77160936819397
2026-09-22T08:58:00.000 5834.300589498280 2080.695589211260 -2800.998411205210 -3.92320862609890 4.13843663964516 -5.11225482786715
2026-09-22T09:02:00.000 4692.333566615780 2986.334719887110 -3911.036608416790 -5.53472286511819 3.36279633230821 -4.08183744540708
2026-09-22T09:06:00.000 3210.019349318780 3675.402397800090 -4736.633794229740 -6.74242707728429 2.34477994185776 -2.75652654176853
2026-09-22T09:10:00.000 1495.233404669330 4098.339165677500 -5218.278904655780 -7.46050832537877 1.15851841621063 -1.23303309289467
2026-09-22T09:14:00.000 -327.716415010857 4224.857236349960 -5321.430175872740 -7.63852580879607 -0.11048349955856 0.37851531476854
2026-09-22T09:18:00.000 -2126.978742371180 4045.967925373460 -5038.818595036860 -7.26434008720945 -1.37124691765759 1.96229452368812
2026-09-22T09:22:00.000 -3772.454669259200 3574.562727734380 -4390.878596461240 -6.36459599830351 -2.53342938067315 3.40451790202758
2026-09-22T09:26:00.000 -5144.965190481960 2844.536645142320 -3424.355158359120 -5.00322105640385 -3.51334803571010 4.60099930686128
2026-09-22T09:30:00.000 -6144.778198213100 1908.477121331840 -2209.096725126300 -3.27747946434514 -4.23984175614750 5.46454631821524
2026-09-22T09:34:00.000 -6698.908758631320 834.017941455479 -833.181834529228 -1.31177314803820 -4.65951860218421 5.93145052473805
2026-09-22T09:38:00.000 -6766.632320381750 -300.980933018763 603.385714552448 0.75113147636149 -4.74113851910069 5.96674494911858
2026-09-22T09:42:00.000 -6342.643842062590 -1414.094381310300 1995.978289257300 2.76067974029480 -4.47818818259208 5.56715293612029
2026-09-22T09:46:00.000 -5457.572181412150 -2424.397260875400 3243.061334699790 4.56991881551560 -3.88962165748375 4.76159920848745
2026-09-22T09:50:00.000 -4175.734662290200 -3258.439282527310 4253.708317141250 6.04682918647075 -3.01834088131595 3.60894025018720
2026-09-22T09:54:00.000 -2590.360765332780 -3855.619373281020 4954.270710852780 7.08398786529788 -1.92781604026164 2.19338982777882
2026-09-22T09:58:00.000 -816.711764914133 -4172.556312861760 5293.716744125440 7.60625048910742 -0.69719227357257 0.61798778523592
2026-09-22T10:02:00.000 1016.305118202530 -4186.181990174860 5247.256379534050 7.57565901834228 0.58442883916140 -1.00290712878407
2026-09-22T10:06:00.000 2775.405713487610 -3895.383877528350 4818.117100043990 6.99392608158750 1.82422401102751 -2.55151681694180
2026-09-22T10:10:00.000 4332.527224789210 -3321.134798094990 4037.379863758610 5.90266482166889 2.93207649916416 -3.91492288516095
2026-09-22T10:14:00.000 5574.143723761420 -2505.052968660840 2961.811642427950 4.38071604740163 3.82711262503329 -4.99329287329914
2026-09-22T10:18:00.000 6409.614680159160 -1506.455155522540 1669.826278308360 2.53887894809527 4.44365117508818 -5.70722398379487
2026-09-22T10:22:00.000 6777.974952819760 -398.071989733032 255.795705200288 0.51212724309098 4.73635669781402 -6.00405697431153
2026-09-22T10:26:00.000 6652.550969809100 739.318853073109 -1176.938895734170 -1.55060389217955 4.68396504707827 -5.86222043221849
2026-09-22T10:30:00.000 6042.934640113330 1822.914278201180 -2523.791933721390 -3.49803539882426 4.29095984909519 -5.29296953391088
2026-09-22T10:34:00.000 4994.118998320740 2774.042804425590 -3686.727036892320 -5.18832898962243 3.58700030620207 -4.33918744949975
2026-09-22T10:38:00.000 3582.933627244160 3523.919682704150 -4581.436270138350 -6.49961893038890 2.62421698309033 -3.07157677692709
2026-09-22T10:42:00.000 1912.189629045260 4018.551723183020 -5143.357802844120 -7.33846721615735 1.47292446344015 -1.58289363784482
2026-09-22T10:46:00.000 103.091343963554 4222.477159161980 -5332.141963825740 -7.64580767794903 0.21628528037849 0.01908267808634
2026-09-22T10:50:00.000 -1713.467083584580 4121.149280981100 -5134.354522224320 -7.40032026967525 -1.05556031023498 1.61911019045913
2026-09-22T10:54:00.000 -3406.145026958510 3721.895421466580 -4564.343371508740 -6.61963150956293 -2.25149164149545 3.10223064673679
2026-09-22T10:58:00.000 -4852.413860199320 3053.411949727280 -3663.230016714540 -5.35914916659038 -3.28555350559224 4.36153178210466
2026-09-22T11:02:00.000 -5947.269290857160 2163.820699308470 -2496.100520480770 -3.70879123131836 -4.08278698864959 5.30542428054398
2026-09-22T11:06:00.000 -6610.884931464600 1117.348437167210 -1147.486459121040 -1.78727141997595 -4.58480227076118 5.86449660082223
2026-09-22T11:10:00.000 -6794.585345574280 -10.221134998920 284.650363991609 0.26607580041776 -4.75434432766027 5.99702787775664
2026-09-22T11:14:00.000 -6484.605748686300 -1137.033496381620 1696.040401857210 2.30148843487537 -4.57845666000420 5.69256751314244
2026-09-22T11:18:00.000 -5703.242793410630 -2181.183165369200 2983.791156220740 4.17016390316645 -4.06967895547024 4.97299435139613
2026-09-22T11:22:00.000 -4507.243595129840 -3066.752824773500 4054.002120403800 5.73564082057024 -3.26503988817763 3.89086713724983
2026-09-22T11:26:00.000 -2983.593344650340 -3729.378629471700 4828.673108341210 6.88393266625109 -2.22318105853844 2.52525864600316
2026-09-22T11:30:00.000 -1243.087498744650 -4120.928267863830 5251.374652087230 7.53179095261178 -1.01981876816748 0.97569150987600
2026-09-22T11:34:00.000 587.767680655951 -4212.929990312930 5291.278360918500 7.63223759968495 0.25788503283052 -0.64528618094489
2026-09-22T11:38:00.000 2375.877412121210 -3998.598338865180 4945.347666435800 7.17765394660146 1.51744140111936 -2.21999049962283
2026-09-22T11:42:00.000 3991.117676090750 -3493.343566559930 4238.585789270260 6.20030953572797 2.66742951178765 -3.63378167665972
2026-09-22T11:46:00.000 5315.751792758060 -2733.749433728220 3222.337374686560 4.77066338505539 3.62392062295951 -4.78315434163778
2026-09-22T11:50:00.000 6253.098226262840 -1775.000542783290 1970.655890067800 2.99267633960601 4.31681978269814 -5.58357994550144
2026-09-22T11:54:00.000 6734.734569173480 -686.900594097464 574.940866631898 0.99647489270723 4.69519515498631 -5.97600469437353
2026-09-22T11:58:00.000 6725.668130305210 451.250796797459 -862.801390935911 -1.07128188075175 4.73140114728357 -5.93171842841501
2026-09-22T12:02:00.000 6226.953020896040 1556.559878709630 -2237.577192260310 -3.05883788394257 4.42331747009543 -5.45467637173272
2026-09-22T12:06:00.000 5275.496657682910 2548.712780749940 -3449.235184234940 -4.82111103784464 3.79438431142239 -4.58096933535536
2026-09-22T12:10:00.000 3941.104466807770 3355.885739143980 -4409.846220820700 -6.23072255147372 2.89137020189225 -3.37559665015818
2026-09-22T12:14:00.000 2321.108910115800 3919.898612471740 -5050.019905240250 -7.18696275712193 1.78043391289713 -1.92700929501450
2026-09-22T12:18:00.000 533.133573824002 4200.270472211610 -5323.736209525820 -7.62231136185506 0.54199158316131 -0.34029948622124
2026-09-22T12:22:00.000 -1293.398121141230 4176.963707049190 -5211.450579420760 -7.50643006289197 -0.73500428725728 1.27027818176301
2026-09-22T12:26:00.000 -3026.427745642120 3851.709538756770 -4721.362774883920 -6.84777101203179 -1.95909990192140 2.78905941531265
2026-09-22T12:30:00.000 -4540.551644968150 3247.887727253710 -3888.836338121070 -5.69309493950788 -3.04237145409066 4.10662601487017
2026-09-22T12:34:00.000 -5725.931674712900 2408.940868662370 -2773.982656623690 -4.12466724135930 -3.90652818279687 5.12738400143990
2026-09-22T12:38:00.000 -6496.236889448070 1395.388457843270 -1457.495870859630 -2.25506961608472 -4.48843751758107 5.77648772994829
2026-09-22T12:42:00.000 -6795.062215195620 280.575101952879 -34.943163643465 -0.21962478911597 -4.74508581707505 6.00568811043121
2026-09-22T12:46:00.000 -6600.248129441490 -854.612979899918 1390.147808924690 1.83337085398169 -4.65709316589876 5.79739299265178
2026-09-22T12:50:00.000 -5925.673997416310 -1927.674684885390 2713.902356754600 3.75383157917894 -4.23050395699988 5.16636254727896
2026-09-22T12:54:00.000 -4820.291594945310 -2860.588307522350 3839.792287995450 5.40144591843621 -3.49633838637864 4.15864482615024
2026-09-22T12:58:00.000 -3364.486438498790 -3585.541749238710 4685.750694093660 6.65620118835498 -2.50809829945134 2.84789147931747
2026-09-22T13:02:00.000 -1664.128466183740 -4049.865324101240 5190.142658864610 7.42698487542261 -1.33766048026309 1.32966566956456
2026-09-22T13:06:00.000 157.177239550788 -4219.810637148410 5316.205115370180 7.65795567780414 -0.06985611936324 -0.28564288489736
2026-09-22T13:10:00.000 1967.038696253680 -4082.948727317530 5054.652317188880 7.33212549956164 1.20352730678679 -1.88076644325169
2026-09-22T13:14:00.000 3633.794920682770 -3649.072943657120 4424.358926858560 6.47256093164514 2.39016967691668 -3.33968862962735
2026-09-22T13:18:00.000 5036.013453940140 -2949.552485517430 3471.070725977910 5.14099281225592 3.40365058874453 -4.55582464096768
2026-09-22T13:22:00.000 6071.363898864250 -2035.164248118010 2264.203578108250 3.43402682406500 4.16969287037589 -5.43977145056405
2026-09-22T13:26:00.000 6664.247802786190 -972.461365691617 891.851908403556 1.47647137478756 4.63197581372418 -5.92631947978648
2026-09-22T13:30:00.000 6771.501628953660 161.106979888585 -545.690876066728 -0.58792158026512 4.75664039268360 -5.97972205470204
2026-09-22T13:34:00.000 6385.638776366520 1282.952128321830 -1943.406251789400 -2.60753288246952 4.53500078763080 -5.59661397722807
2026-09-22T13:38:00.000 5535.321721802310 2311.502638065300 -3199.395866409170 -4.43470691150487 3.98411161108659 -4.80614227722936
2026-09-22T13:42:00.000 4283.037089488930 3172.219993738910 -4222.419774532750 -5.93699796808767 3.14509602352193 -3.66732066039736
2026-09-22T13:46:00.000 2720.249105840370 3802.993220451290 -4938.498813237130 -7.00678131211186 2.07965849449795 -2.26397344338007
2026-09-22T13:50:00.000 960.538788846475 4158.500524418460 -5296.100024020120 -7.56833023742491 0.86511381822963 -0.69815027807539
2026-09-22T13:54:00.000 -868.643414220744 4213.296649021390 -5269.634910533960 -7.58234881037350 -0.41118358989141 0.91726544660681
2026-09-22T13:58:00.000 -2635.029444781110 3963.512487767820 -4861.141529263590 -7.04817094543807 -1.65779892095675 2.46622614454431
2026-09-22T14:02:00.000 -4210.846090870100 3427.102183019310 -4100.110634955830 -6.00372168447115 -2.78531876341398 3.83729160440691
2026-09-22T14:06:00.000 -5481.850206665800 2642.637265613650 -3041.467737124500 -4.52327533230671 -3.71233244374548 4.93117111238688
2026-09-22T14:10:00.000 -6355.561615886050 1666.677914288250 -1761.797077670780 -2.71295534529463 -4.37129464222468 5.66780359407702
2026-09-22T14:14:00.000 -6768.104736274000 569.802061252578 -353.946287411544 -0.70360398026879 -4.71369690350026 5.99264025500155
2026-09-22T14:18:00.000 -6689.052318210290 -568.453895406109 1079.673501299320 1.35858547358115 -4.71391297607027 5.88109965914836
2026-09-22T14:22:00.000 -6123.829054022730 -1665.394148418990 2434.594350614320 3.32295003594188 -4.37145518594176 5.34078396880824
2026-09-22T14:26:00.000 -5113.397306921580 -2641.261629357920 3612.017996032490 5.04591192483187 -3.71114458710545 4.41103318204736
2026-09-22T14:30:00.000 -3731.225515791980 -3425.113897932330 4526.110395243870 6.40185943900331 -2.78111917109556 3.15981793457692
2026-09-22T14:34:00.000 -2077.836627872880 -3959.997815214960 5110.271912829080 7.29229810004556 -1.64906267918145 1.67841946578249
2026-09-22T14:38:00.000 -273.429942631188 -4207.048004629390 5321.934494074770 7.65268082186344 -0.39708897886905 0.07459644731491
2026-09-22T14:42:00.000 1550.835674695240 -4148.251465313930 5145.600815271730 7.45672540039617 0.88417083547111 -1.53517729199572
2026-09-22T14:46:00.000 3262.282989117300 -3787.743936990790 4593.953897451790 6.71814741694204 2.10185061961730 -3.03389813848768
2026-09-22T14:50:00.000 4736.278947914310 -3151.563203273490 3707.003657572780 5.48992463473857 3.16738892502023 -4.31221433849698
2026-09-22T14:54:00.000 5865.306636982830 -2285.845222512950 2549.291269696780 3.86095822449725 4.00288538712313 -5.27630265575369
2026-09-22T14:58:00.000 6566.929250293310 -1253.550857091350 1205.277322563840 1.95009363210971 4.54694250336129 -5.85510595209370
2026-09-22T15:02:00.000 6789.988180280220 -129.894458901387 -226.835388503052 -0.10245498410881 4.75956799824614 -6.00593910917085
2026-09-22T15:06:00.000 6518.488874002510 1003.239472050490 -1642.394987850230 -2.14582443695967 4.62553118384251 -5.71814376869700
2026-09-22T15:10:00.000 5772.729762678700 2063.406224244550 -2938.140596258800 -4.03040913791671 4.15539656711390 -5.01383188144349
2026-09-22T15:14:00.000 4607.608757299300 2973.706406318420 -4019.863074327940 -5.61931194652677 3.38444742509628 -3.94575487005159
2026-09-22T15:18:00.000 3108.327695203080 3668.379399123010 -4809.254061959050 -6.79838763859679 2.36954867645762 -2.59273265264641
2026-09-22T15:22:00.000 1383.964159772820 4097.452684368590 -5249.437829706190 -7.48389899529319 1.18456838467983 -1.05341543676231
2026-09-22T15:26:00.000 -440.508762597354 4230.180290408110 -5308.869177432810 -7.62775574335653 -0.08512041268257 0.56104010470627
2026-09-22T15:30:00.000 -2233.136927050420 4057.099419886680 -4983.416093393310 -7.22014159144394 -1.34851738227462 2.13462389373331
2026-09-22T15:34:00.000 -3864.278473894620 3590.658882298710 -4296.598677543350 -6.29004557276300 -2.51504747939177 3.55419918131552
2026-09-22T15:38:00.000 -5215.758481692130 2864.382951304200 -3297.978414027130 -4.90355881062612 -3.50066439044331 4.71714563343546
2026-09-22T15:42:00.000 -6189.336428687320 1930.590853664880 -2059.752740690390 -3.15984144433897 -4.23374178421794 5.53860590460974
2026-09-22T15:46:00.000 -6713.913649849610 856.760483532570 -671.699437969771 -1.18463777540461 -4.66038583888123 5.95789265607108
2026-09-22T15:50:00.000 -6750.917929473790 -279.270443292909 765.254221518655 0.87839439465243 -4.74881673850997 5.94348060507383
2026-09-22T15:54:00.000 -6297.321218674150 -1394.996614846170 2146.426910446720 2.87862650169622 -4.49216347721217 5.49584395461377
2026-09-22T15:58:00.000 -5385.932239807750 -2409.316168514100 3371.121725868650 4.66993866854401 -3.90891087455929 4.64748308223930
2026-09-22T16:02:00.000 -4082.987268577390 -3248.487349468480 4350.052736848860 6.12163713677657 -3.04152325161581 3.46037760405063
2026-09-22T16:06:00.000 -2483.249528526960 -3851.528317328010 5011.888298692130 7.12814741231393 -1.95317761135273 2.02119485323991
2026-09-22T16:10:00.000 -703.027478308405 -4174.629327813780 5308.411026698930 7.61652643868021 -0.72287983986342 0.43467127966717
2026-09-22T16:14:00.000 1128.284465956310 -4194.270432677070 5217.954111613350 7.55125994905282 0.56029270736378 -1.18397701681092
2026-09-22T16:18:00.000 2877.522389305470 -3908.901280899850 4746.958253171560 6.93664245363198 1.80339855615891 -2.71712106055038
2026-09-22T16:22:00.000 4417.343617918530 -3339.094556647520 3929.552936457490 5.81664812012479 2.91611933557275 -4.05301904941439
2026-09-22T16:26:00.000 5635.468727521170 -2526.134173305790 2825.180458587260 4.27217217598040 3.81721257556937 -5.09373753450089
2026-09-22T16:30:00.000 6442.972315012070 -1529.111840220900 1514.378837823970 2.41580532282071 4.44050546099355 -5.76262223362219
2026-09-22T16:34:00.000 6780.948317748540 -420.642875635126 92.894811095612 0.38355221497876 4.74021487658133 -6.01039414063270
2026-09-22T16:38:00.000 6624.947435846420 718.492078811569 -1335.391666977480 -1.67526099825214 4.69455304209846 -5.81904831613567
2026-09-22T16:42:00.000 5986.806164570060 1805.366571082340 -2666.232069480260 -3.60963422901953 4.30753428657551 -5.20354120580012
2026-09-22T16:46:00.000 4913.597483229990 2761.077301796410 -3802.787436816540 -5.27878021917548 3.60838402876668 -4.21015026886234
2026-09-22T16:50:00.000 3483.905113963780 3516.511343046480 -4662.698071854680 -6.56247476112345 2.64885456950873 -2.91240181146935
2026-09-22T16:54:00.000 1801.852491069770 4017.265714447850 -5183.941763135300 -7.36929670537259 1.49898558931744 -1.40514148988007
2026-09-22T16:58:00.000 -10.561269068816 4227.422106579850 -5329.111050378270 -7.64244889547277 0.24182257425543 0.20258596936823
2026-09-22T17:02:00.000 -1822.214379981940 4131.965967055960 -5087.915540800160 -7.36304520778211 -1.03248094667386 1.79516180063023
2026-09-22T17:06:00.000 -3502.113403939600 3737.777611856980 -4477.824028992570 -6.55103697046724 -2.23262260574983 3.25815277826300
2026-09-22T17:10:00.000 -4928.624044937980 3073.176567018290 -3542.858909071790 -5.26407938687434 -3.27226394773169 4.48597894021281
2026-09-22T17:14:00.000 -5998.149506969150 2186.005712502160 -2350.578230785460 -3.59405162870029 -4.07602281312958 5.38926875107931
2026-09-22T17:18:00.000 -6632.688328516250 1140.324299044650 -987.371018811288 -1.66119259645019 -4.58501080415505 5.90149682784587
2026-09-22T17:22:00.000 -6785.689194419470 11.865660678241 447.708763267189 0.39425160033848 -4.76150007626658 5.98438730940992
2026-09-22T17:26:00.000 -6445.641547180130 -1117.448432911090 1850.155174750160 2.42231637881065 -4.59201418089063 5.63112989935605
2026-09-22T17:30:00.000 -5637.069298286760 -2165.528347456370 3117.725456177130 4.27468360734113 -4.08869221521943 4.86731558298749
2026-09-22T17:34:00.000 -4418.717614194430 -3056.190857810470 4158.017328402810 5.81626819972282 -3.28822578636892 3.74875510426568
2026-09-22T17:38:00.000 -2879.176140620640 -3724.718626540650 4895.225444280360 6.93494647900035 -2.24886126219650 2.35707388607172
2026-09-22T17:42:00.000 -1130.370350962850 -4122.536439236900 5275.636292413860 7.54951842141649 -1.04604362116571 0.79360109003312
2026-09-22T17:46:00.000 700.588690229631 -4220.701181564710 5271.487694430070 7.61536461890868 0.23307069231727 -0.82806313127540
2026-09-22T17:50:00.000 2480.587470121830 -4011.970137778530 4882.941003126560 7.12733682100875 1.49586800403974 -2.39016758519699
2026-09-22T17:54:00.000 4080.079037874880 -3511.343552507410 4138.107118517760 6.12018559572798 2.65067675636564 -3.77892726451984
2026-09-22T17:58:00.000 5382.467327410300 -2755.059637200270 3091.112310792390 4.66652828111750 3.61326246095024 -4.89264501646732
2026-09-22T18:02:00.000 6292.684623123010 -1798.056865563950 1818.271836681300 2.87213627450599 4.31300689665607 -5.64931804063057
2026-09-22T18:06:00.000 6744.307366402700 -710.020457395534 412.547790823529 0.86845710399207 4.69848541501087 -5.99317196653859
2026-09-22T18:10:00.000 6704.561663779270 429.759031901427 -1023.332122313110 -1.19735476463527 4.74160210437294 -5.89914022859295
2026-09-22T18:14:00.000 6176.751707250080 1538.279425665870 -2384.531294056340 -3.17373541210821 4.43971973452151 -5.37483474807777
2026-09-22T18:18:00.000 5199.907607455580 2534.999854356560 -3571.921149868240 -4.91649500567429 3.81581704320865 -4.45983592684622
2026-09-22T18:22:00.000 3845.667245947030 3347.770090524190 -4499.373127702420 -6.29975500772685 2.91629708808221 -3.22210738521823
2026-09-22T18:26:00.000 2212.773876294550 3918.004065372210 -5099.927694086390 -7.22477849861241 1.80702999855759 -1.75234726569706
2026-09-22T18:30:00.000 419.756334334458 4204.764496575290 -5330.438294723920 -7.62627352975198 0.56830388005229 -0.15709250863267
2026-09-22T18:34:00.000 -1403.614962860550 4187.543449075390 -5174.476940853280 -7.47629312189033 -0.71091692106612 1.44883086620059
2026-09-22T18:38:00.000 -3125.514332592620 3867.620483415560 -4643.393719995580 -6.78571458087907 -1.93904535343211 2.95006538558511
2026-09-22T18:42:00.000 -4621.335507590910 3267.971711499050 -3775.514656190950 -5.60354106008228 -3.02786639924839 4.23842809415899
2026-09-22T18:46:00.000 -5782.547326547250 2431.731362820180 -2633.520060219710 -4.01404066559257 -3.89861180370355 5.22036471191588
2026-09-22T18:50:00.000 -6524.562722054240 1419.226999597970 -1300.093018205570 -2.13138694909484 -4.48766852842729 5.82379395227974
2026-09-22T18:54:00.000 -6793.038001201890 303.732604606162 127.941697484744 -0.09195756475729 -4.75149718130004 6.00377712662285
2026-09-22T18:58:00.000 -6568.047343277150 -833.818453484346 1546.644110927140 1.95562659882846 -4.67026405489723 5.74639708660896
2026-09-22T19:02:00.000 -5865.683763013110 -1910.765327797540 2852.609301708840 3.86172657074284 -4.24951905343744 5.07002837614656
2026-09-22T19:06:00.000 -4736.931087546390 -2848.813569665790 3950.618581914140 5.48712019233758 -3.51985802983199 4.02407526364106
2026-09-22T19:10:00.000 -3263.864779207620 -3579.789594709990 4760.656223840660 6.71351782459503 -2.53446618607489 2.68496027229550
2026-09-22T19:14:00.000 -1553.573026143070 -4050.589262112700 5223.708456965840 7.45196671508922 -1.36491059983279 1.15017482350124
2026-09-22T19:18:00.000 269.644846546385 -4226.969308803640 5305.989574401440 7.64879844956377 -0.09588237343794 -0.46878663939496
2026-09-22T19:22:00.000 2073.243436719260 -4096.005952661660 5001.372095004020 7.28939081660710 1.18070749017214 -2.05431091221105
2026-09-22T19:26:00.000 3725.986257437610 -3667.048088739130 4331.853669770050 6.39920169471870 2.37225707020075 -3.49100761183209
2026-09-22T19:30:00.000 5107.427650032720 -2971.105919472890 3346.051693318210 5.04226487203219 3.39192067907408 -4.67377850661216
2026-09-22T19:34:00.000 6116.740114517580 -2058.704795920940 2115.777447524610 3.31710430385689 4.16495191270371 -5.51566136716429
2026-09-22T19:38:00.000 6680.230133436570 -996.266172645494 730.857868395280 1.34996672393430 4.63452256076366 -5.95450624989691
2026-09-22T19:42:00.000 6756.908567332780 138.771839752486 -707.483520740912 -0.71462721115050 4.76626348015444 -5.95816551187935
2026-09-22T19:46:00.000 6341.551493958430 1263.711117140560 -2094.189727616930 -2.72509834382161 4.55100565918144 -5.52701414187663
2026-09-22T19:50:00.000 5464.986568580130 2296.758826783570 -3328.199985882840 -4.53454039198750 4.00536374969349 -4.69372501021728
2026-09-22T19:54:00.000 4191.606849161950 3163.060617925310 -4319.909444546430 -6.01190140761564 3.17010122760960 -3.52039424345664
2026-09-22T19:58:00.000 2614.387801864470 3800.107380413400 -4997.640349643820 -7.05142306176906 2.10661751498744 -2.09328544602132
2026-09-22T20:02:00.000 847.930878052491 4162.126522173140 -5312.651790626130 -7.57958620631163 0.89209113062867 -0.51607610507194
2026-09-22T20:06:00.000 -979.848418354923 4223.202276079910 -5242.434856270170 -7.55948341366721 -0.38615228410112 1.09758258714478
2026-09-22T20:10:00.000 -2736.796487022620 3979.005528078620 -4792.181940932820 -6.99286034020350 -1.63655578779660 2.63179970483807
2026-09-22T20:14:00.000 -4295.819675011530 3447.079506612320 -3994.396406606710 -5.91993200883462 -2.76942372536604 3.97613481007206
2026-09-22T20:18:00.000 -5543.884656884070 2665.664479615660 -2906.677127764740 -4.41707137183992 -3.70297367284344 5.03314544422594
2026-09-22T20:22:00.000 -6390.175545203240 1691.090959692980 -1607.731512525730 -2.59204597010343 -4.36917564498935 5.72546793547586
2026-09-22T20:26:00.000 -6772.808468238280 593.835766744299 -191.817041329081 -0.57679196377045 -4.71895302797269 6.00175162452350
2026-09-22T20:30:00.000 -6663.544758024600 -546.533401449536 1238.055580760890 1.48197386759177 -4.72616648512176 5.84095461798366
2026-09-22T20:34:00.000 -6070.033771534540 -1647.177461416250 2577.693046835280 3.43384791358291 -4.38989751812253 5.25436280626413
2026-09-22T20:38:00.000 -5035.301323665700 -2628.092337301630 3729.429143083910 5.13629636094947 -3.73451346988852 4.28470851464819
2026-09-22T20:42:00.000 -3634.566811617520 -3417.979767495290 4609.315157002250 6.46523945793760 -2.80774117821794 3.00283681047847
2026-09-22T20:46:00.000 -1969.676773958500 -3959.451630031590 5153.248248343270 7.32420598913147 -1.67699934668886 1.50220631991676
2026-09-22T20:50:00.000 -161.628168736242 -4213.151051671390 5321.576351015690 7.65095072868750 -0.42419528373794 -0.10813851414388
2026-09-22T20:54:00.000 1658.170464444960 -4160.544888151400 5101.914832487620 7.42143018849288 0.86002744128479 -1.71132592810096
2026-09-22T20:58:00.000 3357.332950749970 -3805.288029149410 4510.068217982080 6.65166327600996 2.08251527486641 -3.19070168438612
2026-09-22T21:02:00.000 4812.072280437220 -3173.023370192130 3588.972961056950 5.39689545792941 3.15428015413991 -4.43818530310054
2026-09-22T21:06:00.000 5916.238332610650 -2309.611872921960 2405.684640474240 3.74806274148068 3.99686946706580 -5.36213352136097
2026-09-22T21:10:00.000 6589.197644127730 -1277.872278877640 1046.564015788450 1.82561749394744 4.54835179753455 -5.89436928244914
2026-09-22T21:14:00.000 6781.912696410240 -152.996347701851 -389.056373034351 -0.22927232434292 4.76824726174639 -5.99573529385219
2026-09-22T21:18:00.000 6480.638256870870 983.030628294046 -1796.277921820520 -2.26559958617564 4.64081949865880 -5.65931212081966
2026-09-22T21:22:00.000 5707.864896383430 2047.554813006770 -3072.476017230230 -4.13437322105602 4.17620361265814 -4.91078524460441
2026-09-22T21:26:00.000 4520.459326657700 2963.365074777510 -4124.893817312160 -5.69992520459922 3.40927733873397 -3.80610248631194
2026-09-22T21:30:00.000 3005.234297563010 3664.303248992110 -4877.377881350300 -6.84984567983516 2.39661501814649 -2.42671408149972
2026-09-22T21:34:00.000 1272.407000209180 4099.946237324720 -5275.747291070080 -7.50255258589162 1.21191779043045 -0.87310026609061
2026-09-22T21:38:00.000 -552.452422585037 4239.075054089060 -5291.488438842210 -7.61231552292315 -0.05944804280422 0.74260317459616
2026-09-22T21:42:00.000 -2337.375380900720 4071.765835843060 -4923.625074902740 -7.17176334514140 -1.32638717587985 2.30433891281684
2026-09-22T21:46:00.000 -3953.280420835620 3610.045240618290 -4198.737006921350 -6.21221545004403 -2.49809152490079 3.69981621130187
2026-09-22T21:50:00.000 -5283.083478858400 2887.088161378600 -3169.138329165470 -4.80183313815019 -3.49012733125448 4.82809799077067
2026-09-22T21:54:00.000 -6230.100795706440 1954.977502449990 -1909.288640561660 -3.04158642132138 -4.23034469777645 5.60673341105081
2026-09-22T21:58:00.000 -6725.176288190200 881.074687152094 -510.561165077885 -1.05855473514352 -4.66440120571726 5.97817613425955
2026-09-22T22:02:00.000 -6731.897180241310 -256.792573118706 925.334677718709 1.00312936608345 -4.76001124758384 5.91443205070813
2026-09-22T22:06:00.000 -6249.441575403080 -1375.988941289390 2293.790751958020 2.99289868519164 -4.50970838901686 5.41956914979435
2026-09-22T22:10:00.000 -5312.733992857440 -2395.161088966330 3495.040609427630 4.76536175435887 -3.93157202241859 4.52959204003033
2026-09-22T22:14:00.000 -3989.856335680330 -3240.232823369550 4441.524593427010 6.19133410751098 -3.06774183971111 3.30953501322924
2026-09-22T22:18:00.000 -2376.991131069960 -3849.802345865860 5064.279796125950 7.16719246498232 -1.98102062180937 1.84834791617986
2026-09-22T22:22:00.000 -591.376079781902 -4179.572836709520 5317.921435634420 7.62216618719160 -0.75026336997264 0.25235018851884
2026-09-22T22:26:00.000 1237.222752394870 -4205.516477129070 5183.885984290980 7.52314502174718 0.53550730255578 -1.36261974015796
2026-09-22T22:30:00.000 2975.831560471900 -3925.583503143650 4671.750331474530 6.87668446005235 1.78317767735066 -2.87923007819836
2026-09-22T22:34:00.000 4497.831025512030 -3359.926039156230 3818.620164835080 5.72896850015943 2.90196215729980 -4.18677333989157
2026-09-22T22:38:00.000 5692.195665502090 -2549.536738975030 2686.559823260200 4.16303969785453 3.81005901612311 -5.18929031660350
2026-09-22T22:42:00.000 6471.708369513170 -1553.342966989820 1358.150811338450 2.29310891058670 4.44077313763968 -5.81286972071406
2026-09-22T22:46:00.000 6779.507782408910 -443.928741913952 -69.538501230280 0.25635413307544 4.74775730665191 -6.01152835769058
2026-09-22T22:50:00.000 6593.389668298770 697.832853969322 -1492.164833968730 -1.79749158440900 4.70876562838317 -5.77105856350857
2026-09-22T22:54:00.000 5927.414266673690 1788.819866397030 -2805.917152667700 -3.71792647353181 4.32738711460788 -5.11002066268665
2026-09-22T22:58:00.000 4830.691715343220 2749.833830502760 -3915.225222543280 -5.36524426535755 3.63246051129524 -4.07801219324275
2026-09-22T23:02:00.000 3383.510580329070 3511.382521934660 -4739.732749536470 -6.62087123165646 2.67542657778743 -2.75132166617640
2026-09-22T23:06:00.000 1691.250290565750 4018.622777916150 -5220.000414269210 -7.39545733967620 1.52612980715292 -1.22683421621996
2026-09-22T23:10:00.000 -123.364825357472 4235.162112289000 -5321.593069534020 -7.63452218291449 0.26754211430056 0.38521682715971
2026-09-22T23:14:00.000 -1929.057763452900 4145.519064245800 -5037.369710203020 -7.32160765383665 -1.01005327798233 1.96892289019809
2026-09-22T23:18:00.000 -3595.265969069190 3756.150508467940 -4387.906006779700 -6.47906960211513 -2.21513326016707 3.41050458552331
2026-09-22T23:22:00.000 -5001.333955890100 3095.021364813440 -3420.067298219210 -5.16670810417746 -3.26099704904500 4.60590006043878
2026-09-22T23:26:00.000 -6045.123206737740 2209.721667906810 -2203.802980436270 -3.47824974788443 -4.07178928811848 5.46797495735559
2026-09-22T23:30:00.000 -6650.484552894570 1164.179845832310 -827.269990977275 -1.53534077961425 -4.58807495701608 5.93313454391306
2026-09-22T23:34:00.000 -6772.997566987760 34.132361517488 609.478296733228 0.52088973994842 -4.77159528455497 5.96656356291696
2026-09-22T23:38:00.000 -6403.398434270920 -1098.384792483620 2001.807711889230 2.54044126802027 -4.60846101556966 5.56516688305758
2026-09-22T23:42:00.000 -5568.363675562060 -2151.060497273300 3248.216319103860 4.37572698762308 -4.11030302005124 4.75800140586752
2026-09-22T23:46:00.000 -4328.568367778040 -3047.373672733470 4257.840054091430 5.89282574996043 -3.31341558814576 3.60407641464834
2026-09-22T23:50:00.000 -2774.167697416760 -3722.196398856010 4957.120764649930 6.98147411368390 -2.27581369268006 2.18762721214356
2026-09-22T23:54:00.000 -1018.150966372220 -4126.498868441760 5295.109751005200 7.56272496874808 -1.07279296390088 0.61167350616314
2026-09-22T23:58:00.000 811.860505621204 -4230.857590051690 5247.113256333530 7.59431026582098 0.20853379855010 -1.00930885319232
2026-09-23T00:02:00.000 2582.821908828200 -4027.557385626870 4816.471168188250 7.07352468252511 1.47544697775842 -2.55758095148030
2026-09-23T00:06:00.000 4165.824963282820 -3531.174470721360 4034.352391077220 6.03741197708133 2.63595764521510 -3.92031648647668
2026-09-23T00:10:00.000 5445.441578135540 -2777.628078344810 2957.605653434290 4.56068365224863 3.60529201052481 -4.99765528550047
2026-09-23T00:14:00.000 6328.240138115300 -1821.672805079780 1664.731148852140 2.75088186862297 4.31229074425914 -5.71022333848918
2026-09-23T00:18:00.000 6749.788492412960 -732.935209059741 250.171361049654 0.74063493931564 4.70499058578712 -6.00542985553577
2026-09-23T00:22:00.000 6679.520747117930 409.218035364304 -1182.680864289440 -1.32229318394395 4.75474789446749 -5.86181117046665
2026-09-23T00:26:00.000 6123.003849832440 1521.598732406010 -2529.216563737060 -3.28655073758949 4.45855401686117 -5.29073736389772
2026-09-23T00:30:00.000 5121.374158858080 2523.392347192370 -3691.402690627090 -5.00897260712779 3.83900510319539 -4.33520179371228
2026-09-23T00:34:00.000 3748.063755379340 3342.084714483310 -4584.967473495200 -6.36524264396551 2.94215827938608 -3.06607948427386
2026-09-23T00:38:00.000 2103.179225349410 3918.656719112260 -5145.424602166350 -7.25862255499110 1.83365328097371 -1.57626009971516
2026-09-23T00:42:00.000 306.099914113091 4211.697354670110 -5332.530137520710 -7.62607519505482 0.59368077497062 0.02634205353128
2026-09-23T00:46:00.000 -1513.112015618050 4200.221457804910 -5132.984825791310 -7.44202491580866 -0.68871998155873 1.62639923477513
2026-09-23T00:50:00.000 -3222.912330490650 3885.077145520620 -4561.281946584420 -6.71975565595030 -1.92166284709935 3.10893464066566
2026-09-23T00:54:00.000 -4699.548334878400 3288.892120891130 -3658.688694596450 -5.51057815670854 -3.01655927003240 4.36708184261914
2026-09-23T00:58:00.000 -5835.852589014050 2454.549606244260 -2490.405972748580 -3.90067836083594 -3.89419414299541 5.30942786967833
2026-09-23T01:02:00.000 -6549.013048996140 1442.247886904950 -1141.047766229460 -2.00575275613065 -4.49039082981212 5.86665108890103
2026-09-23T01:06:00.000 -6786.774133492440 325.268060691420 291.363036250756 0.03677768443784 -4.76106323162080 5.99713847035266
2026-09-23T01:10:00.000 -6531.468945944440 -815.328565988598 1702.533632963630 2.07793697289563 -4.68592047877395 5.69064854930491
2026-09-23T01:14:00.000 -5801.436749921590 -1896.656563989270 2989.599386954710 3.96856810058185 -4.27015816138911 4.96925475400493
2026-09-23T01:18:00.000 -4649.695584030820 -2840.114474333310 4058.728564912110 5.57067780758996 -3.54403177495096 3.88565861342909
2026-09-23T01:22:00.000 -3159.997438863370 -3577.142390150090 4832.016854535310 6.76771060263589 -2.56041006537337 2.51901025747341
2026-09-23T01:26:00.000 -1440.643480095640 -4054.190516868730 5253.135105219830 7.47283191767906 -1.39072583758722 0.96882081070110
2026-09-23T01:30:00.000 383.410810256021 -4236.565663548110 5291.359726306000 7.63487232278055 -0.11972232348201 -0.65233527403203
2026-09-23T01:34:00.000 2179.571196432440 -4110.909268603520 4943.762872573350 7.24170745383725 1.16060129104735 -2.22673562093460
2026-09-23T01:38:00.000 3817.141648648360 -3686.175014980140 4235.468963501510 6.32121729070687 2.35738787644493 -3.63973149003615
2026-09-23T01:42:00.000 5176.776725345390 -2993.058177995660 3217.927124613220 4.93963956570913 3.38339170301347 -4.78792310706093
2026-09-23T01:46:00.000 6159.239171511320 -2081.873978550430 1965.276645610590 3.19735492326114 4.16340663988968 -5.58683759316383
2026-09-23T01:50:00.000 6692.803730796500 -1018.951505335320 568.985498360108 1.22187041822165 4.64007439775919 -5.97751979168595
2026-09-23T01:54:00.000 6738.674870613560 118.234576528980 -868.896281934062 -0.84166960310103 4.77850274209081 -5.93134843398062
2026-09-23T01:58:00.000 6293.896318269400 1246.831291885190 -2243.353874074440 -2.84172413049749 4.56906833808904 -5.45240910273047
2026-09-23T02:02:00.000 5391.452502409350 2284.790568947270 -3454.252593299130 -4.63226829400437 4.02798764769896 -4.57693943509952
2026-09-23T02:06:00.000 4097.601941187490 3156.911194559810 -4413.708732831840 -6.08375287113734 3.19567545267656 -3.37005695770871
2026-09-23T02:10:00.000 2506.767335913520 3800.264013786700 -5052.408513833360 -7.09237509959877 2.13326066907413 -1.92033943610950
2026-09-23T02:14:00.000 734.495511749356 4168.601708603690 -5324.436306126230 -7.58680967257065 0.91775923976090 -0.33298384669435
2026-09-23T02:18:00.000 -1090.894576979910 4235.520001116350 -5210.372994360990 -7.53246278837606 -0.36345046793957 1.27767452325303
2026-09-23T02:22:00.000 -2837.409190832320 3996.236440223940 -4718.562144858340 -6.93343867356473 -1.61857504929045 2.79592156915014
2026-09-23T02:26:00.000 -4378.677247391740 3467.921463518720 -3884.510586154670 -5.83227465042153 -2.75749340977241 4.11238552344286
2026-09-23T02:30:00.000 -5602.923532669910 2688.552892709590 -2768.451561121610 -4.30742598006992 -3.69795709450997 5.13161449992018
2026-09-23T02:34:00.000 -6421.029933917600 1714.312643911170 -1451.161390427350 -2.46823202483562 -4.37142308612091 5.77891377033349
2026-09-23T02:38:00.000 -6773.134205132280 615.665818603507 -28.263098888068 -0.44775384139686 -4.72821742683659 6.00612287640409
2026-09-23T02:42:00.000 -6633.217228926500 -527.696823784924 1396.685710076030 1.60679998662115 -4.74168113571536 5.79578337665002
2026-09-23T02:46:00.000 -6011.181382083180 -1632.697673281380 2719.823010808490 3.54525068244840 -4.41045774447836 5.16286527626780
2026-09-23T02:50:00.000 -4952.164969183320 -2619.004002809970 3844.676229939050 5.22600255162013 -3.75861811405072 4.15356579397092
2026-09-23T02:54:00.000 -3533.180627103990 -3414.934055644670 4689.267446593770 6.52669005148795 -2.83368505197238 2.84165923870637
2026-09-23T02:58:00.000 -1857.401388666020 -3962.661934784670 5192.070599912900 7.35293768612450 -1.70286018711244 1.32272366439799
2026-09-23T03:02:00.000 -46.626087009882 -4222.366112498980 5316.424830865980 7.64478696620964 -0.44807705143456 -0.29285359868339
2026-09-23T03:06:00.000 1767.523495793990 -4175.083858587900 5053.158169073140 7.38081434570525 0.83981162656993 -1.88776297098432
2026-09-23T03:10:00.000 3453.076321980400 -3824.087679935490 4421.256462170350 6.57954942155999 2.06744106065521 -3.34600704730608
2026-09-23T03:14:00.000 4887.233112320050 -3194.711995486390 3466.583100230860 5.29853889798854 3.14542432087139 -4.56097988482770
2026-09-23T03:18:00.000 5965.348376307930 -2332.614343750420 2258.655340135400 3.63067660455386 3.99483511322119 -5.44340169241743
2026-09-23T03:22:00.000 6608.709225829980 -1300.527083454260 885.641895326824 1.69787834282052 4.55326675138426 -5.92817038557376
2026-09-23T03:26:00.000 6770.464187230410 -173.666485846272 -552.114546929341 -0.35792966689829 4.77978154894891 -5.97963479810485
2026-09-23T03:30:00.000 6439.154055665410 965.850510136547 -1949.573962443090 -2.38569401302508 4.65820045272980 -5.59458020378380
2026-09-23T03:34:00.000 5639.476070721620 2035.133977312880 -3204.855465910480 -4.23712005240104 4.19825925313803 -4.80231187779743
2026-09-23T03:38:00.000 4430.245470698920 2956.651511965220 -4226.770573194520 -5.77797922771486 3.43450380560281 -3.66196180437541
2026-09-23T03:42:00.000 2899.815574145450 3663.845415087940 -4941.415268722150 -6.89776538947034 2.42319830094732 -2.25745139981691
2026-09-23T03:46:00.000 1159.452097565710 4105.833415512070 -5297.359191719280 -7.51708587203303 1.23787008864822 -0.69094726161828
2026-09-23T03:50:00.000 -664.771473568659 4250.911036185400 -5269.137313213280 -7.59251689658862 -0.03615725695803 0.92461004048904
2026-09-23T03:54:00.000 -2440.935425239780 4088.685193799350 -4858.919550103810 -7.11899063656027 -1.30759516872654 2.47315551445600
2026-09-23T03:58:00.000 -4040.561167435290 3630.785103036310 -4096.332002090660 -6.13012179417910 -2.48524413042716 3.84324580436991
2026-09-23T04:02:00.000 -5347.704988186960 2910.099777032820 -3036.426839402830 -4.69623507971061 -3.48415830459868 4.93566874997660
2026-09-23T04:06:00.000 -6267.303692208630 1978.547515448130 -1755.882122562390 -2.92007639196556 -4.23168997947246 5.67056040355217
2026-09-23T04:10:00.000 -6732.172203918470 903.449844942506 -347.590953587582 -0.92985695797808 -4.67294446983584 5.99353670644769
2026-09-23T04:14:00.000 -6708.074070254790 -237.267617218405 1086.009585433140 1.12967698143247 -4.77506455118635 5.88003666368401
2026-09-23T04:18:00.000 -6196.439003859850 -1360.746325040370 2440.443924041890 3.10801096397512 -4.53011171935429 5.33782156760517
2026-09-23T04:22:00.000 -5234.335300990290 -2385.306551561810 3616.952118198530 4.86058153242094 -3.95578394106710 4.40641454960562
2026-09-23T04:26:00.000 -3891.712710864040 -3236.463895586720 4529.770650026550 6.25962566666004 -3.09393108296923 3.15389057409805
2026-09-23T04:30:00.000 -2266.215110882450 -3852.367371774670 5112.396548444960 7.20353117756471 -2.00729098479339 1.67162825330887
2026-09-23T04:34:00.000 -476.002633056010 -4188.256736525150 5322.370267833040 7.62389120462275 -0.77466136841024 0.06738364500629
2026-09-23T04:38:00.000 1348.804646671860 -4219.649502865810 5144.298385438560 7.48999230007957 0.51476117303291 -1.54236590200951
2026-09-23T04:42:00.000 3075.482021706500 -3944.112071780990 4590.980955218190 6.81102130978012 1.76750959382889 -3.04054933784656
2026-09-23T04:46:00.000 4578.281169174880 -3381.488826623160 3702.548457599240 5.63560743843580 2.89249842436243 -4.31782988336292
2026-09-23T04:50:00.000 5747.581079197080 -2572.556512178480 2543.656062661890 4.04881963529595 3.80744814329846 -5.28045627483939
2026-09-23T04:54:00.000 6498.008993570770 -1576.146112702590 1198.857711648730 2.16646352275255 4.44517849334591 -5.85743666403275
2026-09-23T04:58:00.000 6774.858057403210 -464.858747939211 -233.573572133876 0.12668584515982 4.75887527760183 -6.00624782163577
2026-09-23T05:02:00.000 6558.216831085520 680.306220132615 -1648.961585421220 -1.92061233828747 4.72584554880188 -5.71641441762966
2026-09-23T05:06:00.000 5864.388870976840 1775.992374666700 -2944.056357636100 -3.82548568054213 4.34923669751572 -5.01016898056414
2026-09-23T05:10:00.000 4744.515120400380 2742.674886016550 -4024.693290260130 -5.44945194511727 3.65757304431664 -3.94042803784688
2026-09-23T05:14:00.000 3280.541438719700 3510.471189596240 -4812.647579162460 -6.67580006820532 2.70207031961209 -2.58616621326432
2026-09-23T05:18:00.000 1579.004386196930 4024.095229035240 -5251.152486300200 -7.41740330987920 1.55234678052644 -1.04606916530900
2026-09-23T05:22:00.000 -236.754874274350 4246.672567759320 -5308.780071228540 -7.62207100149716 0.29131183829728 0.56862803633101
2026-09-23T05:26:00.000 -2035.400792656430 4162.249474939620 -4981.534327776800 -7.27567428242703 -0.99061612289315 2.14188006542694
2026-09-23T05:30:00.000 -3686.860878091350 3776.867251684730 -4293.069414615170 -6.40281149618299 -2.20156745963832 3.56058543296304
2026-09-23T05:34:00.000 -5071.501009377830 3118.181942341590 -3293.071137362400 -5.06546463294199 -3.25432215575343 4.72216750676996
2026-09-23T05:38:00.000 -6088.701175850640 2233.606855220320 -2053.843871800910 -3.35926050809561 -4.07244852096010 5.54187381170888
2026-09-23T05:42:00.000 -6664.233655574940 1187.031927882690 -665.242360069925 -1.40727870642519 -4.59597550214217 5.95918283818723
2026-09-23T05:46:00.000 -6755.852378770720 54.269725487992 771.782249532098 0.64870931847877 -4.78617740211457 5.94278917086374
2026-09-23T05:50:00.000 -6356.543146342370 -1082.442708001580 2152.555748288190 2.65867879551699 -4.62861702918160 5.49322317457710
2026-09-23T05:54:00.000 -5495.161822098630 -2140.478450980800 3376.407010623810 4.47569322230593 -4.13454346062862 4.64312044765097
2026-09-23T05:58:00.000 -4234.312717300700 -3042.926070749860 4354.115579737850 5.96723834817234 -3.33997917193876 3.45461661237648
2026-09-23T06:02:00.000 -2665.685164908120 -3724.206162904510 5014.440607508820 7.02488123401850 -2.30272509030577 2.01444255865368
2026-09-23T06:06:00.000 -903.317336240524 -4134.809341131890 5309.272852383290 7.57191876339339 -1.09806135318672 0.42742646309739
2026-09-23T06:10:00.000 924.701357662917 -4244.846650513220 5217.070799234290 7.56860183014625 0.18677572777713 -1.19119564061712
2026-09-23T06:14:00.000 2685.456771989740 -4046.185593928360 4744.391753389690 7.01468805899699 1.45876777252093 -2.72384780031268
2026-09-23T06:18:00.000 4250.766115279790 -3553.081230497040 3925.480507187480 5.94971026193340 2.62546784774223 -4.05875993025927
2026-09-23T06:22:00.000 5506.499485248320 -2801.234098512990 2819.890535668300 4.45059416209231 3.60170745938461 -5.09808885096984
2026-09-23T06:26:00.000 6360.991949181660 -1845.279098589970 1508.244518664410 2.62655903540446 4.31587445806441 -5.76525627722004
2026-09-23T06:30:00.000 6751.911009282430 -754.840367001930 86.360146224761 0.61130178052957 4.71550177990603 -6.01107304843438
2026-09-23T06:34:00.000 6650.960423177070 390.600098074089 -1341.851818314660 -1.44706590151517 4.77147522135397 -5.81776324100556
2026-09-23T06:38:00.000 6065.969243913430 1507.632773457760 -2672.157000095500 -3.39761107046086 4.48037427642629 -5.20039189311099
2026-09-23T06:42:00.000 5040.148201007590 2515.130088096460 -3807.752338192310 -5.09830033788753 3.86444297138652 -4.20534427792664
2026-09-23T06:46:00.000 3648.655791870050 3340.185455208860 -4666.343625252470 -6.42653981793894 2.96942492893336 -2.90628186888148
2026-09-23T06:50:00.000 1992.870219750110 3923.325105079400 -5186.007992781840 -7.28766170422765 1.86078172336969 -1.39819049268097
2026-09-23T06:54:00.000 192.901695065647 4222.656010877600 -5329.459846268190 -7.62099387903397 0.61863458864425 0.20987013254902
2026-09-23T06:58:00.000 -1621.018777232780 4216.711705037970 -5086.525736211630 -7.40327896754649 -0.66788404416468 1.80227624107714
2026-09-23T07:02:00.000 -3317.731676963700 3905.904002938440 -4474.798717022550 -6.65007325589305 -1.90660316708442 3.26458713603333
2026-09-23T07:06:00.000 -4774.393571756710 3312.516373295340 -3538.418109003920 -5.41478213830954 -3.00845355928456 4.49126431820159
2026-09-23T07:10:00.000 -5885.234691684500 2479.222591664110 -2345.049632490310 -3.78556319096505 -3.89360545909483 5.39299295198579
2026-09-23T07:14:00.000 -6569.273472368850 1466.156003778060 -981.163867620791 -1.87967425727612 -4.49730727679097 5.90339226424958
2026-09-23T07:18:00.000 -6776.378271734930 346.665365247288 454.135581665778 0.16459806831815 -4.77493532558568 5.98431720994845
2026-09-23T07:22:00.000 -6491.126574083870 -797.996503492648 1856.336630761310 2.19813919501331 -4.70571931301472 5.62918096502523
2026-09-23T07:26:00.000 -5734.045848774100 -1884.646815055590 3123.225813396770 4.07239050408052 -4.29443833852673 4.86360767613395
2026-09-23T07:30:00.000 -4560.126365655450 -2834.293373493120 4162.433872402440 5.65052757660687 -3.57101508914473 3.74348150753258
2026-09-23T07:34:00.000 -3054.747574515030 -3577.932469274780 4898.231422779380 6.81774276398827 -2.58818980451208 2.35067382823155
2026-09-23T07:38:00.000 -1327.348087683210 -4061.540124960140 5277.017411776460 7.48943251664048 -1.41726312357616 0.78653477818830
2026-09-23T07:42:00.000 496.526629578572 -4249.933288448080 5271.141524293230 7.61677345796491 -0.14301660664710 -0.83529877975639
2026-09-23T07:46:00.000 2284.280255933930 -4129.301927636860 4880.895757780730 7.19017076945924 1.14227761221875 -2.39700240367377
2026-09-23T07:50:00.000 3905.815366931330 -3708.232745446970 4134.520659282160 6.23993732482890 2.34534380933428 -3.78485711001212
2026-09-23T07:54:00.000 5242.945220392350 -3017.167508883740 3086.252059250680 4.83452536511783 3.37843248664080 -4.89727472789717
2026-09-23T07:58:00.000 6198.077063065890 -2106.288601846600 1812.486368288700 3.07613061345773 4.16582769308361 -5.65235607770975
2026-09-23T08:02:00.000 6701.505709192880 -1041.914900806900 406.247432305912 1.09352872595635 4.64967250655062 -5.99439269671343
2026-09-23T08:06:00.000 6716.672886588760 98.374308716267 -1029.692389223750 -0.96760768197618 4.79462079589062 -5.89841258821953
2026-09-23T08:10:00.000 6242.888906773130 1231.517314353700 -2390.486917564920 -2.95601661601211 4.59061759889818 -5.37220860731308
2026-09-23T08:14:00.000 5315.256401170410 2275.155316329450 -3577.034477559730 -4.72661340720120 4.05348963131881 -4.45548384307617
2026-09-23T08:18:00.000 4001.845621550120 3153.695352302880 -4503.263186662550 -6.15145194561863 3.22334756778162 -3.21632075583554
2026-09-23T08:22:00.000 2398.452173710410 3803.750129988180 -5102.293952523150 -7.12873010899539 2.16109092297892 -1.74550612942397
2026-09-23T08:26:00.000 621.487814564051 4178.576043758360 -5331.082973835150 -7.58934369122386 0.94365220683676 -0.14967575595191
2026-09-23T08:30:00.000 -1200.419828559300 4251.275156344470 -5173.324987149190 -7.50108905724538 -0.34148325180040 1.45630557715096
2026-09-23T08:34:00.000 -2935.535224884750 4016.617933183840 -4640.489990502320 -6.87037350071346 -1.60224358281626 2.95709981894490
2026-09-23T08:38:00.000 -4458.284181494300 3491.413242066930 -3771.028088160060 -5.74191514907473 -2.74807690689154 4.24450310622468
2026-09-23T08:42:00.000 -5658.181374084050 2713.398527392010 -2627.737317976160 -4.19607716516968 -3.69614476942143 5.22501249967190
2026-09-23T08:46:00.000 -6447.833291081030 1738.674182725750 -1293.410069376480 -2.34391701734083 -4.37722575349952 5.82659315941839
2026-09-23T08:50:00.000 -6769.453394599230 637.765473872938 135.049679569066 -0.31960605966591 -4.74113774829030 6.00449333059829
2026-09-23T08:54:00.000 -6599.266736477120 -509.459642776214 1553.664000109860 1.72935098472417 -4.76074964600346 5.74494595423807
2026-09-23T08:58:00.000 -5949.398446606340 -1619.640411279320 2859.027923099480 3.65320599585434 -4.43429717217151 5.06650286234735
2026-09-23T09:02:00.000 -4867.027254486050 -2612.070961470720 3955.964902094050 5.31147373134839 -3.78550490925645 4.01871166755669
2026-09-23T09:06:00.000 -3430.874837423030 -3414.628398692120 4764.530403895560 6.58340193774611 -2.86169440625514 2.67814739736406
2026-09-23T09:10:00.000 -1745.371051115040 -3969.013022245610 5225.833111571700 7.37677733573972 -1.72999122689184 1.14251328456231
2026-09-23T09:14:00.000 66.989706637203 -4234.926023213000 5306.235210865970 7.63408418386687 -0.47235930094693 -0.47669003790873
2026-09-23T09:18:00.000 1874.473189834960 -4192.942925094590 4999.748344928090 7.33628797427955 0.82021149070156 -2.06188425678396
2026-09-23T09:22:00.000 3545.575353830760 -3845.941218143510 4328.513594844830 6.50439205325048 2.05395468277637 -3.49764630769612
2026-09-23T09:26:00.000 4958.545816910850 -3218.966297109930 3341.276128237640 5.19822567692213 3.13902354967485 -4.67903658668204
2026-09-23T09:30:00.000 6010.286037855210 -2357.501993273830 2109.940573868560 3.51254802414129 3.99599178372053 -5.51920257443674
2026-09-23T09:34:00.000 6624.017966276960 -1324.235411336560 724.398480793286 1.57063360509363 4.56187340187944 -5.95613423224103
2026-09-23T09:38:00.000 6755.079359258180 -194.473094731227 -714.092158794374 -0.48488105075615 4.79521065588681 -5.95776718840599
2026-09-23T09:42:00.000 6394.276230533050 949.460894602706 -2100.459053895000 -2.50300406172338 4.67936348882339 -5.52460600908371
2026-09-23T09:46:00.000 5568.466504859780 2024.367708586790 -3333.669721278730 -4.33625993079519 4.22368187976126 -4.68951494564350
2026-09-23T09:50:00.000 4338.348988743760 2952.320160784010 -4324.182173432150 -5.85186202142812 3.46238491953625 -3.51468454768309
2026-09-23T09:54:00.000 2793.756356269850 3666.301400211280 -5000.398525366090 -6.94122415684356 2.45153194889717 -2.08643990704462
2026-09-23T09:58:00.000 1046.932639029920 4114.932379906090 -5313.672986547720 -7.52715732081529 1.26453932888203 -0.50852314208396
2026-09-23T10:02:00.000 -775.610523863917 4266.003164138680 -5241.606944263360 -7.56852350263575 -0.01320716901352 1.10534865701360
2026-09-23T10:06:00.000 -2542.075056991290 4108.659110022360 -4789.521697457000 -7.06263739246863 -1.29012827811129 2.63920972671424
2026-09-23T10:10:00.000 -4124.666993488510 3654.152007324570 -3990.052212017700 -6.04535646324195 -2.47461919464161 3.98267562326908
2026-09-23T10:14:00.000 -5408.635293385970 2935.110279299560 -2900.916682524900 -4.58901739126524 -3.48116922373283 5.03832843968299
2026-09-23T10:18:00.000 -6300.555497293850 2003.335915914180 -1600.935308109320 -2.79802830155761 -4.23649784532533 5.72884790585452
2026-09-23T10:22:00.000 -6735.234074531480 926.192746863880 -184.461178776152 -0.80188887214122 -4.68505206807005 6.00299685732826
2026-09-23T10:26:00.000 -6680.663890009030 -218.213092033470 1245.440663376530 1.25407004404569 -4.79350443471377 5.83994515931852
2026-09-23T10:30:00.000 -6140.526550169900 -1346.748456827830 2584.564227675180 3.21967092084484 -4.55355994168505 5.25110308970999
2026-09-23T10:34:00.000 -5153.987206098040 -2377.372952865880 3735.266228055970 4.95129130197316 -3.98256864063652 4.27940839900507
2026-09-23T10:38:00.000 -3792.791731109360 -3235.172811305490 4613.674561377110 6.32274085692462 -3.12217677422142 2.99590491109272
2026-09-23T10:42:00.000 -2155.937502673500 -3857.831476510810 5155.805032398290 7.23448668013755 -2.03499915131998 1.49421994441323
2026-09-23T10:46:00.000 -362.399084827771 -4200.104122336270 5322.155526501910 7.62049216994873 -0.79982400634791 -0.11651216304145
2026-09-23T10:50:00.000 1457.478143562700 -4237.045210960970 5100.508572431570 7.45257107695496 0.49398188718710 -1.71939444533438
2026-09-23T10:54:00.000 3171.337372269070 -3965.805375485060 4506.819074872920 6.74225636286734 1.75269797307865 -3.19789751100545
2026-09-23T10:58:00.000 4654.344997098010 -3405.911247775830 3584.156737935370 5.54045647913880 2.88470120912476 -4.44397404615311
2026-09-23T11:02:00.000 5798.323575040700 -2597.947163762910 2399.687747329840 3.93426106850521 3.80722887942145 -5.36613500711697
2026-09-23T11:06:00.000 6519.760490668600 -1600.672367029940 1039.844555255070 2.04092776008352 4.45255332289493 -5.89636398823649
2026-09-23T11:10:00.000 6766.087001098920 -486.752276569423 -396.003184840991 -0.00055878784429 4.77330898654963 -5.99563123095228
2026-09-23T11:14:00.000 6519.641950966960 662.626958537180 -1802.949682726640 -2.04019766892915 4.74632533017981 -5.65713685662353
2026-09-23T11:18:00.000 5798.917344748800 1763.817851256440 -3078.393442160000 -3.92868502271433 4.37436971420292 -4.90671764209189
2026-09-23T11:22:00.000 4656.993903576980 2736.918192897960 -4129.638968389630 -5.52890987082470 3.68560148157626 -3.80046226466106
2026-09-23T11:26:00.000 3177.377301981510 3511.586197922040 -4880.619364266770 -6.72593397660530 2.73095135312749 -2.41989337160034
2026-09-23T11:30:00.000 1467.698094274930 4032.029810798030 -5277.252387490860 -7.43473243484492 1.57994081791405 -0.86552337220189
2026-09-23T11:34:00.000 -348.145777169766 4260.865554887090 -5291.129690779590 -7.60545056462411 0.31553237411845 0.75047772447915
2026-09-23T11:38:00.000 -2138.821520376590 4181.659106377110 -4921.390983437910 -7.22625829836472 -0.97164361701766 2.31200146648915
2026-09-23T11:42:00.000 -3774.809093035510 3800.053371147490 -4194.746654415000 -6.32405583912282 -2.18926859713872 3.70669144590534
2026-09-23T11:46:00.000 -5137.565910217390 3143.418564365690 -3163.647388841400 -4.96293983802029 -3.24964303719270 4.83364842254146
2026-09-23T11:50:00.000 -6128.024042729410 2259.013369099120 -1902.668192129080 -3.24027962035846 -4.07571686851750 5.61053618014066
2026-09-23T11:54:00.000 -6673.872081747580 1210.723080589010 -503.270176192404 -1.28038469596064 -4.60689430458201 5.97991481468628
2026-09-23T11:58:00.000 -6735.009125654620 74.511303835768 932.773909871914 0.77425186026555 -4.80380790692174 5.91391469597752
2026-09-23T12:02:00.000 -6306.667415956760 -1067.107440984840 2300.831566984590 2.77357030443991 -4.65162270655804 5.41677919145302
2026-09-23T12:06:00.000 -5419.849187641280 -2131.146241325550 3501.152555468280 4.57146698134723 -4.16125739619146 4.52468131156923
2026-09-23T12:10:00.000 -4139.031503133360 -3040.257428673280 4446.236676812060 6.03684670201333 -3.36846032457877 3.30285457972040
2026-09-23T12:14:00.000 -2557.370338492110 -3728.383396755910 5067.228455343680 7.06322281429564 -2.33095368201820 1.84044135127626
2026-09-23T12:18:00.000 -789.851913146842 -4145.527500843950 5318.890749956940 7.57624374199342 -1.12400652844882 0.24387008473294
2026-09-23T12:22:00.000 1035.067467836100 -4261.324086052060 5182.820238733770 7.53860395553162 0.16502500437780 -1.37097792048710
2026-09-23T12:26:00.000 2784.699037243420 -4067.215762279470 4668.763486412080 6.95255666211843 1.44282244637488 -2.88678028765778
2026-09-23T12:30:00.000 4331.664879633290 -3577.112080009930 3813.971243564410 5.85989014782398 2.61656523489466 -4.19300160958207
2026-09-23T12:34:00.000 5563.145691681410 -2826.488304476080 2680.617345311380 4.33954020131758 3.60046554449640 -5.19378470394807
2026-09-23T12:38:00.000 6389.235010721230 -1869.905170289430 1351.367747077020 2.50238145875876 4.32230652591657 -5.81534471240122
2026-09-23T12:42:00.000 6749.686710938640 -777.048990644338 -76.659852138429 0.48315901257187 4.72908800022530 -6.01186583983907
2026-09-23T12:46:00.000 6618.452784162480 372.416807234692 -1499.109133749740 -1.56973187765616 4.79123485295806 -5.76925739307376
2026-09-23T12:50:00.000 6005.583051655060 1494.795581070660 -2812.184390213000 -3.50584271665883 4.50489679271644 -5.10620929068099
2026-09-23T12:54:00.000 4956.319957946870 2508.575875522730 -3920.362004803920 -5.18423666155753 3.89196483227430 -4.07246211312111
2026-09-23T12:58:00.000 3547.511703350220 3340.402468892760 -4743.369475044970 -6.48405450090272 2.99799238171565 -2.74444442061514
2026-09-23T13:02:00.000 1881.755522584510 3930.314290742480 -5221.873084476580 -7.31274905170887 1.88829301023264 -1.21909311061374
2026-09-23T13:06:00.000 79.856166927202 4235.911021617860 -5321.551673742600 -7.61190157271847 0.64300142830074 0.39334763801776
2026-09-23T13:10:00.000 -1727.820253864570 4235.246977543490 -5035.379577007430 -7.36064123981861 -0.64853471570849 1.97694477319030
2026-09-23T13:14:00.000 -3410.546419272810 3928.326290182550 -4384.057820014410 -6.57683080429232 -1.89376762037846 3.41787216877634
2026-09-23T13:18:00.000 -4846.448682325320 3337.137927787730 -3414.588376731480 -5.31605177051030 -3.00306998790695 4.61202649872789
2026-09-23T13:22:00.000 -5931.222305940990 2504.201978415230 -2197.056632347670 -3.66837832706009 -3.89601475504402 5.47233272569276
2026-09-23T13:26:00.000 -6585.760649348970 1489.638926742050 -819.726812510880 -1.75252183199402 -4.50728432476500 5.93537722799330
2026-09-23T13:30:00.000 -6762.076268346920 366.916871025154 617.283329341611 0.29244977683208 -4.79171675947706 5.96647657746051
2026-09-23T13:34:00.000 -6446.997689951690 -782.466043799971 2009.304071783170 2.31730494821434 -4.72802639650392 5.56269021914132
2026-09-23T13:38:00.000 -5663.252675814820 -1874.968276184880 3254.844619568590 4.17404753513152 -4.32059357534762 4.75328897563362
2026-09-23T13:42:00.000 -4467.802782915480 -2831.165118120520 4263.099803302470 5.72719839929490 -3.59910679685199 3.59744922381346
2026-09-23T13:46:00.000 -2947.601145589480 -3581.571200603260 4960.606073718830 6.86382795417270 -2.61614381178723 2.17956272914319
2026-09-23T13:50:00.000 -1213.177246794810 -4071.669248960560 5296.553270246490 7.50152786475144 -1.44307251025445 0.60284809922508
2026-09-23T13:54:00.000 609.411114429528 -4265.810494653740 5246.420285218150 7.59402803653564 -0.16481505297191 -1.01817184160632
2026-09-23T13:58:00.000 2387.665498843950 -4149.765339227830 4813.716973941090 7.13423108357469 1.12609461296818 -2.56577963636187
2026-09-23T14:02:00.000 3992.173824091000 -3731.782541659840 4029.773752043520 6.15485092330877 2.33597026799703 -3.92723207739928
2026-09-23T14:06:00.000 5305.983026129050 -3042.071064421280 2951.570445146520 4.72645935789700 3.37659928724666 -5.00281749744862
2026-09-23T14:10:00.000 6233.194085114730 -2130.708419583260 1657.699402365230 2.95294560302457 4.17165909603761 -5.71332540457270
2026-09-23T14:14:00.000 6706.137646537280 -1064.057559175520 242.661329286129 0.96423811947450 4.66269468561568 -6.00629476141968
2026-09-23T14:18:00.000 6690.494157084660 80.127192102061 -1190.123430901570 -1.09348613741459 4.81386162554960 -5.86038767844482
2026-09-23T14:22:00.000 6187.842211827000 1218.498085180410 -2536.051071741470 -3.06922504769130 4.61468092666205 -5.28712495080880
2026-09-23T14:26:00.000 5235.397419843050 2268.322012647460 -3697.133573306800 -4.81892491720368 4.08066916792777 -4.32967541714299
2026-09-23T14:30:00.000 3903.017819586550 3153.565383246440 -4589.179022907910 -6.21627046294146 3.25168566632142 -3.05901287709748
2026-09-23T14:34:00.000 2287.848524231250 3810.352709217830 -5147.803504745160 -7.16147060296544 2.18851385046053 -1.56814760294819
2026-09-23T14:38:00.000 507.122980869963 4191.445222633100 -5332.891061385800 -7.58776884599230 0.96811668412607 0.03495403018318
2026-09-23T14:42:00.000 -1310.276462383810 4269.469305425610 -5131.274390929430 -7.46531136194880 -0.32186346207725 1.63495893982607
2026-09-23T14:46:00.000 -3032.926036489690 4038.783248007360 -4557.578248798050 -6.80288129126255 -1.58898484980497 3.11689211328231
2026-09-23T14:50:00.000 -4536.122746862540 3515.889971558770 -3653.205624679090 -5.64743343877498 -2.74219227215657 4.37385068114783
2026-09-23T14:54:00.000 -5710.760182697820 2738.355676646020 -2483.500302997230 -4.08132843636428 -3.69804904989471 5.31442558972088
2026-09-23T14:58:00.000 -6471.250150119520 1762.252075790430 -1133.200651432010 -2.21712458477017 -4.38672239150803 5.86943388978662
2026-09-23T15:02:00.000 -6761.918938860340 658.227677238912 299.584601415768 -0.19007107601362 -4.75744104827875 5.99745479190512
2026-09-23T15:06:00.000 -6561.275962193500 -493.612353894345 1710.528764794810 1.85204263982626 -4.78267464108770 5.68845765031325
2026-09-23T15:10:00.000 -5883.693728849320 -1609.574799711590 2996.781650113210 3.76004539786611 -4.46025563530262 4.96470956185022
2026-09-23T15:14:00.000 -4778.381137117320 -2608.531901602380 4064.566734655050 5.39464419546748 -3.81359713713297 3.87906855434107
2026-09-23T15:18:00.000 -3325.732930960850 -3417.880870364060 4836.073280079060 6.63686082264626 -2.88985192537442 2.51084612726140
2026-09-23T15:22:00.000 -1631.379198190600 -3978.824591351230 5255.105164721880 7.39661245921859 -1.75615611129967 0.95971037021242
2026-09-23T15:26:00.000 181.532597096074 -4250.584161720740 5291.102104880110 7.61881022042238 -0.49462069373271 -0.66165709594608
2026-09-23T15:30:00.000 1981.224450257850 -4213.310425883250 4941.319789784820 7.28703363123215 0.80346903267596 -2.23550736418988
2026-09-23T15:34:00.000 3636.764079072020 -3869.535794289830 4231.053057556290 6.42474286958512 2.04397736581699 -3.64730705267533
2026-09-23T15:38:00.000 5027.524728305640 -3244.062253298820 3211.886750871890 5.09391665267272 3.13657138866456 -4.79380074786591
2026-09-23T15:42:00.000 6052.021589015070 -2382.261486772980 1958.074412165380 3.39123727276749 4.00122979272324 -5.59059530165449
2026-09-23T15:46:00.000 6635.481828581070 -1346.845880063770 561.156968545765 1.44122866836742 4.57443858304339 -5.97895728906110
2026-09-23T15:50:00.000 6735.458956109870 -213.274916912588 -876.780200929889 -0.61291575310963 4.81418663242969 -5.93036110406144
2026-09-23T15:54:00.000 6345.038486632130 935.848832769183 -2250.712505173860 -2.62026683126845 4.70337570272149 -5.44904505658403
2026-09-23T15:58:00.000 5493.245215780010 2016.954159931310 -3460.540195940440 -4.43421372144431 4.25101542917608 -4.57143298734621
2026-09-23T16:02:00.000 4242.655515231850 2951.670198959070 -4418.453869523870 -5.92349016061528 3.49106907908996 -3.36277901573965
2026-09-23T16:06:00.000 2684.559697490070 3672.488108605230 -5055.242197026330 -6.98146217088828 2.47946607328430 -1.91177523623973
2026-09-23T16:10:00.000 932.151648529948 4127.523732556340 -5325.116918212470 -7.53318505092878 1.28964332377623 -0.32371568206042
2026-09-23T16:14:00.000 -887.670794775547 4284.087433947880 -5208.809488239040 -7.53996264554120 0.00716732530909 1.28700036136340
2026-09-23T16:18:00.000 -2643.306304203130 4130.903224018740 -4714.819289067060 -7.00148033317863 -1.27606246414107 2.80465050958547
2026-09-23T16:22:00.000 -4207.715150317080 3678.903523004060 -3878.806833627580 -5.95589101031866 -2.46791829193188 4.11989679405740
2026-09-23T16:26:00.000 -5467.433563931730 2960.531449651250 -2761.152386367790 -4.47761107534762 -3.48231920618010 5.13729576306848
2026-09-23T16:30:00.000 -6330.772993727170 2027.546485615950 -1442.774678071640 -2.67271715543758 -4.24536537719994 5.78222226762333
2026-09-23T16:34:00.000 -6734.617622659320 947.412096930476 -19.398302673565 -0.67182481882207 -4.70095831945034 6.00677202386396
2026-09-23T16:38:00.000 -6649.214649888650 -201.540418167058 1405.379708976910 1.37933917240177 -4.81523944696722 5.79371568648604
2026-09-23T16:42:00.000 -6080.531798876010 -1335.835492165370 2727.710668753330 3.33080341548198 -4.57954475154974 5.15827314580936
2026-09-23T16:46:00.000 -5069.844861654340 -2373.029452554290 3851.198721616510 5.04017129350160 -4.01101151069449 4.14685272789432
2026-09-23T16:50:00.000 -3690.644746929220 -3237.749000540830 4693.971141195330 6.38300669689335 -3.15103618042499 2.83330687854166
2026-09-23T16:54:00.000 -2043.215666483880 -3867.166025462420 5194.634741912050 7.26180417220793 -2.06210632657386 1.31336884105198
2026-09-23T16:58:00.000 -247.300090012078 -4215.531003758630 5316.697801968140 7.61285986454136 -0.82317198782181 -0.30247382469062
2026-09-23T17:02:00.000 1566.576205878520 -4257.447849260000 5051.159656580390 7.41048963783566 0.47611943136513 -1.89695047056410
2026-09-23T17:06:00.000 3266.482154296580 -3989.702170830890 4417.174989419040 6.66877171233611 1.74162296425120 -3.35407935098409
2026-09-23T17:10:00.000 4728.598316694470 -3431.560619368560 3460.753760974870 5.44089783998949 2.88127176840841 -4.56738856431083
2026-09-23T17:14:00.000 5846.259310977670 -2623.469810729010 2251.535733212800 3.81585753464800 3.81170267422898 -5.44767889200688
2026-09-23T17:18:00.000 6537.882775669520 -1624.203288331590 877.783107104988 1.91243296048725 4.46457675310488 -5.93002640069285
2026-09-23T17:22:00.000 6753.103485456750 -506.569865038404 -560.121295635692 -0.12968642814549 4.79204543383081 -5.97901379284249
2026-09-23T17:26:00.000 6476.542047711720 647.981062059437 -1957.137999896170 -2.16049526691456 4.77042564732121 -5.59153255145455
2026-09-23T17:30:00.000 5728.894713753380 1755.429678852310 -3211.417548755310 -4.03138012418796 4.40210491593686 -4.79705729217131
2026-09-23T17:34:00.000 4565.193221617400 2735.425891492650 -4231.840801134020 -5.60661008581537 3.71498410778079 -3.65486024594255
2026-09-23T17:38:00.000 3070.498543100690 3517.130573436380 -4944.608786894810 -6.77314397910094 2.75984717130052 -2.24899870264159
2026-09-23T17:42:00.000 1353.501666233390 4044.237655771280 -5298.416759050040 -7.44815026201593 1.60623030400563 -0.68170430772479
2026-09-23T17:46:00.000 -461.391556220745 4278.872852423650 -5267.947434839290 -7.58416240570581 0.33727078426699 0.93397637145904
2026-09-23T17:50:00.000 -2242.924386881040 4204.169720860640 -4855.537787805960 -7.17181637819859 -0.95609786471224 2.48194294439982
2026-09-23T17:54:00.000 -3862.232571718130 3825.425368337190 -4090.976527552670 -6.24032870048499 -2.18112231356746 3.85080069421413
2026-09-23T17:58:00.000 -5201.958102578300 3169.792246628590 -3029.464411090090 -4.85589876578066 -3.24948757349758 4.94142143586287
2026-09-23T18:02:00.000 -6164.686883890910 2284.460152181830 -1747.801791989190 -3.11764555358046 -4.08354386945672 5.67405137801917
2026-09-23T18:06:00.000 -6680.118790285310 1233.389205620560 -338.981741719080 -1.15111910332723 -4.62209405605576 5.99442009214558
2026-09-23T18:10:00.000 -6710.387867735990 92.749726531333 1094.515070683750 0.90063285318460 -4.82528602725487 5.87830993179288
2026-09-23T18:14:00.000 -6252.994547149250 -1054.627322889350 2448.238194865710 2.88779239267542 -4.67784015346802 5.33366017804566
2026-09-23T18:18:00.000 -5341.075043502040 -2125.341931966670 3623.489277227900 4.66514075891696 -4.19033983813230 4.40018415107518
2026-09-23T18:22:00.000 -4040.936770379730 -3041.574175005290 4534.619725149480 6.10321269755131 -3.39836978583263 3.14614422101770
2026-09-23T18:26:00.000 -2447.111130991860 -3736.761572763380 5115.259688059730 7.09763971484298 -2.35951706243229 1.66291746574311
2026-09-23T18:30:00.000 -675.433809108456 -4160.379438289470 5323.086175900580 7.57626659339116 -1.14904420418021 0.05830929415727
2026-09-23T18:34:00.000 1145.332138854630 -4281.566494175970 5142.859498128860 7.50416546813794 0.14542643384962 -1.55114539034915
2026-09-23T18:38:00.000 2882.777880365660 -4091.355704393200 4587.526959737710 6.88603980679247 1.43014548883566 -3.04846966260609
2026-09-23T18:42:00.000 4410.382290200440 -3603.365691179650 3697.351678839610 5.76604221889306 2.61173473438117 -4.32434880906315
2026-09-23T18:46:00.000 5616.724252495360 -2852.922397289420 2537.109824243130 4.22518338521235 3.60379287667813 -5.28511245514676
2026-09-23T18:50:00.000 6413.734083880290 -1894.583034482890 1191.452386497360 2.37590276118363 4.33351665113406 -5.85989855348561
2026-09-23T18:54:00.000 6743.306943152740 -798.171997540041 -241.290807749868 0.35391872998955 4.74731680334497 -6.00637868037035
2026-09-23T18:58:00.000 6581.682349881740 356.382959056585 -1656.431795606060 -1.69218109940665 4.81515982253983 -5.71423732158132
2026-09-23T19:02:00.000 5941.148126949660 1485.020164556920 -2950.740340050710 -3.61252360391845 4.53281574364526 -5.00582517937429
2026-09-23T19:06:00.000 4868.960538785770 2505.784821205830 -4030.098115528510 -5.26744196116172 3.92190034697829 -3.93416794695548
2026-09-23T19:10:00.000 3443.614461600500 3344.824269287860 -4816.358698041750 -6.53784626852826 3.02780262605789 -2.57839212583162
2026-09-23T19:14:00.000 1768.878225237880 3941.660817319550 -5252.871215330060 -7.33335653341530 1.91583978533130 -1.03734446719334
2026-09-23T19:18:00.000 -33.820706786272 4253.394715957310 -5308.354364446840 -7.59793032287499 0.66628417671503 0.57766366074672
2026-09-23T19:22:00.000 -1834.076150696420 4257.631564673540 -4978.969775120460 -7.31314603903085 -0.63123016384363 2.15055600758937
2026-09-23T19:26:00.000 -3501.699372497810 3954.013047950580 -4288.533422253020 -6.49922926864856 -1.88372927782854 3.56822967856629
2026-09-23T19:30:00.000 -4915.904648515170 3364.277724294380 -3286.884601185390 -5.21394206124973 -3.00107949245487 4.72818959137256
2026-09-23T19:34:00.000 -5973.955319414050 2530.830989123950 -2046.453300731820 -3.54914971759190 -3.90223482986888 5.54582844502678
2026-09-23T19:38:00.000 -6598.681739100680 1513.830745116750 -657.178711841903 -1.62484037973741 -4.52124696151315 5.96079943960041
2026-09-23T19:42:00.000 -6744.273803562770 386.926133851076 779.935486722734 0.41921131184072 -4.81239730236245 5.94191207938483
2026-09-23T19:46:00.000 -6399.821773619220 -768.084956487761 2160.207906254890 2.43381689136014 -4.75397627519035 5.48996254840639
2026-09-23T19:50:00.000 -5590.203854022200 -1867.270445827110 3383.018625336840 4.27183414440817 -4.35000587410909 4.63776725591038
2026-09-23T19:54:00.000 -4374.256450086410 -2830.733735478450 4359.233157587780 5.79919768960551 -3.62988643216045 3.44760633665579
2026-09-23T19:58:00.000 -2840.402733977130 -3588.469526950810 5017.732692332740 6.90492992799942 -2.64607268728545 2.00633564404394
2026-09-23T20:02:00.000 -1100.126148307790 -4085.423777955230 5310.542763109060 7.50892495837080 -1.46990686458447 0.41876583402972
2026-09-23T20:06:00.000 720.117461583422 -4285.419773052900 5216.245671593660 7.56719172299404 -0.18644761560072 -1.19990195620693
2026-09-23T20:10:00.000 2487.978590915060 -4173.768226072430 4741.530155798180 7.07495797684400 1.11134976411667 -2.73201685241192
2026-09-23T20:14:00.000 4074.759098429410 -3758.378701742440 3920.776902102880 6.06726243376649 2.32923832486482 -4.06584942855083
2026-09-23T20:18:00.000 5364.755417169090 -3069.271830531080 2813.666993292550 4.61680818784487 3.37830639622523 -5.10358991557636
2026-09-23T20:22:00.000 6263.789476371260 -2156.501728045140 1500.934882387450 2.82923926349705 4.18159952286735 -5.76874039130003
2026-09-23T20:26:00.000 6706.264590941660 -1086.550419147710 78.489805018337 0.83562341046772 4.68007362832297 -6.01222364922734
2026-09-23T20:30:00.000 6660.121504641450 62.570257574101 -1349.704984460600 -1.21746049109850 4.83736588158575 -5.81646705998368
2026-09-23T20:34:00.000 6129.189591025300 1207.150799813490 -2679.407797662060 -3.17947204709987 4.64261142344038 -5.19668650574009
2026-09-23T20:38:00.000 5152.748821297040 2264.009684277380 -3813.842788500900 -4.90742660953471 4.11100596853954 -4.19942717169418
2026-09-23T20:42:00.000 3802.397190584740 3156.605186160290 -4670.785340828980 -6.27663650240920 3.28225021868258 -2.89853653099771
2026-09-23T20:46:00.000 2176.567514672050 3820.535158687910 -5188.421650797880 -7.18941327656057 2.21711022680841 -1.38913573277115
2026-09-23T20:50:00.000 393.246695027571 4208.047357749880 -5329.611631323910 -7.58133547114437 0.99269704420533 0.21953639009084
2026-09-23T20:54:00.000 -1418.511231102700 4291.307362220900 -5084.360432040780 -7.42502158430466 -0.30307889028537 1.81179547432313
2026-09-23T20:58:00.000 -3127.697542529220 4064.290442534210 -4470.440136881430 -6.73165281903919 -1.57738694115732 3.27322778065052
2026-09-23T21:02:00.000 -4610.575238838550 3543.225556250630 -3532.158132045170 -5.55035272258354 -2.73864500567929 4.49836384256417
2026-09-23T21:06:00.000 -5759.495007100270 2765.547299609690 -2337.328707670610 -3.96540713051405 -3.70278101404628 5.39798328111751
2026-09-23T21:10:00.000 -6490.744962730820 1787.342551311690 -972.539245235559 -2.09087683951955 -4.39940759964121 5.90588852088476
2026-09-23T21:14:00.000 -6750.789807411700 679.400822894137 463.040787011545 -0.06267852362260 -4.77719933765880 5.98413932955960
2026-09-23T21:18:00.000 -6520.369948575860 -477.888706638164 1864.874643345150 1.97125862997831 -4.80804819623576 5.62631740397524
2026-09-23T21:22:00.000 -5816.044800995340 -1600.436114257940 3130.777898210880 3.86231758265606 -4.48943556976562 4.85832171271484
2026-09-23T21:26:00.000 -4688.978511540610 -2606.653352301260 4168.475085366070 5.47256885537177 -3.84456276368778 3.73626582191508
2026-09-23T21:30:00.000 -3221.122927641740 -3423.424786998150 4902.357484168190 6.68490790397749 -2.92035546799058 2.34202526418865
2026-09-23T21:34:00.000 -1519.186151971570 -3991.407708698000 5278.962081321200 7.41139200510337 -1.78394799425239 0.77712301947192
2026-09-23T21:38:00.000 293.160725547811 -4269.296387407580 5270.801150001940 7.59935960061240 -0.51756199133968 -0.84483346142700
2026-09-23T21:42:00.000 2084.188516679770 -4236.756356255450 4878.306033166180 7.23469269666477 0.78722945483889 -2.40611871391487
2026-09-23T21:46:00.000 3723.553925944610 -3895.940934553460 4129.851732484100 6.34308425627687 2.03570877407700 -3.79296248598179
2026-09-23T21:50:00.000 5091.757920889070 -3271.431581469190 3079.819473590520 4.98873325174851 3.13683760431563 -4.90377219941031
2026-09-23T21:54:00.000 6088.929567431340 -2408.547666418620 1804.737833246040 3.27009333322624 4.00991466783168 -5.65675287637736
2026-09-23T21:58:00.000 6642.278592557550 -1370.108883686250 397.734206909803 1.31300999434856 4.59076649698264 -5.99631453330711
2026-09-23T22:02:00.000 6711.593048282760 -231.826361216051 -1038.347548522550 -0.73862772985076 4.83688175841684 -5.89766258559149
2026-09-23T22:06:00.000 6292.233089196350 923.346010986793 -2398.639176741670 -2.73422766356348 4.73077718329754 -5.36878463067953
2026-09-23T22:10:00.000 5415.345677408370 2011.397552106800 -3584.061426332640 -4.52809475118527 4.28115141971424 -4.44957458536582
2026-09-23T22:14:00.000 4145.332343898870 2953.459304436490 -4508.606751922120 -5.99049329653414 3.52178043834731 -3.20827778386868
2026-09-23T22:18:00.000 2574.882893952000 3681.496244840360 -5105.506430893800 -7.01679147960789 2.50854719663035 -1.73590112384798
2026-09-23T22:22:00.000 818.069821321967 4143.102323250550 -5331.873563825520 -7.53434835039175 1.31498053708582 -0.13922654809987
2026-09-23T22:26:00.000 -997.901248792278 4305.110916473880 -5171.588683464270 -7.50690622469825 0.02692998999850 1.46676752542816
2026-09-23T22:30:00.000 -2741.714427419020 4155.851531053490 -4636.327207984220 -6.93661236944950 -1.26332188096341 2.96672813591392
2026-09-23T22:34:00.000 -4287.181668121230 3705.966335517910 -3764.726968219710 -5.86385795403523 -2.46315039576782 4.25257948279102
2026-09-23T22:38:00.000 -5522.193841418630 2987.738271030710 -2619.748287766360 -4.36499881324866 -3.48589474771893 5.23091428475297
2026-09-23T22:42:00.000 -6356.836317066670 2052.916063331380 -1284.311636649140 -2.54764637305508 -4.25699756122949 5.82986855296255
2026-09-23T22:46:00.000 -6730.080909997340 969.107444284338 144.589336329360 -0.54347654907784 -4.71975606180073 6.00487642308792
2026-09-23T22:50:00.000 -6614.428287518560 -185.088892268711 1562.945901990120 1.50153554175605 -4.83988617999837 5.74243469178527
2026-09-23T22:54:00.000 -6018.049535768940 -1325.827044424390 2867.382320890510 3.43799754240131 -4.60825479086405 5.06133630228973
2026-09-23T22:58:00.000 -4984.235706494480 -2370.189916072820 3962.801856897410 5.12451569879278 -4.04167932245112 4.01132631976921
2026-09-23T23:02:00.000 -3588.168089122940 -3242.284808699660 4769.387991529440 6.43838207477265 -3.18146150380906 2.66913062286614
2026-09-23T23:06:00.000 -1931.339619350760 -3878.754161333270 5228.388039085660 7.28429341730013 -2.09008438575793 1.13245030043229
2026-09-23T23:10:00.000 -134.157065744781 -4233.327794738250 5306.322315736630 7.60086814485338 -0.84660232321597 -0.48705767634805
2026-09-23T23:14:00.000 1672.766957248270 -4280.135615024170 4997.385360642690 7.36488989608982 0.45906714259605 -2.07182749087361
2026-09-23T23:18:00.000 3357.993309272720 -4015.572271566830 4323.875694910360 6.59276029337844 1.73233558012707 -3.50656341518385
2026-09-23T23:22:00.000 4798.731337698450 -3458.650500901270 3334.681252049060 5.33982060665667 2.88044197980759 -4.68632336442423
2026-09-23T23:26:00.000 5889.838495920070 -2649.741153473410 2101.849939378450 3.69699576004966 3.81929803369831 -5.52430431256432
2026-09-23T23:30:00.000 6551.652452521670 -1647.699458377580 715.386813190668 1.78440154472471 4.47994367954772 -5.95864887160479
2026-09-23T23:34:00.000 6735.987413522090 -525.568175941752 -723.369859886625 -0.25742529943915 4.81391467413587 -5.95744932918290
2026-09-23T23:38:00.000 6429.757836948750 634.852366664723 -2109.315482800420 -2.27846304088965 4.79717685863489 -5.52142284813546
2026-09-23T23:42:00.000 5655.845376951450 1749.118002083260 -3341.430608565330 -4.13094956026126 4.43181703402053 -4.68360901793355
2026-09-23T23:46:00.000 4471.194791357220 2736.387544213260 -4330.233232735260 -5.68056275719061 3.74551819746296 -3.50642483870012
2026-09-23T23:50:00.000 2962.375380474100 3525.297594777310 -5004.240212695530 -6.81619384551336 2.78898808012874 -2.07639499844573
2026-09-23T23:54:00.000 1239.083616680380 4059.014105445930 -5314.961939367590 -7.45724850736983 1.63182198115052 -0.49743246806420
2026-09-23T23:58:00.000 -573.829625655554 4299.168077362080 -5240.194206235140 -7.55865698509621 0.35737686213941 1.11662503378617
2026-09-24T00:02:00.000 -2345.241887178210 4228.477544171240 -4785.469232485390 -7.11348546344451 -0.94297145193581 2.64977965399657
2026-09-24T00:06:00.000 -3947.005235829570 3851.943388572660 -3983.635910443140 -6.15332745462172 -2.17594483267217 3.99167540283687
2026-09-24T00:10:00.000 -5263.011295199240 3196.553366952760 -2892.595707964960 -4.74641542775240 -3.25265129442298 5.04510457384230
2026-09-24T00:14:00.000 -6197.534607320990 2309.481426307270 -1591.306572057460 -2.99350616814055 -4.09477690180698 5.73289752755588
2026-09-24T00:18:00.000 -6682.308523536820 1254.830407426000 -174.223214555501 -1.02134594994930 -4.64049752509670 6.00398675773470
2026-09-24T00:22:00.000 -6681.712070890590 109.050534701470 1255.537559201180 1.02647390504482 -4.84945183332967 5.83779127038530
2026-09-24T00:26:00.000 -6195.527035378220 -1044.645506250570 2593.785663499650 3.00040115856404 -4.70601997833867 5.24601999109469
2026-09-24T00:30:00.000 -5259.006343643530 -2122.407758573870 3742.958809135110 4.75628920937847 -4.22053776423466 4.27183785964316
2026-09-24T00:34:00.000 -3940.250232857350 -3045.909692949390 4619.312227031050 6.16626313505691 -3.42837708695554 2.98646178230286
2026-09-24T00:38:00.000 -2335.147453272490 -3748.054239120440 5159.018139066610 7.12799272325202 -2.38713625215217 1.48357760863527
2026-09-24T00:42:00.000 -560.349842466790 -4177.813560886980 5322.742884973380 7.57176946079163 -1.17229279676048 -0.12762977394031
2026-09-24T00:46:00.000 1255.165626973270 -4303.880857298430 5098.447074695720 7.46517436996457 0.12826466873810 -1.73021040183183
2026-09-24T00:50:00.000 2979.372325816380 -4116.922425440500 4502.278705915980 6.81537399351449 1.42038132222792 -3.20762045917171
2026-09-24T00:54:00.000 4486.705331767560 -3630.307246408410 3577.479954066800 5.66880729061609 2.61011576238334 -4.45195462023991
2026-09-24T00:58:00.000 5667.212531045850 -2879.252657045860 2391.361737923940 4.10844028015016 3.61047807760934 -5.37181384356660
2026-09-24T01:02:00.000 6434.704254684470 -1918.358731054700 1030.475349955870 2.24817971628530 4.34798304168301 -5.89932738660563
2026-09-24T01:06:00.000 6733.237653398560 -817.644490004873 -405.732778362621 0.22457444759899 4.76848532315376 -5.99564150706693
2026-09-24T01:10:00.000 6541.332885008720 342.643058705474 -1812.319955628850 -1.81361036958476 4.84147177747959 -5.65414556664316
2026-09-24T01:14:00.000 5873.506761767840 1478.025438905510 -3086.701773554850 -3.71713861325905 4.56237686939214 -4.90090557958630
2026-09-24T01:18:00.000 4779.000426089230 2506.065883055490 -4136.249039240730 -5.34770321929689 3.95260752654673 -3.79220136336401
2026-09-24T01:22:00.000 3337.901777142390 3352.390430819730 -4885.008065072150 -6.58808550167711 3.05742831750865 -2.40975134722448
2026-09-24T01:26:00.000 1655.083151853430 3955.983801366920 -5279.052600343940 -7.35007938904779 1.94215948300895 -0.85422369511810
2026-09-24T01:30:00.000 -147.466618903988 4273.431936629350 -5290.161731915660 -7.57997109495470 0.68727300777301 0.76209585030033
2026-09-24T01:34:00.000 -1939.348887571050 4281.896838580820 -4917.687852045700 -7.26173107311752 -0.61721591014799 2.32302521530377
2026-09-24T01:38:00.000 -3590.953494425950 3980.691615693850 -4188.556959176820 -6.41794629507490 -1.87775518648524 3.71624891182032
2026-09-24T01:42:00.000 -4982.626389127300 3391.376067830040 -3155.416113730890 -5.10857807744898 -3.00358016967483 4.84100347497913
2026-09-24T01:46:00.000 -6013.235760376880 2556.323791826860 -1892.988061763550 -3.42720586214697 -3.91302764367125 5.61518258935237
2026-09-24T01:50:00.000 -6607.573587707760 1535.816196187610 -492.838740941245 -1.49508873703475 -4.53948993668610 5.98148409820035
2026-09-24T01:54:00.000 -6722.032573142140 403.777422198023 943.195395761164 0.54730136057779 -4.83665926162261 5.91225941535640
2026-09-24T01:58:00.000 -6347.988360475020 -757.596068594854 2310.481176629480 2.55079650759709 -4.78239761732172 5.41204787846566
2026-09-24T02:02:00.000 -5512.509565102660 -1863.893481222490 3509.335069902160 4.36902037200013 -4.38049791817585 4.51727556716777
2026-09-24T02:06:00.000 -4276.344065837030 -2834.707960024950 4452.379321877570 5.86946757772436 -3.66028385626345 3.29337640801843
2026-09-24T02:10:00.000 -2729.386854883830 -3599.504704793960 5070.920680827230 6.94318824527774 -2.67414828505056 1.82961264055445
2026-09-24T02:14:00.000 -984.077943329596 -4102.707602849210 5319.893210476360 7.51233167173283 -1.49358880966276 0.23241643608515
2026-09-24T02:18:00.000 832.748383426461 -4307.688699743540 5181.078832376350 7.53549065105179 -0.20405937830390 -1.38226090198924
2026-09-24T02:22:00.000 2588.996675426430 -4199.402189050830 4664.410906293670 7.01046905855163 1.10109459981829 -2.89712188966210
2026-09-24T02:26:00.000 4156.811234306910 -3785.510748442080 3807.329278995330 5.97466975500578 2.32708336367583 -4.20162293084329
2026-09-24T02:30:00.000 5421.871184068980 -3095.930111076540 2672.176057321510 4.50288372663309 3.38437776690533 -5.20006612243154
2026-09-24T02:34:00.000 6291.832202739820 -2180.757527628740 1341.745573992380 2.70239112615946 4.19542291825964 -5.81884868452874
2026-09-24T02:38:00.000 6703.244393309040 -1106.653643579920 -86.762564939153 0.70521572832226 4.70065378308230 -6.01233921370668
2026-09-24T02:42:00.000 6626.338201342500 48.076608002160 -1508.953717605130 -1.34182365363538 4.86325185409722 -5.76664360706975
2026-09-24T02:46:00.000 6067.208672350600 1199.327453216320 -2821.048706522570 -3.28864806940211 4.67198753346066 -5.10070912843022
2026-09-24T02:50:00.000 5067.192551567830 2263.454015386150 -3927.599425706790 -4.99354002794383 4.14184121044263 -4.06448303273688
2026-09-24T02:54:00.000 3699.567232946980 3163.407569444070 -4748.448295077140 -6.33362985876432 3.31236234931360 -2.73454378467453
2026-09-24T02:58:00.000 2063.967107843010 3834.257575181790 -5224.416138187020 -7.21338436836786 2.24430369113596 -1.20799085831339
2026-09-24T03:02:00.000 279.036525993146 4227.734558355500 -5321.366569034120 -7.57071033676291 1.01488112415309 0.40483970867731
2026-09-24T03:06:00.000 -1526.071922220250 4315.536487792460 -5032.473784699510 -7.38055716272700 -0.28766773209076 1.98798078605956
2026-09-24T03:10:00.000 -3220.812002221250 4091.275405428990 -4378.644144289180 -6.65643497462670 -1.56998454522487 3.42759786512353
2026-09-24T03:14:00.000 -4682.456979275530 3570.962080434490 -3407.074797208690 -5.44968951665747 -2.73982570669537 4.61968894027041
2026-09-24T03:18:00.000 -5804.869584698640 2791.971515526680 -2188.007683798390 -3.84650834944252 -3.71247160876320 5.47739851062479
2026-09-24T03:22:00.000 -6506.238739315910 1810.484629696930 -809.804687228361 -1.96226541650520 -4.41689670061731 5.93755244585980
2026-09-24T03:26:00.000 -6735.174140644120 697.537276645903 627.361675355204 0.06637027898427 -4.80115523985680 5.96558442677015
2026-09-24T03:30:00.000 -6474.677270512250 -466.098971115302 2018.800418212060 2.09130301847736 -4.83664524022735 5.55875956756526
2026-09-24T03:34:00.000 -5743.515379761130 -1595.854636277970 3263.061503251220 3.96453625219438 -4.52052768005034 4.74662297608152
2026-09-24T03:38:00.000 -4594.826852593410 -2609.599027293990 4269.436264265100 5.54941008700313 -3.87580826971506 3.58854647516796
2026-09-24T03:42:00.000 -3112.163840308560 -3433.660060118470 4964.603813863170 6.73071088124438 -2.94948701217015 2.16909831392727
2026-09-24T03:46:00.000 -1403.315640528380 -4008.163104964000 5297.925087998820 7.42282348783395 -1.80880595047102 0.59154846963120
2026-09-24T03:50:00.000 407.529163529610 -4291.314849942540 5245.053001826900 7.57545924530748 -0.53630041589504 -1.02956499076678
2026-09-24T03:54:00.000 2188.720189859890 -4262.403448391920 4809.686182564440 7.17712294222778 0.77590398860179 -2.57645021124979
2026-09-24T03:58:00.000 3810.626681934380 -3923.330227970720 4023.345107042170 6.25604843558942 2.03260444168889 -3.93641389260284
2026-09-24T04:02:00.000 5155.020894655710 -3298.555863550340 2943.188798242580 4.87858186144090 3.14212430908181 -5.00980357469620
2026-09-24T04:06:00.000 6123.780598911540 -2433.433628864130 1647.961663270260 3.14494481951928 4.02316243505633 -5.71756539644688
2026-09-24T04:10:00.000 6646.213017744180 -1390.952554082580 232.271794798003 1.18212366493032 4.61100274000642 -6.00744969432802
2026-09-24T04:14:00.000 6684.393081368660 -247.115864686040 -1200.408214554960 -0.86558273787138 4.86264712386758 -5.85837059846236
2026-09-24T04:18:00.000 6235.980136806470 914.722258956609 -2545.484354141920 -2.84788841268168 4.76023271092309 -5.28208513731450
2026-09-24T04:22:00.000 5334.253185808190 2010.082802839720 -3705.028845681320 -4.62017523014151 4.31224970657245 -4.32197754741452
2026-09-24T04:26:00.000 4045.406742806780 2959.592738983700 -4594.964716753610 -6.05444411736084 3.55239046802237 -3.04924265563600
2026-09-24T04:30:00.000 2463.443031649750 3694.697694571520 -5151.064140702260 -7.04825128383169 2.53647216266845 -1.55699552307505
2026-09-24T04:34:00.000 703.208801853486 4162.470317562560 -5333.388607679060 -7.53125208847059 1.33811063556542 0.04668313753774
2026-09-24T04:38:00.000 -1107.879511929040 4329.267930474020 -5128.974484076030 -7.46955477165820 0.04343464623259 1.64639700477170
2026-09-24T04:42:00.000 -2838.853715418070 4183.032847149780 -4552.652355056880 -6.86759068463030 -1.25479833720198 3.12720183903897
2026-09-24T04:46:00.000 -4364.414755133670 3734.158698912420 -3646.019782217480 -5.76797552528109 -2.46330606769230 4.38225357717180
2026-09-24T04:50:00.000 -5573.855551900130 3014.847300103130 -2474.592543315730 -4.24907057131522 -3.49470219546357 5.32027703531251
2026-09-24T04:54:00.000 -6379.099417727000 2076.935667647380 -1123.241472362080 -2.42008438023063 -4.27377847777487 5.87230631791043
2026-09-24T04:58:00.000 -6721.253452921940 988.258056893822 309.861871945959 -0.41352415726687 -4.74330051834198 5.99722444022169
2026-09-24T05:02:00.000 -6575.073707651940 -172.228357034479 1720.377401539360 1.62440573276499 -4.86842549736337 5.68512987446281
2026-09-24T05:06:00.000 -5950.969802457400 -1320.205646743770 3005.480631936990 3.54474651048243 -4.63967239093035 4.95851706750489
2026-09-24T05:10:00.000 -4894.265820677630 -2372.225098635820 4071.480112831240 5.20735335101552 -4.07366957596159 3.87047271129997
2026-09-24T05:14:00.000 -3481.813006201890 -3251.826902926490 4840.696117922370 6.49123785076142 -3.21163678045555 2.50047049630240
2026-09-24T05:18:00.000 -1816.313019686640 -3895.094820253620 5257.099569805120 7.30325715452385 -2.11621474081701 0.94831909830601
2026-09-24T05:22:00.000 -18.810587081641 -4255.258182257710 5290.323018540740 7.58454650957313 -0.86676085971067 -0.67324688874669
2026-09-24T05:26:00.000 1780.045167474750 -4306.033289322020 4937.812564685420 7.31436508023209 0.44635794133438 -2.24651989229874
2026-09-24T05:30:00.000 3449.378174529020 -4043.537859416410 4225.053017636750 6.51165463843885 1.72790112188498 -3.65693299022988
2026-09-24T05:34:00.000 4867.558620222520 -3486.655663758690 3203.818840507450 5.23411362549995 2.88454650024367 -4.80130473045383
2026-09-24T05:38:00.000 5931.109079267990 -2675.760939200570 1948.514859729830 3.57449164486948 3.83163305832979 -5.59543776497842
2026-09-24T05:42:00.000 6562.407254560260 -1669.856864355060 550.797675901001 1.65419388850657 4.49959818713555 -5.98072999052632
2026-09-24T05:46:00.000 6715.532788985260 -542.266844921459 -887.181338036005 -0.38567729129077 4.83947889111882 -5.92894872807816
2026-09-24T05:50:00.000 6379.710077965280 624.822568526842 -2260.405245896150 -2.39530170405187 4.82686232959127 -5.44459098438810
2026-09-24T05:54:00.000 5579.990673920870 1746.504746352980 -3468.829274269530 -4.22786855174220 4.46358194733239 -4.56425822855106
2026-09-24T05:58:00.000 4375.177623395870 2741.427171745240 -4424.744568722220 -5.75067015686784 3.77714667615194 -3.35340749667699
2026-09-24T06:02:00.000 2853.261533911420 3537.686956478780 -5059.091367526500 -6.85460870087651 2.81824292689625 -1.90093748921941
2026-09-24T06:06:00.000 1124.826755826230 4077.924454215610 -5326.269876031900 -7.46146962372987 1.65656525021197 -0.31221202974957
2026-09-24T06:10:00.000 -684.957856769605 4323.281321206400 -5207.201369988280 -7.52853512528274 0.37570116465062 1.29836475881711
2026-09-24T06:14:00.000 -2445.214903838440 4256.064202244010 -4710.582901487990 -7.05119396855608 -0.93255470754765 2.81505826976293
2026-09-24T06:18:00.000 -4028.579976953680 3880.985054117740 -3872.262472281470 -6.06319351462813 -2.17432625135464 4.12860352482506
2026-09-24T06:22:00.000 -5320.228834312090 3224.905988643590 -2752.788802486410 -4.63479017281628 -3.25997139798657 5.14365635245204
2026-09-24T06:26:00.000 -6226.175459438430 2335.055113744660 -1433.212978397260 -2.86844204671420 -4.11046785793633 5.78578569978913
2026-09-24T06:30:00.000 -6680.226342249670 1275.747617300350 -9.345695966929 -0.89195654254954 -4.66336631335579 6.00727809577904
2026-09-24T06:34:00.000 -6649.004910832930 123.782725963487 1415.189097404500 1.15072640940269 -4.87780902501563 5.79121406678885
2026-09-24T06:38:00.000 -6134.529900527090 -1037.173495115840 2736.577105650080 3.11045827428032 -4.73779063555690 5.15294901293836
2026-09-24T06:42:00.000 -5174.115782056390 -2122.736862330530 3858.477124822850 4.84411799947969 -4.25337769847694 4.13901390138452
2026-09-24T06:46:00.000 -3837.612463258910 -3054.013125549840 4699.123312372580 6.22542780435576 -3.45993574368760 2.82354404229685
2026-09-24T06:50:00.000 -2222.201272994120 -3763.346251676970 5197.283080133010 7.15420323354382 -2.41510554579377 1.30238450434945
2026-09-24T06:54:00.000 -445.289057141894 -4199.173260199880 5316.639124267720 7.56306397822750 -1.19456612844767 -0.31390826896537
2026-09-24T06:58:00.000 1363.979339032190 -4329.730359851370 5048.389963028300 7.42213056607280 0.11335488568033 -1.90796762945510
2026-09-24T07:02:00.000 3074.016254969310 -4145.351988619720 4411.892040726570 6.74104451739586 1.41391086934871 -3.36387552610500
2026-09-24T07:06:00.000 4560.272326751860 -3659.231736206980 3453.338816735380 5.56856884181865 2.61247223840654 -4.57525257725749
2026-09-24T07:10:00.000 5714.331121638100 -2906.571748468480 2242.520705623600 3.98964392415020 3.62140599439640 -5.45307047661501
2026-09-24T07:14:00.000 6451.955646845850 -1942.105073776170 867.811213820536 2.11963559096338 4.36664142991255 -5.93255351900870
2026-09-24T07:18:00.000 6719.422707308300 -836.115949110947 -570.330981282824 0.09584438113724 4.79352452326349 -5.97845335489373
2026-09-24T07:22:00.000 6497.554469908140 330.774815276624 -1966.845157929220 -1.93303689196250 4.87113523410136 -5.58793148393358
2026-09-24T07:26:00.000 5803.067616147040 1473.626977883680 -3219.918116849720 -3.81853161330966 4.59460167712933 -4.79066375302400
2026-09-24T07:30:00.000 4687.136098135970 2509.486350137210 -4238.516216648000 -5.42379529791887 3.98515713540805 -3.64613237716735
2026-09-24T07:34:00.000 3231.363992166690 3363.430629712470 -4948.968267469930 -6.63356614702881 3.08799116989157 -2.23854104725932
2026-09-24T07:38:00.000 1541.637231805080 3973.893865496370 -5300.133320326020 -7.36184757268220 1.96848826442719 -0.67027534734358
2026-09-24T07:42:00.000 -259.599064242772 4296.950200536020 -5266.886918647480 -7.55734143299323 0.70737573497774 0.94556012571533
2026-09-24T07:46:00.000 -2042.065550837490 4309.329537794640 -4851.756567549470 -7.20636185866037 -0.60492103256955 2.49289667674434
2026-09-24T07:50:00.000 -3676.820792172750 4010.029408791990 -4084.721701548250 -6.33372705818433 -1.87429244282277 3.86033689604373
2026-09-24T07:54:00.000 -5045.386872856670 3420.444722049160 -3021.160904355000 -5.00137047648048 -3.00927081199149 4.94884730447009
2026-09-24T07:58:00.000 -6048.257266180720 2582.969341009390 -1738.032574097610 -3.30466452120398 -3.92738746932224 5.67875550906816
2026-09-24T08:02:00.000 -6612.233521735810 1558.083735320290 -328.449243400642 -1.36617677859250 -4.56137711326860 5.99603408038723
2026-09-24T08:06:00.000 -6695.936485673040 420.047217164823 1105.047564278840 0.67311588600353 -4.86444558071802 5.87669400364517
2026-09-24T08:10:00.000 -6292.994359811440 -748.502551304524 2458.004791498210 2.66431417606401 -4.81404761266625 5.32893584169561
2026-09-24T08:14:00.000 -5432.590512695140 -1862.631585405850 3631.780184053570 4.46193842368434 -4.41371293448206 4.39267495517077
2026-09-24T08:18:00.000 -4177.295398031140 -2841.365059952940 4540.819751780570 5.93497048046237 -3.69266181625310 3.13634294835672
2026-09-24T08:22:00.000 -2618.409231950340 -3613.598828733940 5118.912047802620 6.97649323961515 -2.70337286570871 1.65163286121060
2026-09-24T08:26:00.000 -869.232179813713 -4123.223815562290 5323.939201258410 7.51107167586738 -1.51754675530620 0.04640692195050
2026-09-24T08:30:00.000 943.124333386306 -4333.136322578640 5140.866784178460 7.49971323331959 -0.22093404279801 -1.56280860884073
2026-09-24T08:34:00.000 2686.872195543810 -4227.917399817970 4582.855460287200 6.94271050662271 1.09255932415409 -3.05898315902513
2026-09-24T08:38:00.000 4235.057088624550 -3815.006544382050 3690.373383857480 5.87984611341121 2.32749205740690 -4.33294958663284
2026-09-24T08:42:00.000 5474.786341056830 -3124.251819644250 2528.355469573340 4.38790672146003 3.39369312570559 -5.29123168683922
2026-09-24T08:46:00.000 6315.565116776580 -2205.840070324530 1181.570808723520 2.57569338681694 4.21292538815305 -5.86312409981179
2026-09-24T08:50:00.000 6696.096686223200 -1126.678872859930 -251.576546753399 0.57617418496363 4.72503495677001 -6.00649568348726
2026-09-24T08:54:00.000 6588.895878468360 34.555320356932 -1666.365618968120 -1.46367408985835 4.89274494717594 -5.71120456678033
2026-09-24T08:58:00.000 6002.288464088820 1193.292678432810 -2959.590619145990 -3.39438751349979 4.70451474252434 -4.99988936891811
2026-09-24T09:02:00.000 4979.605695883820 2265.361629749620 -4037.218162777740 -5.07555739059565 4.17510691454776 -3.92577059832005
2026-09-24T09:06:00.000 3595.742020018360 3173.150906242880 -4821.224081016790 -6.38614542530161 3.34400084993085 -2.56810646384285
2026-09-24T09:10:00.000 1951.461145354320 3851.165333537280 -5255.109309323620 -7.23279671196133 2.27199270162820 -1.02585854348956
2026-09-24T09:14:00.000 165.998018089294 4250.599057536080 -5307.768496381230 -7.55571403673842 1.03650864480798 0.58957311416460
2026-09-24T09:18:00.000 -1631.467529295320 4342.691290861440 -4975.560632217110 -7.33224661847509 -0.27377873767333 2.16203224921902
2026-09-24T09:22:00.000 -3310.934166011810 4120.717020588510 -4282.502262874480 -6.57821122246816 -1.56494974737810 3.57847598709559
2026-09-24T09:26:00.000 -4750.744843284610 3600.499689137340 -3278.617845809810 -5.34703743131472 -2.74407133210972 4.73645525842990
2026-09-24T09:30:00.000 -5846.299534735640 2819.400507308890 -2036.506988878860 -3.72668103813868 -3.72567578905341 5.55145796500119
2026-09-24T09:34:00.000 -6517.704208777040 1833.771902798570 -646.250427955836 -1.83393082205785 -4.43796657937263 5.96328621291401
2026-09-24T09:38:00.000 -6715.771130893260 714.985567039603 791.057408978909 0.19367481775367 -4.82844276992035 5.94102759941189
2026-09-24T09:42:00.000 -6425.787648879430 -455.749976683080 2170.712130479110 2.20820865931927 -4.86815855073910 5.48571790049542
2026-09-24T09:46:00.000 -5668.686905762980 -1593.348536469180 3392.124322644790 4.06244529208722 -4.55397524308953 4.63043097474977
2026-09-24T09:50:00.000 -4499.515884322390 -2615.116108357920 4366.259636105870 5.62113936867084 -3.90882189001151 3.43772127236701
2026-09-24T09:54:00.000 -3003.324523013400 -3446.813294387460 5022.156740030120 6.77103674524048 -2.97972650749531 1.99467761568198
2026-09-24T09:58:00.000 -1288.879410075660 -4028.019835995400 5312.048006396710 7.42886400322300 -1.83409088707385 0.40626739551562
2026-09-24T10:02:00.000 519.239997080017 -4316.459583362970 5214.751690782640 7.54686314832750 -0.55480687304438 -1.21223904723233
2026-09-24T10:06:00.000 2289.595786430170 -4291.028290697950 4737.183957236100 7.11595786776653 0.76559585815566 -2.74330374541186
2026-09-24T10:10:00.000 3893.330197105970 -3953.364496715810 3913.934828425020 6.16670950955548 2.03123347260086 -4.07523363762653
2026-09-24T10:14:00.000 5213.538824313040 -3327.830123095580 2804.868953754320 4.76761297609698 3.14979372767861 -5.11041417337298
2026-09-24T10:18:00.000 6153.871609628630 -2459.831537288550 1490.851016787300 3.02049197651665 4.03931089125423 -5.77257732863524
2026-09-24T10:22:00.000 6645.732388542290 -1412.570878882330 67.867191082804 1.05339458295621 4.63444031811946 -6.01285942804668
2026-09-24T10:26:00.000 6653.455184183670 -262.397756991797 -1360.092162106020 -0.98909798572022 4.89170018118200 -5.81388039869566
2026-09-24T10:30:00.000 6176.938414003350 906.886761380852 -2688.806423320510 -2.95714687874552 4.79286989189287 -5.19109293942732
2026-09-24T10:34:00.000 5251.500176519510 2010.281992013070 -3821.581216201470 -4.70733043526997 4.34616922598254 -4.19127411784702
2026-09-24T10:38:00.000 3945.023685041940 2967.842617818930 -4676.317591593040 -6.11334006309331 3.58515035309802 -2.88841177862347
2026-09-24T10:42:00.000 2352.748808520510 3710.430076485700 -5191.354269702430 -7.07478819289856 2.56568407546197 -1.37771399787071
2026-09-24T10:46:00.000 590.229287404812 4184.567765257500 -5329.720422641600 -7.52366153911958 1.36159978939956 0.23151846125316
2026-09-24T10:50:00.000 -1214.975070649210 4356.127801423940 -5081.605108163890 -7.42839647738988 0.05937126073857 1.82354374557262
2026-09-24T10:54:00.000 -2932.308140137410 4212.681145969460 -4464.978505699860 -6.79574949900230 -1.24765130615299 3.28388863409451
2026-09-24T10:58:00.000 -4437.434299218660 3764.400458417490 -3524.349379753620 -5.67053188673580 -2.46554964770375 4.50714394776276
2026-09-24T11:02:00.000 -5621.091207825100 3043.430511143400 -2327.705017313320 -4.13293780215663 -3.50619402072550 5.40423181823617
2026-09-24T11:06:00.000 -6397.041304610160 2101.732308261270 -961.771164834504 -2.29357434876104 -4.29363010795299 5.90910548182172
2026-09-24T11:10:00.000 -6708.502002755810 1007.440746580100 474.183125465968 -0.28584130123872 -4.76992019566062 5.98401266492383
2026-09-24T11:14:00.000 -6532.485404405820 -160.047455848336 1875.578091101490 1.74382114842439 -4.89979433407807 5.62279652002488
2026-09-24T11:18:00.000 -5881.604794439480 -1315.895835160410 3140.246292051240 3.64709005306530 -4.67349317195941 4.85160224095364
2026-09-24T11:22:00.000 -4803.159127939160 -2376.081753051140 4175.990041258910 5.28507437815885 -4.10749546086421 3.72681001763732
2026-09-24T11:26:00.000 -3375.598186708030 -3263.560113395380 4907.343966908840 6.53864220861175 -3.24305912032968 2.33055467504383
2026-09-24T11:30:00.000 -1702.725482315820 -3913.855043414520 5281.045682226610 7.31692697090201 -2.14299466844604 0.76455909038837
2026-09-24T11:34:00.000 93.888561005675 -4279.688260978860 5269.836501771080 7.56351992618398 -0.88693692128760 -0.85749895157384
2026-09-24T11:38:00.000 1883.664615100690 -4334.359640854940 4874.392715586360 7.26019922200204 0.43427105444270 -2.41786739252190
2026-09-24T11:42:00.000 3536.390055177580 -4073.690997924320 4123.314786261560 6.42824738641638 1.72486812166089 -3.80295364248121
2026-09-24T11:46:00.000 4931.620637424010 -3516.421096926220 3071.166913514490 5.12743404572688 2.89077804068432 -4.91130797497914
2026-09-24T11:50:00.000 5967.538688203280 -2702.964471440260 1794.625012535750 3.45231773562661 3.84660994582976 -5.66131866959350
2026-09-24T11:54:00.000 6568.548332464540 -1692.525483575880 386.912483575657 1.52552805169737 4.52217588028616 -5.99763368457219
2026-09-24T11:58:00.000 6690.963777236480 -558.764922599584 -1049.089686671970 -0.51135112388361 4.86801143518196 -5.89568730341420
2026-09-24T12:02:00.000 6326.263973145530 615.684682926129 -2408.526945062200 -2.50879678686066 4.85929331866895 -5.36367978866357
2026-09-24T12:06:00.000 5501.608138502930 1745.386300895420 -3592.382378210170 -4.32091321926202 4.49758055165838 -4.44170710787951
2026-09-24T12:10:00.000 4277.604304202920 2748.416570536560 -4514.765868438110 -5.81660462938928 3.81031323383062 -3.19823914901411
2026-09-24T12:14:00.000 2743.598909075160 3552.295353130610 -5109.064807129140 -6.88882989685810 2.84817305555189 -1.72439231922177
2026-09-24T12:18:00.000 1011.017927074670 4099.100290489680 -5332.568520170500 -7.46160047334956 1.68101347597348 -0.12699890939818
2026-09-24T12:22:00.000 -794.684494329351 4349.474438505800 -5169.340419769780 -7.49458877235827 0.39278972141874 1.47893286970065
2026-09-24T12:26:00.000 -2542.917604546860 4285.333217037930 -4631.248518827410 -6.98551951116894 -0.92418298155758 2.97801129725379
2026-09-24T12:30:00.000 -4107.148731741020 3911.145370076240 -3757.130981852590 -5.97035796385034 -2.17531605979175 4.26213668890739
2026-09-24T12:34:00.000 -5373.898083536450 3253.707339034100 -2610.144111695990 -4.52137644416032 -3.27023470727978 5.23797643998367
2026-09-24T12:38:00.000 -6250.960250809590 2360.351578852690 -1273.370732204060 -2.74261639668763 -4.12922364122197 5.83387719116623
2026-09-24T12:42:00.000 -6674.232735812310 1295.659111038140 156.091023473823 -0.76285972966785 -4.68920432204756 6.00549788226027
2026-09-24T12:46:00.000 -6612.579430693200 136.834099165725 1574.174270012860 1.27366001408071 -4.90877246818594 5.73953804846253
2026-09-24T12:50:00.000 -6070.258894661610 -1031.936266064610 2877.506157874620 3.21812097364680 -4.77153734224799 5.05508383186644
2026-09-24T12:54:00.000 -5086.650844410990 -2125.686675918150 3971.064738478560 4.92855034233745 -4.28744054613298 4.00216056797872
2026-09-24T12:58:00.000 -3733.306754665730 -3064.924830405550 4775.163441378790 6.28046675364297 -3.49181224817672 2.65769611595674
2026-09-24T13:02:00.000 -2108.644371147940 -3781.413235371800 5231.235602049390 7.17578489342920 -2.44250169657285 1.11965758402664
2026-09-24T13:06:00.000 -330.747011704584 -4223.077266762330 5306.039384890870 7.54964769858648 -1.21551580813404 -0.50018479891733
2026-09-24T13:10:00.000 1471.175719889270 -4357.729758192670 4994.013848867490 7.37470162824236 0.10039004742071 -2.08426734846636
2026-09-24T13:14:00.000 3166.067923745040 -4175.402142581240 4317.699343248110 6.66304052714400 1.40989521962880 -3.51735157554692
2026-09-24T13:18:00.000 4630.479656008860 -3689.128985852220 3326.192705971300 5.46564123675125 2.61776275879622 -4.69469836613799
2026-09-24T13:22:00.000 5757.575692503810 -2934.113907942470 2091.696752485750 3.86925411855553 3.63561251547789 -5.52972341514873
2026-09-24T13:26:00.000 6465.080976051650 -1965.270329571980 704.324389572692 1.99057625353319 4.38867670217376 -5.96077061156126
2026-09-24T13:30:00.000 6701.480155911300 -853.213579802244 -734.533482330555 -0.03239693973470 4.82173888747191 -5.95616941410982
2026-09-24T13:34:00.000 6449.881722746460 320.986729228463 -2119.771066414350 -2.05101622073257 4.90346611160129 -5.51683912703529
2026-09-24T13:38:00.000 5729.185185078920 1471.863496507170 -3350.422578001210 -3.91764064021290 4.62874257524763 -4.67607401474892
2026-09-24T13:42:00.000 4592.460731897830 2515.888963160560 -4337.115238074960 -5.49692248699479 4.01865130636672 -3.49647597681028
2026-09-24T13:46:00.000 3122.797532840370 3377.549391874440 -5008.513483320280 -6.67551641192339 3.11840987037314 -2.06473747207935
2026-09-24T13:50:00.000 1427.055823772250 3994.718610207490 -5316.312541485420 -7.36973684028220 1.99359857711005 -0.48487099368801
2026-09-24T13:54:00.000 -371.909649848466 4322.967074545850 -5238.504498779090 -7.53063881624934 0.72524769529444 1.12926406799128
2026-09-24T13:58:00.000 -2143.978339320740 4338.619581191760 -4780.819087807570 -7.14692623446966 -0.59569925244956 2.66167251250718
2026-09-24T14:02:00.000 -3760.934357075140 4040.411832751110 -3976.304673458800 -6.24570551050831 -1.87447405624103 4.00198355236858
2026-09-24T14:06:00.000 -5105.547927996790 3449.647183935240 -2883.063979341850 -4.89097940214080 -3.01886191956766 5.05301007038674
2026-09-24T14:10:00.000 -6080.013134592280 2608.808455267210 -1580.234028180870 -3.17977468384168 -3.94563525932302 5.73773569721462
2026-09-24T14:14:00.000 -6613.178130149030 1578.641241394900 -162.403196272633 -1.23589015532996 -4.58686481020713 6.00533591844162
2026-09-24T14:18:00.000 -6665.924432993600 433.803685081296 1267.245977758780 0.79920092409312 -4.89528564815764 5.83551127432969
2026-09-24T14:22:00.000 -6234.164080022560 -742.566952996103 2604.522345116700 2.77690047334015 -4.84798024093133 5.24024573788421
2026-09-24T14:26:00.000 -5349.200521462030 -1864.961930174970 3751.927209039820 4.55275653242669 -4.44823791525024 4.26296509257396
2026-09-24T14:30:00.000 -4075.404097749700 -2851.797594665180 4625.839454531040 5.99739745422436 -3.72523938068049 2.97511384475120
2026-09-24T14:34:00.000 -2505.421188435690 -3631.374812623120 5162.607597420370 7.00596638692254 -2.73161577578394 1.47060035606830
2026-09-24T14:38:00.000 -753.370246852185 -4147.047379039640 5323.122884510680 7.50539643734588 -1.53939605076348 -0.14121352597193
2026-09-24T14:42:00.000 1053.422914990740 -4361.273565723900 5095.604069758940 7.45931560776943 -0.23481273696311 -1.74330955562843
2026-09-24T14:46:00.000 2783.580300760460 -4258.320725347210 4496.450715286800 6.87054066401488 1.08767532107476 -3.21924282309727
2026-09-24T14:50:00.000 4311.131675801060 -3845.459086255940 3569.122976663780 5.78111409705935 2.33197659480814 -4.46128602015854
2026-09-24T14:54:00.000 5524.680627179790 -3152.527311554930 2381.110142564360 4.26982204863466 3.40723522369461 -5.37818022516271
2026-09-24T14:58:00.000 6335.655642692710 -2229.870970758720 1019.093467707430 2.44693600698991 4.23454445073991 -5.90233313451451
2026-09-24T15:02:00.000 6684.941822900280 -1144.704095314770 -417.411858363797 0.44615706592632 4.75314939437676 -5.99509802909233
2026-09-24T15:06:00.000 6547.346336249390 23.853820761592 -1823.443463370110 -1.58538640559293 4.92529361428510 -5.65008968177937
2026-09-24T15:10:00.000 5933.424828471140 1190.703433278920 -3096.457061612160 -3.49890308909493 4.73916258482035 -4.89363029470666
2026-09-24T15:14:00.000 4888.491937852160 2271.092089455610 -4143.922890554820 -5.15534774510369 4.20936963517857 -3.78223205736436
2026-09-24T15:18:00.000 3489.032964201490 3186.809797598020 -4890.033769791520 -6.43555219100553 3.37540428036726 -2.39777798418773
2026-09-24T15:22:00.000 1836.909647901690 3871.783241261610 -5281.044419140010 -7.24836292206038 2.29822109672621 -0.84106709887161
2026-09-24T15:26:00.000 51.899074781336 4276.689784972610 -5288.945559385860 -7.53640965867126 1.05559324119034 0.77552119021735
2026-09-24T15:30:00.000 -1736.862509801600 4372.349171587470 -4913.309983808580 -7.27944018431458 -0.26333797311236 2.33579586762543
2026-09-24T15:34:00.000 -3399.980980159070 4151.752233346300 -4181.281494529520 -6.49559059515126 -1.56398940950350 3.72748203930695
2026-09-24T15:38:00.000 -4816.951067751610 3630.609839015940 -3145.714523012300 -5.24045202799685 -2.75269431159621 4.84984584981743
2026-09-24T15:42:00.000 -5884.797456326930 2846.350002839860 -1881.530596472140 -3.60376599084063 -3.74322243882134 5.62086095535538
2026-09-24T15:46:00.000 -6525.628535100240 1855.565221867050 -480.449904239588 -1.70362182685699 -4.46312130899462 5.98351417485724
2026-09-24T15:50:00.000 -6692.480843797720 730.014917365405 955.613077205965 0.32186946775816 -4.85928738619868 5.91046130415033
2026-09-24T15:54:00.000 -6372.947424843690 -448.579184357916 2322.017035624750 2.32472460015136 -4.90241102002010 5.40655226584163
2026-09-24T15:58:00.000 -5590.155240266190 -1594.567875907370 3519.151191877210 4.15872242234437 -4.58922882046038 4.50852822201733
2026-09-24T16:02:00.000 -4401.019727561570 -2624.662817532710 4459.765671106050 5.69023399547665 -3.94253549896970 3.28199663007647
2026-09-24T16:06:00.000 -2892.026518084010 -3464.012890016750 5075.341898130810 6.80796894151125 -3.00938961325375 1.81644685199603
2026-09-24T16:10:00.000 -1172.872468758880 -4051.630458767180 5321.042745760590 7.43092986779323 -1.85752369370823 0.21849043835892
2026-09-24T16:14:00.000 631.513711561636 -4344.767472516360 5178.897756208010 7.51386547775359 -0.57027662739809 -1.39591149033533
2026-09-24T16:18:00.000 2389.955225950520 -4321.974480749620 4659.092801928460 7.05027917865733 0.75921351720226 -2.90945190939526
2026-09-24T16:22:00.000 3974.462065947450 -3984.695315117160 3799.300390389970 6.07313018324506 2.03444103382485 -4.21174940853714
2026-09-24T16:26:00.000 5269.522436214360 -3357.252819405240 2662.055690117080 4.65290764255477 3.16238527483239 -5.20726343009312
2026-09-24T16:30:00.000 6180.622375145100 -2485.194995684360 1330.303075255680 2.89310784543437 4.06033703967407 -5.82260815155491
2026-09-24T16:34:00.000 6641.323958750500 -1432.021744968550 -98.672172840513 0.92271599554877 4.66238919415862 -6.01245894731429
2026-09-24T16:38:00.000 6618.249067349950 -274.508391038360 -1520.453682877870 -1.11348236965719 4.92454560697948 -5.76312821795004
2026-09-24T16:42:00.000 6113.556608724650 903.011350266878 -2831.292782544960 -3.06612673758222 4.82823950897407 -5.09382481050702
2026-09-24T16:46:00.000 5164.615276091350 2014.945320977960 -3935.832982392250 -4.79302627164784 4.38152786141088 -4.05471570036089
2026-09-24T16:50:00.000 3840.995843448010 2980.736055334490 -4754.060883004040 -6.16966029640644 3.61795775858640 -2.72259316222743
2026-09-24T16:54:00.000 2239.146540807310 3730.648802321310 -5226.977375918440 -7.09779169904401 2.59354481832344 -1.19466104249242
2026-09-24T16:58:00.000 475.286546796930 4210.669058965330 -5320.655819538570 -7.51176767679501 1.38245497599252 0.41860918109117
2026-09-24T17:02:00.000 -1322.940407495700 4386.230399325380 -5028.506461519680 -7.38250100919643 0.07164180037413 2.00118657856306
2026-09-24T17:06:00.000 -3025.482779763740 4244.592547264410 -4371.671287856760 -6.71911823570195 -1.24495345534261 3.43928304207154
2026-09-24T17:10:00.000 -4509.051547814730 3795.780046915060 -3397.567722281360 -5.56859619392585 -2.47264967560369 4.62899083685231
2026-09-24T17:14:00.000 -5665.924102234380 3071.976087601850 -2176.627228053050 -4.01301888235809 -3.52256296435456 5.48359771317844
2026-09-24T17:18:00.000 -6411.795971703210 2125.353738760500 -797.368948521646 -2.16438374483730 -4.31803800361645 5.94007528679360
2026-09-24T17:22:00.000 -6692.085315815650 1024.414568448300 639.939398610192 -0.15687151638171 -4.80057136272240 5.96425113490077
2026-09-24T17:26:00.000 -6486.094145111560 -150.959499415293 2030.607660919710 1.86309751648219 -4.93445414926763 5.55371293998784
2026-09-24T17:30:00.000 -5808.642300986470 -1315.356842433370 3273.249503666820 3.74786959368977 -4.70964776911761 4.73827794160518
2026-09-24T17:34:00.000 -4708.980303197330 -2384.144778594620 4277.295730249130 5.36003013523191 -4.14259879038056 3.57761270844826
2026-09-24T17:38:00.000 -3267.082030037200 -3279.670464613470 4969.608410985520 6.58247194828302 -3.27460198761924 2.15638170823056
2026-09-24T17:42:00.000 -1587.757186985520 -3936.867609827600 5299.753577876480 7.32653490385659 -2.16860364225845 0.57796145550272
2026-09-24T17:46:00.000 206.957510963167 -4307.934294027470 5243.618054984330 7.53816990019175 -0.90466300045079 -1.04300762604748
2026-09-24T17:50:00.000 1986.605797038460 -4365.772374301650 4805.135434022930 7.20164313154133 0.42577751944985 -2.58882335538863
2026-09-24T17:54:00.000 3621.686748953330 -4105.963961303770 4016.041396974990 6.34065813790372 1.72624066473114 -3.94684714146255
2026-09-24T17:58:00.000 4993.029026908870 -3547.183417840890 2933.691057238490 5.01717518784620 2.90191590912603 -5.01754157547404
2026-09-24T18:02:00.000 6000.557460596610 -2729.958709114470 1636.987798131010 3.32745158348728 3.86666771413411 -5.72205520938307
2026-09-24T18:06:00.000 6570.761385555810 -1713.783286317360 220.641768542975 1.39528111810794 4.54962281548795 -6.00840780364219
2026-09-24T18:10:00.000 6662.237386532690 -572.744870648934 -1211.842761127420 -0.63733664327378 4.90084838123440 -5.85579901452903
2026-09-24T18:14:00.000 6268.746891176500 610.000382227876 -2555.895415931150 -2.62126003744329 4.89517246849693 -5.27617832438327
2026-09-24T18:18:00.000 5419.553076496160 1748.423848352790 -3713.659632971070 -4.41169725052105 4.53394807278210 -4.31313358081653
2026-09-24T18:22:00.000 4177.032424939090 2759.980459299690 -4601.179361117630 -5.87920915394180 3.84457316785613 -3.03807032850729
2026-09-24T18:26:00.000 2631.845751876600 3571.581100735440 -5154.396636897930 -6.91885972902646 2.87787367690686 -1.54429623014364
2026-09-24T18:30:00.000 896.196810341435 4124.748102221000 -5333.580199204470 -7.45699859892169 1.70400659709891 0.06000102879756
2026-09-24T18:34:00.000 -904.261285034484 4379.661340600440 -5125.991720540290 -7.45575692202124 0.40738677813835 1.65936956540631
2026-09-24T18:38:00.000 -2639.324814512600 4317.899388608060 -4546.695197437100 -6.91527110910222 -0.91908431942434 3.13885965070795
2026-09-24T18:42:00.000 -4183.412072157530 3943.743269229650 -3637.510485958730 -5.87375478740415 -2.18016102502760 4.39173010515141
2026-09-24T18:46:00.000 -5424.494193107500 3283.973446786630 -2464.142974503350 -4.40538141980383 -3.28470279973760 5.32687272430051
2026-09-24T18:50:00.000 -6272.220195407090 2386.090374554670 -1111.603506653150 -2.61563561141173 -4.15225028862946 5.87554911993224
2026-09-24T18:54:00.000 -6664.622630592340 1315.008522323160 321.844255408686 -0.63418089214213 -4.71909385162389 5.99682905888880
2026-09-24T18:58:00.000 -6572.834282135700 148.398257753254 1731.831811910560 1.39455883706250 -4.94337321233767 5.68116411834392
2026-09-24T19:02:00.000 -6003.324591863300 -1028.999434395760 3015.585745977300 3.32241898260077 -4.80839843579963 4.95131066033474
2026-09-24T19:06:00.000 -4997.450807980230 -2131.603937965170 4079.522068473710 5.00867697393498 -4.32392200860949 3.86060067190410
2026-09-24T19:10:00.000 -3628.372215787700 -3079.289119758470 4846.125177344030 6.33068438123871 -3.52529787037858 2.48870725314317
2026-09-24T19:14:00.000 -1995.617256361360 -3803.206629389920 5259.561741314560 7.19262487365862 -2.47053199632943 0.93549534912246
2026-09-24T19:18:00.000 -217.822914550135 -4250.720824866200 5289.662351878760 7.53194288256529 -1.23591303890470 -0.68630128146340
2026-09-24T19:22:00.000 1575.797217494110 -4389.184294209670 4934.082429030070 7.32361461593535 0.08923913446720 -2.25889324818286
2026-09-24T19:26:00.000 3254.754312239620 -4208.327199588640 4218.519976270790 6.58211041330107 1.40887593064889 -3.66778150696363
2026-09-24T19:30:00.000 4696.715261627270 -3721.071019053520 3194.944562774250 5.36061384399722 2.62690889491672 -4.80984945382553
2026-09-24T19:34:00.000 5796.461866310860 -2962.706847351570 1937.930859961310 3.74776902859624 3.65419612497747 -5.60104614129976
2026-09-24T19:38:00.000 6473.720630847080 -1988.407238886890 539.268440241256 1.86157616134556 4.41526374785940 -5.98294170557638
2026-09-24T19:42:00.000 6679.217063909270 -869.205882898068 -898.813411310346 -0.15931615311766 4.85432373014223 -5.92759016874752
2026-09-24T19:46:00.000 6398.349080779640 313.299637980290 -2271.287547680920 -2.16651137060913 4.93966946187892 -5.43973109758842
2026-09-24T19:50:00.000 5652.160323347000 1473.038478911410 -3478.152360744520 -4.01328251849280 4.66594169843984 -4.55619475378011
2026-09-24T19:54:00.000 4495.576020727220 2525.844175853960 -4431.800346190490 -5.56578275795118 4.05418573834839 -3.34268374057161
2026-09-24T19:58:00.000 3013.112011826840 3395.577613368990 -5063.324254730200 -6.71269732489851 3.14974422937366 -1.88827211161068
2026-09-24T20:02:00.000 1312.533231544060 4019.535101631680 -5327.320887633560 -7.37263614472311 2.01849611189717 -0.29853238776018
2026-09-24T20:06:00.000 -482.976626919144 4352.802278141390 -5204.950754271790 -7.49912618017825 0.74191630011692 1.31202792683816
2026-09-24T20:10:00.000 -2243.560484172800 4371.337813744760 -4705.157131197290 -7.08331199309839 -0.58849706396324 2.82768940648025
2026-09-24T20:14:00.000 -3841.831354077990 4073.659015991340 -3864.024511727110 -6.15454435395242 -1.87729866003357 4.13925694828810
2026-09-24T20:18:00.000 -5161.899225826140 3481.026485390170 -2742.315822628960 -4.77884303827385 -3.03150320515655 5.15150449747985
2026-09-24T20:22:00.000 -6107.744196916820 2636.059087936290 -1421.256408771860 -3.05486968462653 -3.96720115779855 5.79022476814374
2026-09-24T20:26:00.000 -6610.301997240750 1599.792507070680 3.232766600163 -1.10728980999165 -4.61581431928363 6.00798540142829
2026-09-24T20:30:00.000 -6632.681630794850 447.330266237138 1427.476445738660 0.92209382689348 -4.92948180601668 5.78808952784995
2026-09-24T20:34:00.000 -6173.025468188470 -737.632311116143 2747.676043656030 2.88503948083120 -4.88495840555615 5.14624557950445
2026-09-24T20:38:00.000 -5264.681124374830 -1868.977943265700 3867.593850882920 4.63828448353144 -4.48540856757888 4.12931621275548
2026-09-24T20:42:00.000 -3973.701029165160 -2864.489990429640 4705.623399711380 6.05420933348711 -3.75992766471225 2.81156718104366
2026-09-24T20:46:00.000 -2393.954887690040 -3651.838726516660 5200.724899408270 7.03003848322680 -2.76129358491518 1.28903947448863
2026-09-24T20:50:00.000 -640.240479304984 -4173.805915978970 5316.809768356480 7.49511992126663 -1.56182621589175 -0.32767250910252
2026-09-24T20:54:00.000 1160.015257954810 -4392.357932118140 5045.293011054530 7.41542197734739 -0.24818098088837 -1.92128795600363
2026-09-24T20:58:00.000 2875.879485118350 -4291.407455944180 4405.740759032390 6.79601314258649 1.08447074826592 -3.37585551864292
2026-09-24T21:02:00.000 4382.370794898320 -3878.059472072590 3444.560600867250 5.68118561630406 2.33919901275696 -4.58502762786564
2026-09-24T21:06:00.000 5569.589553467450 -3182.198002033160 2231.736153140770 4.15165658478673 3.42426308036600 -5.45991197117054
2026-09-24T21:10:00.000 6350.866453833300 -2254.409175589380 855.792968101772 2.31915401883911 4.25999688024095 -5.93591855993668
2026-09-24T21:14:00.000 6669.281375353050 -1162.315178665260 -582.705601296882 0.31828853452618 4.78506653965961 -5.97803562831565
2026-09-24T21:18:00.000 6501.935923683680 14.446495902016 -1978.662446027170 -1.70389997170437 4.96131595795422 -5.58372806196922
2026-09-24T21:22:00.000 5861.574882544100 1190.174012142950 -3230.296862668280 -3.59937210797173 4.77667506082989 -4.78294117679554
2026-09-24T21:26:00.000 4795.441740595020 2279.474458249540 -4246.666271166000 -5.23047521465616 4.24567798202551 -3.63538276241805
2026-09-24T21:30:00.000 3381.554305748610 3203.499820251290 -4954.247366544130 -6.47994149237856 3.40790802946319 -2.22551331491341
2026-09-24T21:34:00.000 1722.803735896070 3895.580169189370 -5302.105592264090 -7.25887732581236 2.32458174528134 -0.65591394523742
2026-09-24T21:38:00.000 -60.569074238059 4305.881188240580 -5265.360056761130 -7.51233976922027 1.07391756344036 0.96016587611855
2026-09-24T21:42:00.000 -1839.558502468590 4404.834970102640 -4846.809536878980 -7.22257134291922 -0.25438061364737 2.50661190233974
2026-09-24T21:46:00.000 -3485.480896246300 4185.188910522050 -4076.692531017610 -6.41002186457857 -1.56507875498186 3.87214424408316
2026-09-24T21:50:00.000 -4879.065326091790 3662.574719245750 -3010.618312721920 -5.13231136999973 -2.76380009478172 4.95785248284445
2026-09-24T21:54:00.000 -5919.013767513480 2874.521614017260 -1725.734180066630 -3.48083436499086 -3.76352808924129 5.68428452856668
2026-09-24T21:58:00.000 -6529.456945118820 1877.906341065160 -315.289559476968 -1.57489121749919 -4.49110447806806 5.99763869868015
2026-09-24T22:02:00.000 -6665.665591832890 744.912605388189 1118.106956265290 0.44694291626140 -4.89296572743193 5.87425740762790
2026-09-24T22:06:00.000 -6317.467517799040 -442.207573143546 2470.011341562500 2.43706747097592 -4.93934207000781 5.32266026884656
2026-09-24T22:10:00.000 -5510.074886996390 -1597.179294877530 3641.866888034210 4.25012111760887 -4.62670111176404 4.38306144029973
2026-09-24T22:14:00.000 -4302.202324435360 -2636.063356170320 4548.275431852910 5.75403858829938 -3.97787005359572 3.12416678336415
2026-09-24T22:18:00.000 -2781.681104581550 -3483.381618909310 5123.217917720010 6.83966409598103 -3.04004542880209 1.63771193851588
2026-09-24T22:22:00.000 -1059.021789961000 -4077.561885202930 5324.795484624320 7.42827433019954 -1.88121085467094 0.03176766807339
2026-09-24T22:26:00.000 740.603726201615 -4375.358469369810 5138.231271742160 7.47708965133473 -0.58515394945566 -1.57710522162837
2026-09-24T22:30:00.000 2486.360647251550 -4354.945744485160 4576.922435990600 6.98196613382567 0.75440315820150 -3.07201890763050
2026-09-24T22:34:00.000 4051.142499904130 -4017.561188748270 3681.552127684430 5.97803462036512 2.04011946317667 -4.34383176646468
2026-09-24T22:38:00.000 5320.828628106110 -3387.538869992930 2517.266733731470 4.53782894939099 3.17806241462469 -5.29912643546599
2026-09-24T22:42:00.000 6202.731527058170 -2510.636591148700 1169.006830985020 2.76635997623933 4.08475827857115 -5.86744077747002
2026-09-24T22:46:00.000 6632.539826342110 -1450.741822894590 -264.705815023764 0.79363098677558 4.69361346499951 -6.00685270716206
2026-09-24T22:50:00.000 6579.167830059650 -285.150808614581 -1679.096066974050 -1.23530938388121 4.96022574571076 -5.70753730261762
2026-09-24T22:54:00.000 6047.011473229670 901.209841991095 -2970.975060230560 -3.17175698492695 4.86578272275932 -4.99239752698335
2026-09-24T22:58:00.000 5075.449365396910 2022.107404553250 -4046.391501942870 -4.87475805042295 4.41823260514676 -3.91494231002312
2026-09-24T23:02:00.000 3735.690012579970 2996.340964340670 -4827.471608872830 -6.22162003075485 3.65118244758017 -2.55469374879095
2026-09-24T23:06:00.000 2125.335996341880 3753.565114183070 -5257.922479773890 -7.11628693072625 2.62087334115185 -1.01083092346534
2026-09-24T23:10:00.000 361.206514730040 4239.227863136860 -5306.893270361620 -7.49550534199887 1.40184986834923 0.60508759110767
2026-09-24T23:14:00.000 -1429.036337415040 4418.340498945460 -4971.021146749080 -7.33262704492069 0.08165805421286 2.17685337063112
2026-09-24T23:18:00.000 -3115.909762291320 4277.898592900530 -4274.606882348580 -6.63920040464764 -1.24507010480277 3.59143916032660
2026-09-24T23:22:00.000 -4577.243974227220 3827.831782272210 -3267.930610380790 -5.46432928978553 -2.48292853843171 4.74661708281761
2026-09-24T23:26:00.000 -5706.898668676720 3100.408927111670 -2023.794127597010 -3.89183843866725 -3.54224937566031 5.55806901335335
2026-09-24T23:30:00.000 -6422.524996411500 2148.075333381110 -632.431805050490 -2.03505891877503 -4.34564136147263 5.96582771488331
2026-09-24T23:34:00.000 -6671.745606500980 1039.765390609540 804.973317276586 -0.02889496407980 -4.83400573779162 5.93928931264643
2026-09-24T23:38:00.000 -6436.152972857660 -144.090156762178 2183.708933104090 1.98027560579632 -4.97127567493731 5.47985366954333
2026-09-24T23:42:00.000 -5732.741783027320 -1317.470244612850 3403.264310741250 3.84570039059923 -4.74722844641535 4.62092231698154
2026-09-24T23:46:00.000 -4612.653105411140 -2395.092283009890 4374.752610860260 5.43137787469779 -4.17818150951754 3.42532035822487
2026-09-24T23:50:00.000 -3157.351793184590 -3298.654586365500 5027.416300553700 6.62213511937923 -3.30558563931226 1.98029519602085
2026-09-24T23:54:00.000 -1472.617956540560 -3962.508902574010 5313.717422945510 7.33168449144951 -2.19275941546150 0.39090276188524
2026-09-24T23:58:00.000 319.132213935334 -4338.370356206050 5212.723036582870 7.50846703474208 -0.92020963931588 -1.22749728388426
2026-09-25T00:02:00.000 2087.660057697580 -4398.779078382500 4731.620583421110 7.13923697452020 0.42004901415187 -2.75732867279240
2026-09-25T00:06:00.000 3704.265640524220 -4139.110466376240 3905.250889120600 6.25003540021144 1.73081583300363 -4.08706421980879
2026-09-25T00:10:00.000 5051.108660217890 -3578.017140525130 2793.693600378610 4.90486900382990 2.91649770918254 -5.11921705927979
2026-09-25T00:14:00.000 6029.884136093800 -2756.195584435930 1477.994940466230 3.20162542507007 3.89015293060930 -5.77769435347225
2026-09-25T00:18:00.000 6569.181787356380 -1733.484593648750 54.266135276733 1.26513621814757 4.58025690251723 -6.01390525681502
2026-09-25T00:22:00.000 6629.863338378380 -584.461396365748 -1373.440264274930 -0.76222101695486 4.93633810408847 -5.81073422498287
2026-09-25T00:26:00.000 6207.962141869330 607.125167470056 -2700.913136749330 -2.73167423809034 4.93291528889810 -5.18395136049342
2026-09-25T00:30:00.000 5334.822822133130 1754.608062679280 -3831.538712268430 -4.49962432801844 4.57124710502219 -4.18060614998745
2026-09-25T00:34:00.000 4074.545066488210 2774.793660593600 -4683.363446900720 -5.93838122805106 3.87874314585231 -2.87495956909187
2026-09-25T00:38:00.000 2519.045285064560 3593.965291095070 -5194.931657886810 -6.94512973455255 2.90639831903978 -1.36243508086501
2026-09-25T00:42:00.000 781.246343420446 4153.079534918780 -5329.521465135660 -7.44854202141056 1.72472287893093 0.24751067456741
2026-09-25T00:46:00.000 -1013.049403144690 4411.858399574140 -5077.603741237620 -7.41315655562042 0.41866798651289 1.83903505562964
2026-09-25T00:50:00.000 -2734.064354112850 4351.574148652140 -4457.438158663260 -6.84148974879886 -0.91813025193429 3.29769625834937
2026-09-25T00:54:00.000 -4257.206012999090 3976.392175620530 -3513.805989599400 -5.77403331170285 -2.18961537245154 4.51820756522112
2026-09-25T00:58:00.000 -5471.935984762790 3313.164145779320 -2314.916219316250 -4.28681476449875 -3.30389087815395 5.41176796727483
2026-09-25T01:02:00.000 -6289.782422242350 2409.643665935570 -947.656212341607 -2.48671261669926 -4.17974150665761 5.91254529912387
2026-09-25T01:06:00.000 -6650.932727864750 1331.172010979040 488.598414990952 -0.50427324841692 -4.75278658764548 5.98305290436262
2026-09-25T01:10:00.000 -6528.809383722520 155.984754659138 1889.238701439860 1.51587097093353 -4.98070349562759 5.61751365344076
2026-09-25T01:14:00.000 -5932.127438454500 -1030.533326499080 3152.159361384340 3.42613164489643 -4.84661416259837 4.84242279296871
2026-09-25T01:18:00.000 -4904.253857772670 -2142.142461301810 4185.303508276880 5.08717262964696 -4.36029121754578 3.71446506572326
2026-09-25T01:22:00.000 -3519.953962480320 -3098.068421095190 4913.410253564480 6.37826112226533 -3.55717636389602 2.31600093415831
2026-09-25T01:26:00.000 -1879.863529977210 -3828.857529240040 5283.452550309110 7.20579165038306 -2.49556633222544 0.74879884545209
2026-09-25T01:30:00.000 -103.162112236415 -4281.374813107110 5268.427529757160 7.50973342240673 -1.25232393271224 -0.87335207835791
2026-09-25T01:34:00.000 1681.022876874250 -4422.616896250080 4869.278049159880 7.26767477986259 0.08264161858187 -2.43270600384018
2026-09-25T01:38:00.000 3342.889181891730 -4242.108083610370 4114.873729076050 6.49649875621119 1.41258839095117 -3.81566458969669
2026-09-25T01:42:00.000 4761.347468103830 -3752.743500099400 3060.025571639000 5.25157476504589 2.64065771329871 -4.92096246153473
2026-09-25T01:46:00.000 5832.901384107530 -2989.971618960980 1781.604964218740 3.62332554445615 3.67694812064982 -5.66722825995656
2026-09-25T01:50:00.000 6479.357308231110 -2009.292619063890 372.967956414769 1.73091661044825 4.44535329219588 -5.99938283732291
2026-09-25T01:54:00.000 6653.709058724970 -882.201061712380 -1062.938308257520 -0.28658889188254 4.88958565230391 -5.89313867645076
2026-09-25T01:58:00.000 6343.647716521960 309.136768952916 -2421.262448627330 -2.28101554825860 4.97757145000810 -5.35701800567552
2026-09-25T02:02:00.000 5572.358514569690 1478.023249127730 -3603.075171622610 -4.10669071815149 4.70382367688751 -4.43144794554478
2026-09-25T02:06:00.000 4396.569777526120 2539.650059422760 -4522.635303510900 -5.63146845285523 4.08937452965850 -3.18511346340642
2026-09-25T02:10:00.000 2902.145351622620 3417.250995831780 -5113.533619009490 -6.74611626870215 3.17971619031726 -1.70935058007327
2026-09-25T02:14:00.000 1197.663825553750 4047.546354197000 -5333.305245556470 -7.37156430394091 2.04099622641489 -0.11112990966224
2026-09-25T02:18:00.000 -593.438342143357 4385.132808421380 -5166.283916150410 -7.46368518545796 0.75516661512904 1.49447782216683
2026-09-25T02:22:00.000 -2341.616643481930 4405.620457401270 -4624.617820485690 -7.01597637006429 -0.58559772747868 2.99206020881259
2026-09-25T02:26:00.000 -3920.351766584540 4107.359188777680 -3747.416350910230 -6.06005177269066 -1.88502820237640 4.27362412553107
2026-09-25T02:30:00.000 -5215.140180366710 3511.642137559410 -2598.065581937650 -4.66393941703922 -3.04932607206801 5.24607628112126
2026-09-25T02:34:00.000 -6131.770937144660 2661.307593650900 -1259.810430120260 -2.92778503850236 -3.99382880104186 5.83806097687402
2026-09-25T02:38:00.000 -6603.273564017510 1617.785681558500 170.153550945696 -0.97715430471801 -4.64926390941643 6.00546119532115
2026-09-25T02:42:00.000 -6595.005323036540 456.725334078652 1587.713305224860 1.04578518550119 -4.96723099867227 5.73523356266030
2026-09-25T02:46:00.000 -6107.353726120470 -737.532614927401 2889.528467361040 2.99320622918892 -4.92418253081817 5.04682524231889
2026-09-25T02:50:00.000 -5175.726028352720 -1878.173906601290 3980.687720450110 4.72293477220894 -4.52316752000134 3.99055283007106
2026-09-25T02:54:00.000 -3867.898436999680 -2882.295434776140 4781.685597253410 6.10909807432723 -3.79348149560296 2.64362779587666
2026-09-25T02:58:00.000 -2278.971430483160 -3676.942521998520 5234.187103658230 7.05118733830305 -2.78817536294234 1.10413846509211
2026-09-25T03:02:00.000 -524.417999414078 -4204.352217863320 5305.195835251870 7.48089353802225 -1.58002033855949 -0.51610563293033
2026-09-25T03:06:00.000 1268.245377723690 -4426.093602733210 4989.415676502810 7.36676544271649 -0.25641313162587 -2.09944613010820
2026-09-25T03:10:00.000 2968.632241471910 -4325.857960109770 4309.655410534300 6.71647435637830 1.08678468573519 -3.53070999711346
2026-09-25T03:14:00.000 4452.884721233980 -3910.702442516980 3315.265384584790 5.57654497520435 2.35184511031143 -4.70521174443173
2026-09-25T03:18:00.000 5612.731055939480 -3210.655573868040 2078.671079687900 4.02960417369577 3.44627003722745 -5.53658870127812
2026-09-25T03:22:00.000 6363.517290112630 -2276.620975845810 690.143100659987 2.18869453285180 4.28971661306747 -5.96347530007789
2026-09-25T03:26:00.000 6650.574643278640 -1176.682508305200 -748.839679894990 0.18906195954597 4.82031397736166 -5.95449886301222
2026-09-25T03:30:00.000 6453.325565303680 8.950817688085 -2133.162533509290 -1.82233093991368 4.99955925404473 -5.51093324984373
2026-09-25T03:34:00.000 5786.718000914130 1193.947219975420 -3361.929364058350 -3.69832623669462 4.81522147880696 -4.66637293799277
2026-09-25T03:38:00.000 4699.903339383830 2292.268709688690 -4345.909156983090 -5.30285144873587 4.28187265024100 -3.48371158696664
2026-09-25T03:42:00.000 3272.356671415010 3224.441222785710 -5013.966337443610 -6.52074251473962 3.43919439053034 -2.04982309798488
2026-09-25T03:46:00.000 1607.898712095180 3923.206706318290 -5318.034075981700 -7.26538364428517 2.34865207138258 -0.46888355997279
2026-09-25T03:50:00.000 -172.863414293282 4338.226274653010 -5236.376977697500 -7.48421664748877 1.08889900084345 1.14515536302784
2026-09-25T03:54:00.000 -1941.122745546700 4439.551180368060 -4775.004828390190 -7.16179652922104 -0.24974896176730 2.67631689772429
2026-09-25T03:58:00.000 -3568.942154768890 4219.720413597220 -3967.235194134150 -6.32082598985488 -1.57125294346176 4.01429633477464
2026-09-25T04:02:00.000 -4938.320924115050 3694.362080055720 -2871.413927020750 -5.02100281511898 -2.78034988099481 5.06206128549896
2026-09-25T04:06:00.000 -5949.691915169020 2901.207708376630 -1566.873854462080 -3.35545095579762 -3.78922849190888 5.74286165396779
2026-09-25T04:10:00.000 -6529.255459192400 1897.505628934900 -148.314586495183 -1.44449848119976 -4.52410089957725 6.00625193946567
2026-09-25T04:14:00.000 -6634.512922805570 755.957727846755 1281.038797792990 0.57288818422156 -4.93080256616753 5.83213497516046
2026-09-25T04:18:00.000 -6257.554580030950 -440.545167220590 2617.007758795630 2.54931306585921 -4.97921126379724 5.23279364925119
2026-09-25T04:22:00.000 -5425.702394338800 -1605.035090620920 3762.187030437230 4.34045806511678 -4.66565557549695 4.25198255911841
2026-09-25T04:26:00.000 -4199.457818326550 -2652.865625572260 4633.116770773890 5.81585033814838 -4.01300059802273 2.96139342135279
2026-09-25T04:30:00.000 -2668.006944195110 -3507.891913861060 5166.362667136800 6.86837386003011 -3.06875499253424 1.45514909147128
2026-09-25T04:34:00.000 -942.664077685046 -4107.975693231330 5323.072803397110 7.42178636195429 -1.90138791944312 -0.15728848014918
2026-09-25T04:38:00.000 851.192708373164 -4409.432218247340 5091.730425373210 7.43577234815593 -0.59529229396553 -1.75891226297437
2026-09-25T04:42:00.000 2583.119107025260 -4390.174025472610 4489.003056597480 6.90873304172818 0.75496214316725 -3.23323420445554
2026-09-25T04:46:00.000 4127.011096810820 -4051.374776065550 3558.619485937980 5.87826437946167 2.05127371359325 -4.47259408300421
2026-09-25T04:50:00.000 5370.284781847990 -3417.479596795960 2368.300406046040 4.41885853641886 3.19897662931782 -5.38596839429847
2026-09-25T04:54:00.000 6222.201033762730 -2534.535683771450 1004.902263598200 2.63699639796269 4.11387798102107 -5.90597457382478
2026-09-25T04:58:00.000 6620.672283541690 -1466.877351088960 -431.946269074346 0.66348107477926 4.72879498326918 -5.99430637407258
2026-09-25T05:02:00.000 6536.939136162000 -292.364866218457 -1837.263459600710 -1.35660045934390 4.99894630959945 -5.64496820314327
2026-09-25T05:06:00.000 5977.637730884370 903.443232991618 -3108.565029478640 -3.27529799513688 4.90533352809403 -4.88457252812810
2026-09-25T05:10:00.000 4984.116504555030 2033.654520447540 -4153.447882026120 -4.95311683143940 4.45583558755584 -3.76990559307444
2026-09-25T05:14:00.000 3629.147364975940 3016.412365684320 -4896.301399574550 -6.26927903329309 3.68420125625045 -2.38314049429965
2026-09-25T05:18:00.000 2011.379072504820 3780.773070605890 -5283.631784301520 -7.13008344201351 2.64695863986258 -0.82521486808355
2026-09-25T05:22:00.000 248.104816475501 4271.662514233110 -5287.693762223500 -7.47464923539133 1.41903334209141 0.79146630580999
2026-09-25T05:26:00.000 -1533.108567882950 4453.684538017400 -4908.336294077780 -7.27868873882939 0.08854190457513 2.35068060501870
2026-09-25T05:30:00.000 -3203.423604017740 4313.584066152690 -4172.970021554610 -6.55595788443689 -1.24915043471148 3.74024490279383
2026-09-25T05:34:00.000 -4641.827438812580 3861.234912832620 -3134.689137052610 -5.35762634656774 -2.49775112593771 4.85955876290249
2026-09-25T05:38:00.000 -5743.809937483150 3129.066683528920 -1868.612218429430 -3.76933479341395 -3.56672727667228 5.62683072624541
2026-09-25T05:42:00.000 -6429.020010667140 2169.876571681910 -466.594298612395 -1.90564881184276 -4.37794344031306 5.98530980895185
2026-09-25T05:46:00.000 -6647.298767463660 1053.108391554800 969.389473030218 0.09796205517842 -4.87175855291923 5.90802982030675
2026-09-25T05:50:00.000 -6382.498055334910 -140.189771057710 2334.722016993700 2.09533325290533 -5.01172440299743 5.40009813880319
2026-09-25T05:54:00.000 -5653.740939652970 -1323.302466915740 3529.861691085210 3.94056327938069 -4.78738502038570 4.49845526515324
2026-09-25T05:58:00.000 -4514.020587310110 -2410.234172242690 4467.694836478070 5.49911355413108 -4.21513984383977 3.26903907158450
2026-09-25T06:02:00.000 -3046.231816553950 -3322.010366857860 5079.907113538290 6.65782280541535 -3.33664816433611 1.80153329623762
2026-09-25T06:06:00.000 -1357.067969477870 -3992.373798408320 5321.897543287870 7.33268121942203 -2.21559676735398 0.20267351265600
2026-09-25T06:10:00.000 430.721430158787 -4372.550152220170 5175.966080315050 7.47465833129618 -0.93310479154776 -1.41145356309515
2026-09-25T06:14:00.000 2187.171824187270 -4434.756580943560 4652.576615679700 7.07299571655216 0.41804889276873 -2.92359924495590
2026-09-25T06:18:00.000 3784.440727395740 -4174.245450409450 3789.661436286240 6.15611805688731 1.73977727904741 -4.22346207617638
2026-09-25T06:22:00.000 5106.091219980620 -3609.753472267210 2649.984200054760 4.79014889596997 2.93567224986522 -5.21569957122899
2026-09-25T06:26:00.000 6055.674649143120 -2782.243199554340 1316.664668362220 3.07459531637480 3.91808562508315 -5.82714561584108
2026-09-25T06:30:00.000 6563.947945727960 -1751.977334556520 -112.890872623326 1.13524527113318 4.61489993037533 -6.01272441489087
2026-09-25T06:34:00.000 6594.076911792900 -594.079829731695 -1534.220449744340 -0.88535871035387 4.97520414497923 -5.75912531819819
2026-09-25T06:38:00.000 6144.347719732050 607.068093687892 -2843.613290679380 -2.83901497974296 4.97325967002841 -5.08584741933212
2026-09-25T06:42:00.000 5248.135571709860 1764.129292659700 -3945.817829874060 -4.58340462191022 4.61025568045425 -4.04334695622765
2026-09-25T06:46:00.000 3971.188537092540 2793.241536890830 -4760.989217316690 -5.99270338794279 3.91367983833129 -2.70864483097345
2026-09-25T06:50:00.000 2406.583003008140 3620.053803150730 -5230.349504902510 -6.96626251555585 2.93474630762774 -1.17916103838601
2026-09-25T06:54:00.000 667.850355903490 4184.966813575280 -5320.235071519530 -7.43517248717558 1.74438931038229 0.43453461374190
2026-09-25T06:58:00.000 -1119.179084161860 4447.263762365550 -5024.321463174050 -7.36634333779464 0.42811552680786 2.01644438966049
2026-09-25T07:02:00.000 -2825.257022200940 4387.929212526630 -4364.014364296260 -6.76456292327056 -0.91973817380236 3.45278657335192
2026-09-25T07:06:00.000 -4326.840153765440 4011.024930230030 -3386.978118071370 -5.67235631867119 -2.20228363195356 4.63977777756709
2026-09-25T07:10:00.000 -5514.900498039090 3343.513169487080 -2163.860035382530 -4.16758839599273 -3.32668874392831 5.49083540745970
2026-09-25T07:14:00.000 -6302.884859217820 2433.473139430770 -783.349347751833 -2.35861933850852 -4.21092927373917 5.94320833850210
2026-09-25T07:18:00.000 -6633.165867187390 1346.736560242170 654.190416720530 -0.37670006852889 -4.79004865144030 5.96303271569840
2026-09-25T07:22:00.000 -6481.423160196520 162.148687624342 2044.051677221520 1.63360981758187 -5.02129552874324 5.54825575920644
2026-09-25T07:26:00.000 -5858.535967482860 -1034.216115443400 3284.912625115690 3.52543366292965 -4.88757694281215 4.72897100095892
2026-09-25T07:30:00.000 -4809.783805708620 -2155.401443716300 4286.318900053590 5.16077642859303 -4.39864318085579 3.56504545551569
2026-09-25T07:34:00.000 -3411.466396209520 -3119.939963367500 4975.319753984720 6.42076225631944 -3.59016356730372 2.14153512028247
2026-09-25T07:38:00.000 -1765.236471908440 -3857.760075049110 5301.740243908020 7.21414875478261 -2.52080751040231 0.56195677463804
2026-09-25T07:42:00.000 9.285615015155 -4315.208030885770 5241.738487809860 7.48331225977264 -1.26790665130948 -1.05902279071154
2026-09-25T07:46:00.000 1783.115770744050 -4458.903416970900 4799.533570260800 7.20832625792766 0.07790483997071 -2.60362409105540
2026-09-25T07:50:00.000 3427.193025609800 -4278.187818826710 4007.146401726060 6.40850462402571 1.41903261303180 -3.95932338190507
2026-09-25T07:54:00.000 4821.716393997150 -3785.976775207800 2922.167966710510 5.14132594272965 2.65778306074918 -5.02684537775647
2026-09-25T07:58:00.000 5864.931257935380 -3017.935651139690 1623.680158093120 3.49887696023746 3.70345204681599 -5.72753124122734
2026-09-25T08:02:00.000 6480.729385633100 -2029.963175324720 206.520471934196 1.60147159091741 4.47925025523385 -6.00966794936510
2026-09-25T08:06:00.000 6624.374939685110 -894.094342213245 -1225.744749789660 -0.41143723239063 4.92838758346315 -5.85271732812597
2026-09-25T08:10:00.000 6285.829957858280 306.870534930528 -2568.556949029000 -2.39207743506788 5.01852009738300 -5.26899246828064
2026-09-25T08:14:00.000 5490.359677179980 1485.552855497710 -3724.155840288400 -4.19591928627105 4.74402185205986 -4.30238572019446
2026-09-25T08:18:00.000 4296.430752679820 2556.451831513240 -4608.743044964780 -5.69252224937953 4.12598468745649 -3.02452299521823
2026-09-25T08:22:00.000 2791.178148749140 3442.141512528950 -5158.465283519440 -6.77478139828671 3.21009666016779 -1.52888678398143
2026-09-25T08:26:00.000 1083.920218149730 4078.748407895580 -5333.832347147040 -7.36591020482005 2.06287336459413 0.07620865178273
2026-09-25T08:30:00.000 -701.729320355291 4420.388906468480 -5122.374009836770 -7.42418229722275 0.76684886629013 1.67521839051552
2026-09-25T08:34:00.000 -2436.624382703760 4442.352558033520 -4539.427440486540 -6.94543672917192 -0.58507599500262 3.15325064159579
2026-09-25T08:38:00.000 -3995.179932712100 4142.854832289030 -3627.069184348250 -5.96342208894275 -1.89580344333554 4.40362172217909
2026-09-25T08:42:00.000 -5264.310151001720 3543.261290335870 -2451.238887724670 -4.54801872420729 -3.07065269327903 5.33536697353899
2026-09-25T08:46:00.000 -6151.622603500810 2686.699081052340 -1097.142288343120 -2.80088062218162 -4.02405472214941 5.87993442597410
2026-09-25T08:50:00.000 -6592.284156346030 1635.083149880290 336.821981392907 -0.84864920099381 -4.68606769724260 5.99671826746145
2026-09-25T08:54:00.000 -6553.932555299810 464.668900497052 1746.236647766950 1.16643191830907 -5.00789639746774 5.67651866232641
2026-09-25T08:58:00.000 -6039.164839736850 -739.514352036305 3028.356889667530 3.09712298279596 -4.96572066110357 4.94242678055681
2026-09-25T09:02:00.000 -5085.383617280700 -1889.931686418910 4089.714066746370 4.80249882371965 -4.56260431438950 3.84811624543085
2026-09-25T09:06:00.000 -3761.986706806970 -2902.981348753830 4852.979683984090 6.15848822150132 -3.82799811481365 2.47355888917745
2026-09-25T09:10:00.000 -2165.207563341610 -3705.068188674160 5262.577798409180 7.06684107986519 -2.81528233995434 0.91886931257509
2026-09-25T09:14:00.000 -411.077959972758 -4237.894626407970 5288.641816725600 7.46174702476589 -1.59777642148985 -0.70309990703248
2026-09-25T09:18:00.000 1372.931170962620 -4462.632183081490 4929.132405028300 7.31421676485754 -0.26345941875637 -2.27464087312360
2026-09-25T09:22:00.000 3057.049024226090 -4362.740715375040 4210.037273347820 6.63427710705352 1.09097441508055 -3.68128530350384
2026-09-25T09:26:00.000 4518.598111935080 -3945.254318947280 3183.590210713110 5.47070677218260 2.36696203682803 -4.82013543793587
2026-09-25T09:30:00.000 5650.966868534940 -3240.371357981900 1924.566440521770 3.90787785809984 3.47120490034143 -5.60741930565340
2026-09-25T09:34:00.000 6371.523579942910 -2299.351003144530 524.886997490490 2.06007465530172 4.32263711770655 -5.98500541396365
2026-09-25T09:38:00.000 6627.835939961490 -1190.788507956050 -913.159050557262 0.06305713384287 4.85882483259457 -5.92522905093624
2026-09-25T09:42:00.000 6401.592672248030 4.484796109145 -2284.551625314690 -1.93646164446995 5.04090267847711 -5.43314230993270
2026-09-25T09:46:00.000 5709.859265856570 1199.450602980010 -3489.378729810570 -3.79231635667051 4.85646126478678 -4.54591444294332
2026-09-25T09:50:00.000 4603.590989572570 2307.361759927680 -4440.190836313270 -5.37001378383646 4.32006491118790 -3.32947281557379
2026-09-25T09:54:00.000 3163.636797782150 3248.056986579650 -5068.283006435810 -6.55637951335618 3.47159652731330 -1.87304729230056
2026-09-25T09:58:00.000 1494.672071310940 3953.663319589800 -5328.485205322450 -7.26710153335088 2.37289766409587 -0.28231448334909
2026-09-25T10:02:00.000 -282.403960690712 4373.329165339690 -5202.212513307300 -7.45196477384563 1.10311482687758 1.32814404555787
2026-09-25T10:06:00.000 -2039.050877559740 4476.740654340060 -4698.678362701450 -7.09785744773908 -0.24669699007660 2.84255125130978
2026-09-25T10:10:00.000 -3648.156165116410 4256.261672782760 -3854.239222424690 -6.22973508918860 -1.57969271498730 4.15178661648639
2026-09-25T10:14:00.000 -4993.041162985170 3727.545074398440 -2729.895752046970 -4.90919745252823 -2.79972729611053 5.16079400692451
2026-09-25T10:18:00.000 -5975.878270798000 2928.562506831940 -1407.070039697970 -3.23090161807968 -3.81810895133310 5.79555226887107
2026-09-25T10:22:00.000 -6524.914717282890 1917.006223339300 18.172084080410 -1.31622395715537 -4.56024368125718 6.00888202486830
2026-09-25T10:26:00.000 -6599.887998781350 766.183607680693 1442.083734619010 0.69542098014803 -4.97146831061613 5.78443056705646
2026-09-25T10:30:00.000 -6195.123024276680 -440.323906605854 2760.874931437530 2.65706821071476 -5.02140613311004 5.13822755486503
2026-09-25T10:34:00.000 -5339.993443682100 -1614.817954541430 3878.394867096370 4.42548234583176 -4.70632866579003 4.11747348883130
2026-09-25T10:38:00.000 -4096.712949978490 -2671.932723590420 4713.207716594780 5.87191449329286 -4.04923315651160 2.79677574187223
2026-09-25T10:42:00.000 -2555.713079897400 -3534.861005986020 5204.519909987460 6.89140924140563 -3.09797472084780 1.27245655311941
2026-09-25T10:46:00.000 -828.992813659908 -4140.897612757950 5316.536693612740 7.41016368322647 -1.92146928143990 -0.34476697410455
2026-09-25T10:50:00.000 957.978178778601 -4445.923346390480 5040.991771092970 7.39037689585735 -0.60476994329450 -1.93754433918367
2026-09-25T10:54:00.000 2675.265016867690 -4427.582395381960 4397.759411209800 6.83285801107283 0.75685747047420 -3.39008614753486
2026-09-25T10:58:00.000 4197.809775641430 -4086.966828109620 3433.511333478350 5.77732443830406 2.06440997997368 -4.59620471498683
2026-09-25T11:02:00.000 5414.569513821210 -3448.663572032820 2218.452740625210 4.30020604326820 3.22234070280382 -5.46724427362463
2026-09-25T11:06:00.000 6236.747271888110 -2559.053522782200 841.262690937317 2.50936585761229 4.14571971803975 -5.93892360230039
2026-09-25T11:10:00.000 6604.449948495190 -1482.964405786870 -597.419164438894 0.53629193234047 4.76678057303849 -5.97655490264019
2026-09-25T11:14:00.000 6491.182287556960 -298.870413445918 -1992.494548728710 -1.47402409470153 5.04032061009221 -5.57791065311445
2026-09-25T11:18:00.000 5905.741109323060 906.976455769374 -3242.251892296930 -3.37437222551356 4.94711734291946 -4.77321952504821
2026-09-25T11:22:00.000 4891.375997056440 2046.970789090960 -4255.891246942590 -5.02671215628450 4.49509714407626 -3.62249715031160
2026-09-25T11:26:00.000 3522.337544134350 3038.565687752320 -4960.091674751110 -6.31224409609649 3.71813089156099 -2.21039347948679
2026-09-25T11:30:00.000 1898.253828937340 3810.174697025930 -5304.155713510110 -7.13944547504456 2.67305172739864 -0.63958981135914
2026-09-25T11:32:00.000 1026.876182513860 4095.366458203200 -5332.364696078440 -7.36148558114512 2.07296070424335 0.17012312395285
2026-09-25T11:36:00.000 -755.663389945009 4438.797332234530 -5098.687073106510 -7.40284460245914 0.77157754006199 1.76535215926705
2026-09-25T11:40:00.000 -2483.544410883310 4461.207399991090 -4495.216356044130 -6.90866637183078 -0.58611004765899 3.23310918147516
2026-09-25T11:44:00.000 -4031.672798440210 4160.771240046440 -3565.514878180790 -5.91381429597715 -1.90254560037382 4.46740221257564
2026-09-25T11:48:00.000 -5287.704243178480 3558.919046363460 -2376.790365744410 -4.48913228969605 -3.08261790199090 5.37837436887389
2026-09-25T11:52:00.000 -6160.192515874140 2698.941653616990 -1015.199223561020 -2.73698677089298 -4.04037956451454 5.89899387589013
2026-09-25T11:56:00.000 -6585.377935976840 1643.000172130190 420.304492581056 -0.78436067318902 -4.70556062378660 5.99039296663381
2026-09-25T12:00:00.000 -6532.022310919350 467.671203067482 1825.175289803700 1.22640138116681 -5.02910253415324 5.64520228127208
2026-09-25T12:04:00.000 -6003.829461931290 -741.652307493780 3096.991116364310 3.14834414857032 -4.98709308306387 4.88840018621060
2026-09-25T12:08:00.000 -5039.187435736900 -1897.061088416330 4143.036719460980 4.84123659217445 -4.58257110755204 3.77533637633449
2026-09-25T12:12:00.000 -3708.279194329920 -2914.583418947610 4887.102145380150 6.18195737442909 -3.84507057844779 2.38730438381638
2026-09-25T12:16:00.000 -2107.887784698420 -3720.292101133400 5275.000678291910 7.07328284253848 -2.82820325449933 0.82540392149231
2026-09-25T12:20:00.000 -354.318896689956 -4255.620798338980 5278.448908314980 7.45065178919206 -1.60558150582421 -0.79693872609611
2026-09-25T12:24:00.000 1424.991428581160 -4481.559672444550 4897.065567554330 7.28640605003958 -0.26560469538043 -2.36196654864172
2026-09-25T12:28:00.000 3100.625879531170 -4381.481535234740 4158.434920190750 6.59182276104199 1.09468123345481 -3.75577163026409
2026-09-25T12:32:00.000 4550.521503802160 -3962.418832872330 3116.204117171040 5.41662572529579 2.37631019013860 -4.87637045795655
2026-09-25T12:36:00.000 5668.897163089980 -3254.683953761170 1846.304756992750 3.84606356157605 3.48546788125655 -5.64125156627455
2026-09-25T12:40:00.000 6374.138806591870 -2309.757344245390 441.461442098596 1.99504977675856 4.34071965153337 -5.99394021228906
2026-09-25T12:44:00.000 6614.937639636340 -1196.529531508690 -995.657175941905 -0.00039955462127 4.87938126786358 -5.90861491864359
2026-09-25T12:48:00.000 6374.122270173940 3.826437276003 -2360.100922723140 -1.99369133587738 5.06244648057763 -5.39220921331886
2026-09-25T12:52:00.000 5669.824648869060 1203.926435962290 -3552.470408871920 -3.83915219036497 4.87744133239642 -4.48367407625002
2026-09-25T12:56:00.000 4553.911017075490 2316.650059574170 -4486.230761439670 -5.40306874829383 4.33894423429949 -3.25049034050438
2026-09-25T13:00:00.000 3107.924847900900 3261.486603609050 -5093.925018439570 -6.57329750113322 3.48701825070636 -1.78308291603356
2026-09-25T13:04:00.000 1436.964693042280 3970.261432061820 -5331.863434020950 -7.26671678792694 2.38371096265617 -0.18786898810147
2026-09-25T13:08:00.000 -337.934156249375 4391.882723355760 -5183.065533549350 -7.43431668037292 1.10849144878963 1.42027604012844
2026-09-25T13:12:00.000 -2088.387734651590 4495.883266636370 -4658.362908752380 -7.06419341152284 -0.24720814564115 2.92575869437921
2026-09-25T13:16:00.000 -3687.714059768310 4274.569403988970 -3795.637016702260 -6.18238733744966 -1.58609727667153 4.22003435031863
2026-09-25T13:20:00.000 -5019.918053028090 3743.651392968710 -2657.221056505080 -4.85149364011458 -2.81154808313988 5.20908818954678
2026-09-25T13:24:00.000 -5988.071659306460 2941.270499944780 -1325.579343741880 -3.16699770138142 -3.83442691819642 5.82025360687227
2026-09-25T13:28:00.000 -6521.497081197150 1925.376497278530 102.551732940519 -1.25084381787385 -4.57985242666747 6.00809949282590
2026-09-25T13:32:00.000 -6581.085987204510 769.593573896328 1523.200872783460 0.75745028883202 -4.99294317137094 5.75819187755527
2026-09-25T13:36:00.000 -6162.295363609960 -442.135507802830 2832.813824055350 2.71119757773797 -5.04317415513029 5.08844986492022
2026-09-25T13:40:00.000 -5295.527523790930 -1621.728625755960 3935.912461991480 4.46774211344770 -4.72679000546956 4.04781149497787
2026-09-25T13:44:00.000 -4043.848841792700 -2683.448853383780 4752.119587042690 5.89922477967866 -4.06691905450961 2.71234009400875
2026-09-25T13:48:00.000 -2498.294959089410 -3550.155864703570 5221.997033632160 6.90181185106625 -3.11158436875804 1.17935469990691
2026-09-25T13:52:00.000 -771.198210414657 -4158.865803155420 5311.303340491780 7.40287405756551 -1.92999698553382 -0.43975816407850
2026-09-25T13:56:00.000 1011.936952582520 -4465.260390155490 5013.430475309680 7.36588822149637 -0.60758201514542 -2.02747426375335
2026-09-25T14:00:00.000 2721.449036052800 -4446.888513515030 4349.890593752520 6.79296649346038 0.75991655574052 -3.46834193948707
2026-09-25T14:04:00.000 4232.860546527700 -4104.850996094740 3368.843114306140 5.72500677940020 2.07314716668415 -4.65708903333947
2026-09-25T14:08:00.000 5435.948793609920 -3463.823277625620 2141.717831382840 4.23929914482410 3.23617397875767 -5.50630143367202
2026-09-25T14:12:00.000 6242.917650888500 -2570.376098396960 758.072954149726 2.44429836299741 4.16366889960001 -5.95332882119644
2026-09-25T14:16:00.000 6594.976479572510 -1489.615892809610 -680.982075515668 0.47180269549283 4.78751529881692 -5.96523682157666
2026-09-25T14:20:00.000 6466.780553363400 -300.360378409350 -2070.319946878110 -1.53316719117915 5.06234035573801 -5.54171929284154
2026-09-25T14:24:00.000 5868.223227421840 910.769452961526 -3308.661858438610 -3.42387444499806 4.96885537369021 -4.71487525581224
2026-09-25T14:28:00.000 4843.496820006390 2055.787546437610 -4306.056390832620 -5.06303797708133 4.51497032410954 -3.54630241344131
2026-09-25T14:32:00.000 3467.587286907180 3051.781343534710 -4990.372108806370 -6.33283867745291 3.73468454793933 -2.12188621341918
2026-09-25T14:36:00.000 1840.605967395400 3826.839146164330 -5312.351301652600 -7.14286244992863 2.68505925296275 -0.54517378049652
2026-09-25T14:40:00.000 80.475142223070 4325.086446851540 -5248.959802755970 -7.43583913561278 1.44184482810629 1.07015132584561
2026-09-25T14:44:00.000 -1685.471501512710 4510.552115283680 -4804.892053728840 -7.19101933579194 0.09422431374014 2.60798782938266
2026-09-25T14:48:00.000 -3329.463875094540 4369.692563864290 -4012.220706866750 -6.42556683400173 -1.26113286332199 3.95757017424835
2026-09-25T14:52:00.000 -4732.342038074770 3912.417135704860 -2928.200067092040 -5.19373540802015 -2.52657422778221 5.02105021524072
2026-09-25T14:56:00.000 -5792.122772112470 3171.510126346100 -1631.305645699820 -3.58367481363073 -3.61027327430033 5.72054521793973
2026-09-25T15:00:00.000 -6431.493430571300 2200.417196288170 -215.688328252442 -1.71164311208937 -4.43295208087254 6.00418765339249
2026-09-25T15:04:00.000 -6603.629533342830 1069.483606292340 1215.627921750920 0.28608783110557 -4.93404573101546 5.85046256793324
2026-09-25T15:08:00.000 -6295.792832285220 -139.176789312365 2558.329716780120 2.26361172395002 -5.07667596367186 5.27024019587317
2026-09-25T15:12:00.000 -5530.290482820310 -1337.728098827930 3714.533777913220 4.07661638055469 -4.85030737420438 4.30584962612023
2026-09-25T15:16:00.000 -4362.803386896310 -2439.054983480090 4599.981607562520 5.59303003085410 -4.27143377463661 3.02777471727169
2026-09-25T15:20:00.000 -2878.253459636920 -3363.129601263830 5150.186976273090 6.70273225043836 -3.38222565825963 1.52924099443318
2026-09-25T15:24:00.000 -1184.551894466990 -4042.809262457450 5325.072414189240 7.32536176568969 -2.24718178356158 -0.08083784956560
2026-09-25T15:28:00.000 595.229862921102 -4428.642921602270 5111.809604879060 7.41564568200611 -0.94836324664410 -1.68561391647008
2026-09-25T15:32:00.000 2331.700561727280 -4492.424780107680 4525.756892606230 6.96652322991315 0.42026235075477 -3.16843363807677
2026-09-25T15:36:00.000 3898.461397987610 -4229.284125753690 3609.418343822060 6.00990130102776 1.75935684661916 -4.42108267666492
2026-09-25T15:40:00.000 5181.289337609560 -3658.136810235930 2429.474910717850 4.61483539892846 2.97120479654436 -5.35155593147820
2026-09-25T15:44:00.000 6086.577964141470 -2820.436490901740 1072.010591546080 2.88306510049743 3.96694771510480 -5.89126243119204
2026-09-25T15:48:00.000 6548.339145534330 -1777.193279685240 -363.802887631534 0.94156268202739 4.67351680534431 -6.00044296797583
2026-09-25T15:52:00.000 6533.156729258760 -604.481869778639 -1773.056736699930 -1.06693119954949 5.03928101428033 -5.67142040281318
2026-09-25T15:56:00.000 6042.650277516970 612.239336429674 -3052.959222623360 -2.99518266575171 5.03817763684564 -4.92934142352536
2026-09-25T16:00:00.000 5113.158852233750 1784.515387996150 -4110.463174051590 -4.70290285323439 4.67137146602494 -3.82965374506924
2026-09-25T16:04:00.000 3812.809614059680 2827.396674741410 -4869.016290805010 -6.06707486740010 3.96661078589834 -2.45340352774044
2026-09-25T16:08:00.000 2236.319894505590 3665.539523182280 -5273.960499372710 -6.99035824253414 2.97565415563285 -0.90084107985629
2026-09-25T16:08:02.000 2222.333536888250 3671.481564142310 -5275.748814105410 -6.99599347788921 2.96638431136745 -0.88747291115120
2026-09-25T16:08:04.000 2208.335944190920 3677.405050471200 -5277.510388072990 -7.00159331792347 2.95709953228112 -0.87410032595007
2026-09-25T16:08:06.000 2194.327187231800 3683.309952346040 -5279.245212509760 -7.00715773510269 2.94779986510859 -0.86072339157384
2026-09-25T16:08:08.000 2180.307336883990 3689.196240037450 -5280.953278784720 -7.01268670207187 2.93848535665396 -0.84734217536005
2026-09-25T16:08:10.000 2166.276464075110 3695.063883909720 -5282.634578401550 -7.01818019165527 2.92915605379030 -0.83395674466229
2026-09-25T16:08:12.000 2152.234639786960 3700.912854420960 -5284.289102998630 -7.02363817685631 2.91981200345932 -0.82056716684980
2026-09-25T16:08:14.000 2138.181935055150 3706.743122123250 -5285.916844349130 -7.02906063085751 2.91045325267104 -0.80717350930700
2026-09-25T16:08:16.000 2124.118420968760 3712.554657662730 -5287.517794360970 -7.03444752702040 2.90107984850339 -0.79377583943306
2026-09-25T16:08:18.000 2110.044168669940 3718.347431779770 -5289.091945076910 -7.03979883888544 2.89169183810196 -0.78037422464146
2026-09-25T16:08:20.000 2095.959249353600 3724.121415309120 -5290.639288674540 -7.04511454017192 2.88228926867960 -0.76696873235957
2026-09-25T16:08:22.000 2081.863734267040 3729.876579180000 -5292.159817466320 -7.05039460477788 2.87287218751614 -0.75355943002823
2026-09-25T16:08:24.000 2067.757694709570 3735.612894416250 -5293.653523899590 -7.05563900677996 2.86344064195806 -0.74014638510139
2026-09-25T16:08:26.000 2053.641202032160 3741.330332136510 -5295.120400556640 -7.06084772043331 2.85399467941822 -0.72672966504567
2026-09-25T16:08:28.000 2039.514327637110 3747.028863554260 -5296.560440154670 -7.06602072017145 2.84453434737555 -0.71330933734000
2026-09-25T16:08:30.000 2025.377142977680 3752.708459978030 -5297.973635545890 -7.07115798060619 2.83505969337475 -0.69988546947525
2026-09-25T16:08:32.000 2011.229719557700 3758.369092811520 -5299.359979717470 -7.07625947652743 2.82557076502607 -0.68645812895386
2026-09-25T16:08:34.000 1997.072128931270 3764.010733553690 -5300.719465791610 -7.08132518290309 2.81606761000497 -0.67302738328949
2026-09-25T16:08:36.000 1982.904442702360 3769.633353798920 -5302.052087025550 -7.08635507487894 2.80655027605194 -0.65959330000671
2026-09-25T16:08:38.000 1968.726732524480 3775.236925237140 -5303.357836811580 -7.09134912777849 2.79701881097221 -0.64615594664062
2026-09-25T16:08:40.000 1954.539070100300 3780.821419653970 -5304.636708677080 -7.09630731710281 2.78747326263552 -0.63271539073657
2026-09-25T16:08:42.000 1940.341527181330 3786.386808930800 -5305.888696284540 -7.10122961853044 2.77791367897592 -0.61927169984980
2026-09-25T16:08:44.000 1926.134175567540 3791.933065044990 -5307.113793431540 -7.10611600791722 2.76834010799151 -0.60582494154522
2026-09-25T16:08:46.000 1911.917087107010 3797.460160069920 -5308.311994050820 -7.11096646129618 2.75875259774427 -0.59237518339702
2026-09-25T16:08:48.000 1897.690333695560 3802.968066175200 -5309.483292210280 -7.11578095487736 2.74915119635987 -0.57892249298846
2026-09-25T16:08:50.000 1883.453987276440 3808.456755626730 -5310.627682113000 -7.12055946504774 2.73953595202743 -0.56546693791159
2026-09-25T16:08:52.000 1869.208119839940 3813.926200786850 -5311.745158097220 -7.12530196837106 2.72990691299938 -0.55200858576693
2026-09-25T16:08:54.000 1854.952803423030 3819.376374114470 -5312.835714636420 -7.13000844158772 2.72026412759129 -0.53854750416327
2026-09-25T16:08:56.000 1840.688110109050 3824.807248165210 -5313.899346339310 -7.13467886161464 2.71060764418170 -0.52508376071740
2026-09-25T16:08:58.000 1826.414112027310 3830.218795591490 -5314.936047949810 -7.13931320554517 2.70093751121195 -0.51161742305387
2026-09-25T16:09:00.000 1812.130881352760 3835.610989142690 -5315.945814347130 -7.14391145064894 2.69125377718607 -0.49814855880476
2026-09-25T16:09:02.000 1797.838490305640 3840.983801665240 -5316.928640545740 -7.14847357437178 2.68155649067059 -0.48467723560945
2026-09-25T16:09:04.000 1783.537011151110 3846.337206102790 -5317.884521695370 -7.15299955433563 2.67184570029446 -0.47120352111440
2026-09-25T16:09:06.000 1769.226516198940 3851.671175496310 -5318.813453081100 -7.15748936833841 2.66212145474891 -0.45772748297294
2026-09-25T16:09:08.000 1754.907077803090 3856.985682984180 -5319.715430123270 -7.16194299435397 2.65238380278731 -0.44424918884505
2026-09-25T16:09:10.000 1740.578768361420 3862.280701802390 -5320.590448377600 -7.16636041053196 2.64263279322508 -0.43076870639719
2026-09-25T16:09:12.000 1726.241660315310 3867.556205284600 -5321.438503535100 -7.17074159519784 2.63286847493959 -0.41728610330206
2026-09-25T16:09:14.000 1711.895826149310 3872.812166862290 -5322.259591422160 -7.17508652685272 2.62309089687004 -0.40380144723844
2026-09-25T16:09:16.000 1697.541338390790 3878.048560064890 -5323.053708000530 -7.17939518417338 2.61330010801739 -0.39031480589098
2026-09-25T16:09:18.000 1683.178269609600 3883.265358519880 -5323.820849367330 -7.18366754601218 2.60349615744422 -0.37682624695005
2026-09-25T16:09:20.000 1668.806692417710 3888.462535952930 -5324.561011755060 -7.18790359139703 2.59367909427471 -0.36333583811150
2026-09-25T16:09:22.000 1654.426679468850 3893.640066188030 -5325.274191531640 -7.19210329953138 2.58384896769452 -0.34984364707655
2026-09-25T16:09:24.000 1640.038303458170 3898.797923147600 -5325.960385200370 -7.19626664979416 2.57400582695070 -0.33634974155157
2026-09-25T16:09:26.000 1625.641637121890 3903.936080852600 -5326.619589399990 -7.20039362173981 2.56414972135163 -0.32285418924790
2026-09-25T16:09:28.000 1611.236753236940 3909.054513422680 -5327.251800904660 -7.20448419509823 2.55428070026695 -0.30935705788173
2026-09-25T16:09:30.000 1596.823724620620 3914.153195076290 -5327.857016623960 -7.20853834977484 2.54439881312746 -0.29585841517387
2026-09-25T16:09:32.000 1582.402624130250 3919.232100130810 -5328.435233602940 -7.21255606585055 2.53450410942508 -0.28235832884962
2026-09-25T16:09:34.000 1567.973524662790 3924.291203002650 -5328.986449022100 -7.21653732358181 2.52459663871275 -0.26885686663857
2026-09-25T16:09:36.000 1553.536499154530 3929.330478207400 -5329.510660197390 -7.22048210340061 2.51467645060437 -0.25535409627447
2026-09-25T16:09:38.000 1539.091620580730 3934.349900359920 -5330.007864580250 -7.22439038591458 2.50474359477475 -0.24185008549502
2026-09-25T16:09:40.000 1524.638961955230 3939.349444174500 -5330.478059757590 -7.22826215190699 2.49479812095949 -0.22834490204173
2026-09-25T16:09:42.000 1510.178596330150 3944.329084464960 -5330.921243451800 -7.23209738233682 2.48484007895493 -0.21483861365974
2026-09-25T16:09:44.000 1495.710596795500 3949.288796144770 -5331.337413520780 -7.23589605833883 2.47486951861809 -0.20133128809762
2026-09-25T16:09:46.000 1481.235036478870 3954.228554227160 -5331.726567957910 -7.23965816122368 2.46488648986658 -0.18782299310726
2026-09-25T16:09:48.000 1466.751988545030 3959.148333825280 -5332.088704892090 -7.24338367247792 2.45489104267849 -0.17431379644362
2026-09-25T16:09:50.000 1452.261526195610 3964.048110152270 -5332.423822587740 -7.24707257376419 2.44488322709236 -0.16080376586461
2026-09-25T16:09:52.000 1437.763722668730 3968.927858521440 -5332.731919444780 -7.25072484692124 2.43486309320707 -0.14729296913088
2026-09-25T16:09:54.000 1423.258651238670 3973.787554346340 -5333.012993998670 -7.25434047396408 2.42483069118173 -0.13378147400564
2026-09-25T16:09:56.000 1408.746385215490 3978.627173140890 -5333.267044920380 -7.25791943708408 2.41478607123561 -0.12026934825447
2026-09-25T16:09:58.000 1394.226997944710 3983.446690519520 -5333.494071016450 -7.26146171864909 2.40472928364805 -0.10675665964516
2026-09-25T16:10:00.000 1379.700562806910 3988.246082197280 -5333.694071228910 -7.26496730120360 2.39466037875833 -0.09324347594746
2026-09-25T16:10:02.000 1365.167153217420 3993.025323989950 -5333.867044635360 -7.26843616746883 2.38457940696559 -0.07972986493295
2026-09-25T16:10:04.000 1350.626842625970 3997.784391814180 -5334.012990448940 -7.27186830034289 2.37448641872868 -0.06621589437478
2026-09-25T16:10:06.000 1336.079704516270 4002.523261687580 -5334.131908018340 -7.27526368290094 2.36438146456608 -0.05270163204751
2026-09-25T16:10:08.000 1321.525812405740 4007.241909728870 -5334.223796827800 -7.27862229839534 2.35426459505577 -0.03918714572686
2026-09-25T16:10:10.000 1306.965239845110 4011.940312157990 -5334.288656497110 -7.28194413025579 2.34413586083507 -0.02567250318953
2026-09-25T16:10:12.000 1292.398060418070 4016.618445296200 -5334.326486781600 -7.28522916208950 2.33399531260055 -0.01215777221298
2026-09-25T16:10:14.000 1277.824347740920 4021.276285566220 -5334.337287572180 -7.28847737768136 2.32384300110786 0.00135697942482
2026-09-25T16:10:16.000 1263.244175462200 4025.913809492340 -5334.321058895310 -7.29168876099412 2.31367897717156 0.01487168394560
2026-09-25T16:10:18.000 1248.657617262370 4030.530993700530 -5334.277800913000 -7.29486329616855 2.30350329166502 0.02838627357101
2026-09-25T16:10:20.000 1234.064746853410 4035.127814918570 -5334.207513922810 -7.29800096752361 2.29331599552023 0.04190068052288
2026-09-25T16:10:22.000 1219.465637978500 4039.704249976180 -5334.110198357870 -7.30110175955665 2.28311713972760 0.05541483702344
2026-09-25T16:10:24.000 1204.860364411620 4044.260275805080 -5333.985854786870 -7.30416565694359 2.27290677533587 0.06892867529558
2026-09-25T16:10:26.000 1190.248999957250 4048.795869439190 -5333.834483914030 -7.30719264453909 2.26268495345181 0.08244212756312
2026-09-25T16:10:28.000 1175.631618449970 4053.311008014670 -5333.656086579140 -7.31018270737674 2.25245172524016 0.09595512605101
2026-09-25T16:10:30.000 1161.008293754120 4057.805668770080 -5333.450663757530 -7.31313583066926 2.24220714192333 0.10946760298566
2026-09-25T16:10:32.000 1146.379099763400 4062.279829046480 -5333.218216560080 -7.31605199980868 2.23195125478126 0.12297949059516
2026-09-25T16:10:34.000 1131.744110400610 4066.733466287540 -5332.958746233210 -7.31893120036652 2.22168411515118 0.13649072110956
2026-09-25T16:10:36.000 1117.103399617160 4071.166558039690 -5332.672254158880 -7.32177341809401 2.21140577442740 0.15000122676118
2026-09-25T16:10:38.000 1102.457041392830 4075.579081952160 -5332.358741854580 -7.32457863892224 2.20111628406112 0.16351093978482
2026-09-25T16:10:40.000 1087.805109735340 4079.971015777170 -5332.018210973340 -7.32734684896237 2.19081569556014 0.17701979241814
2026-09-25T16:10:42.000 1073.147678679990 4084.342337370020 -5331.650663303680 -7.33007803450583 2.18050406048869 0.19052771690187
2026-09-25T16:10:44.000 1058.484822289330 4088.693024689160 -5331.256100769670 -7.33277218202447 2.17018143046714 0.20403464548015
2026-09-25T16:10:46.000 1043.816614652810 4093.023055796370 -5330.834525430860 -7.33542927817081 2.15984785717177 0.21754051040082
2026-09-25T16:10:48.000 1029.143129886350 4097.332408856820 -5330.385939482330 -7.33804930977814 2.14950339233453 0.23104524391571
2026-09-25T16:10:50.000 1014.464442132050 4101.621062139200 -5329.910345254630 -7.34063226386076 2.13914808774276 0.24454877828099
2026-09-25T16:10:52.000 999.780625557793 4105.888994015850 -5329.407745213800 -7.34317812761417 2.12878199523892 0.25805104575744
2026-09-25T16:10:54.000 985.091754356896 4110.136182962810 -5328.878141961350 -7.34568688841520 2.11840516672035 0.27155197861080
2026-09-25T16:10:56.000 970.397902747733 4114.362607560020 -5328.321538234260 -7.34815853382221 2.10801765413896 0.28505150911205
2026-09-25T16:10:58.000 955.699144973381 4118.568246491330 -5327.737936904950 -7.35059305157527 2.09761950950099 0.29854956953780
2026-09-25T16:11:00.000 940.995555301257 4122.753078544690 -5327.127340981300 -7.35299042959632 2.08721078486666 0.31204609217058
2026-09-25T16:11:02.000 926.287208022752 4126.917082612210 -5326.489753606610 -7.35535065598931 2.07679153234994 0.32554100929917
2026-09-25T16:11:04.000 911.574177452865 4131.060237690280 -5325.825178059580 -7.35767371904041 2.06636180411824 0.33903425321895
2026-09-25T16:11:06.000 896.856537929843 4135.182522879680 -5325.133617754340 -7.35995960721814 2.05592165239209 0.35252575623224
2026-09-25T16:11:08.000 882.134363814812 4139.283917385700 -5324.415076240380 -7.36220830917352 2.04547112944484 0.36601545064867
2026-09-25T16:11:10.000 867.407729491412 4143.364400518200 -5323.669557202600 -7.36441981374020 2.03501028760238 0.37950326878547
2026-09-25T16:11:12.000 852.676709365436 4147.423951691760 -5322.897064461210 -7.36659410993467 2.02453917924282 0.39298914296788
2026-09-25T16:11:14.000 837.941377864459 4151.462550425780 -5322.097601971810 -7.36873118695631 2.01405785679615 0.40647300552945
2026-09-25T16:11:16.000 823.201809437475 4155.480176344540 -5321.271173825280 -7.37083103418759 2.00356637274396 0.41995478881245
2026-09-25T16:11:18.000 808.458078554530 4159.476809177370 -5320.417784247840 -7.37289364119419 1.99306477961908 0.43343442516819
2026-09-25T16:11:20.000 793.710259706353 4163.452428758690 -5319.537437600980 -7.37491899772509 1.98255313000531 0.44691184695740
2026-09-25T16:11:22.000 778.958427403996 4167.407015028150 -5318.630138381480 -7.37690709371270 1.97203147653707 0.46038698655059
2026-09-25T16:11:24.000 764.202656178458 4171.340548030720 -5317.695891221330 -7.37885791927302 1.96149987189906 0.47385977632840
2026-09-25T16:11:26.000 749.443020580326 4175.253007916790 -5316.734700887780 -7.38077146470567 1.95095836882595 0.48733014868199
2026-09-25T16:11:28.000 734.679595179402 4179.144374942260 -5315.746572283280 -7.38264772049404 1.94040702010207 0.50079803601339
2026-09-25T16:11:30.000 719.912454564339 4183.014629468650 -5314.731510445460 -7.38448667730540 1.92984587856105 0.51426337073588
2026-09-25T16:11:32.000 705.141673342269 4186.863751963210 -5313.689520547130 -7.38628832599093 1.91927499708551 0.52772608527435
2026-09-25T16:11:34.000 690.367326138439 4190.691722998990 -5312.620607896200 -7.38805265758586 1.90869442860672 0.54118611206569
2026-09-25T16:11:36.000 675.589487595843 4194.498523254960 -5311.524777935730 -7.38977966330952 1.89810422610429 0.55464338355914
2026-09-25T16:11:38.000 660.808232374850 4198.284133516080 -5310.402036243850 -7.39146933456543 1.88750444260581 0.56809783221666
2026-09-25T16:11:40.000 646.023635152839 4202.048534673430 -5309.252388533770 -7.39312166294135 1.87689513118656 0.58154939051333
2026-09-25T16:11:42.000 631.235770623828 4205.791707724290 -5308.075840653710 -7.39473664020933 1.86627634496914 0.59499799093771
2026-09-25T16:11:44.000 616.444713498107 4209.513633772220 -5306.872398586930 -7.39631425832581 1.85564813712317 0.60844356599217
2026-09-25T16:11:46.000 601.650538501869 4213.214294027170 -5305.642068451650 -7.39785450943163 1.84501056086496 0.62188604819334
2026-09-25T16:11:48.000 586.853320376841 4216.893669805580 -5304.384856501040 -7.39935738585208 1.83436366945720 0.63532537007241
2026-09-25T16:11:50.000 572.053133879915 4220.551742530440 -5303.100769123210 -7.40082288009693 1.82370751620860 0.64876146417553
2026-09-25T16:11:52.000 557.250053782779 4224.188493731420 -5301.789812841150 -7.40225098486051 1.81304215447359 0.66219426306418
2026-09-25T16:11:54.000 542.444154871546 4227.803905044940 -5300.451994312710 -7.40364169302165 1.80236763765203 0.67562369931554
2026-09-25T16:11:56.000 527.635511946389 4231.397958214270 -5299.087320330580 -7.40499499764380 1.79168401918884 0.68904970552282
2026-09-25T16:11:58.000 512.824199821169 4234.970635089600 -5297.695797822240 -7.40631089197495 1.78099135257372 0.70247221429567
2026-09-25T16:12:00.000 498.010293323065 4238.521917628150 -5296.277433849940 -7.40758936944773 1.77028969134085 0.71589115826052
2026-09-25T16:12:02.000 483.193867292209 4242.051787894270 -5294.832235610640 -7.40883042367935 1.75957908906855 0.72930647006092
2026-09-25T16:12:04.000 468.374996581312 4245.560228059480 -5293.360210436030 -7.41003404847164 1.74885959937900 0.74271808235794
2026-09-25T16:12:06.000 453.553756055295 4249.047220402610 -5291.861365792430 -7.41120023781100 1.73813127593793 0.75612592783048
2026-09-25T16:12:08.000 438.730220590926 4252.512747309870 -5290.335709280790 -7.41232898586847 1.72739417245432 0.76952993917564
2026-09-25T16:12:10.000 423.904465076443 4255.956791274900 -5288.783248636670 -7.41342028699964 1.71664834268012 0.78293004910909
2026-09-25T16:12:12.000 409.076564411189 4259.379334898920 -5287.203991730140 -7.41447413574470 1.70589384040995 0.79632619036535
2026-09-25T16:12:14.000 394.246593505243 4262.780360890770 -5285.597946565820 -7.41549052682835 1.69513071948081 0.80971829569822
2026-09-25T16:12:16.000 379.414627279048 4266.159852066990 -5283.965121282780 -7.41646945515984 1.68435903377181 0.82310629788105
2026-09-25T16:12:18.000 364.580740663046 4269.517791351950 -5282.305524154540 -7.41741091583294 1.67357883720388 0.83649012970709
2026-09-25T16:12:20.000 349.745008597307 4272.854161777880 -5280.619163588980 -7.41831490412586 1.66279018373951 0.84986972398984
2026-09-25T16:12:22.000 334.907506031159 4276.168946484980 -5278.906048128380 -7.41918141550128 1.65199312738247 0.86324501356337
2026-09-25T16:12:24.000 320.068307922820 4279.462128721510 -5277.166186449300 -7.42001044560629 1.64118772217756 0.87661593128263
2026-09-25T16:12:26.000 305.227489239030 4282.733691843850 -5275.399587362570 -7.42080199027234 1.63037402221032 0.88998241002378
2026-09-25T16:12:28.000 290.385124954683 4285.983619316590 -5273.606259813260 -7.42155604551524 1.61955208160680 0.90334438268452
2026-09-25T16:12:30.000 275.541290052455 4289.211894712630 -5271.786212880610 -7.42227260753510 1.60872195453331 0.91670178218437
2026-09-25T16:12:32.000 260.696059522439 4292.418501713210 -5269.939455778000 -7.42295167271630 1.59788369519617 0.93005454146500
2026-09-25T16:12:34.000 245.849508361774 4295.603424108070 -5268.065997852920 -7.42359323762746 1.58703735784143 0.94340259349055
2026-09-25T16:12:36.000 231.001711574278 4298.766645795420 -5266.165848586890 -7.42419729902136 1.57618299675471 0.95674587124790
2026-09-25T16:12:38.000 216.152744170080 4301.908150782140 -5264.239017595440 -7.42476385383496 1.56532066626087 0.97008430774698
2026-09-25T16:12:40.000 201.302681165249 4305.027923183770 -5262.285514628050 -7.42529289918934 1.55445042072388 0.98341783602106
2026-09-25T16:12:42.000 186.451597581429 4308.125947224610 -5260.305349568130 -7.42578443238962 1.54357231454651 0.99674638912705
2026-09-25T16:12:44.000 171.599568445471 4311.202207237820 -5258.298532432930 -7.42623845092500 1.53268640217015 1.01006990014578
2026-09-25T16:12:46.000 156.746668789061 4314.256687665480 -5256.265073373540 -7.42665495246868 1.52179273807459 1.02338830218228
2026-09-25T16:12:48.000 141.892973648357 4317.289373058650 -5254.204982674770 -7.42703393487782 1.51089137677781 1.03670152836608
2026-09-25T16:12:50.000 127.038558063616 4320.300248077490 -5252.118270755200 -7.42737539619352 1.49998237283575 1.05000951185143
2026-09-25T16:12:52.000 112.183497078832 4323.289297491290 -5250.004948167050 -7.42767933464082 1.48906578084211 1.06331218581765
2026-09-25T16:12:54.000 97.327865741363 4326.256506178580 -5247.865025596140 -7.42794574862864 1.47814165542818 1.07660948346936
2026-09-25T16:12:56.000 82.471739101566 4329.201859127170 -5245.698513861890 -7.42817463674974 1.46721005126258 1.08990133803673
2026-09-25T16:12:58.000 67.615192212428 4332.125341434270 -5243.505423917220 -7.42836599778076 1.45627102305111 1.10318768277580
2026-09-25T16:13:00.000 52.758300129200 4335.026938306510 -5241.285766848490 -7.42851983068216 1.44532462553655 1.11646845096869
2026-09-25T16:13:02.000 37.901137909027 4337.906635060060 -5239.039553875500 -7.42863613459821 1.43437091349843 1.12974357592389
2026-09-25T16:13:04.000 23.043780610583 4340.764417120690 -5236.766796351390 -7.42871490885700 1.42340994175291 1.14301299097654
2026-09-25T16:13:06.000 8.186303293701 4343.600270023840 -5234.467505762620 -7.42875615297042 1.41244176515252 1.15627662948863
2026-09-25T16:13:08.000 -6.671218980995 4346.414179414660 -5232.141693728870 -7.42875986663415 1.40146643858603 1.16953442484933
2026-09-25T16:13:10.000 -21.528711152452 4349.206131048150 -5229.789372003050 -7.42872604972771 1.39048401697821 1.18278631047520
2026-09-25T16:13:12.000 -36.386098159564 4351.976110789190 -5227.410552471170 -7.42865470231439 1.37949455528971 1.19603221981045
2026-09-25T16:13:14.000 -51.243304941532 4354.724104612590 -5225.005247152350 -7.42854582464137 1.36849810851684 1.20927208632724
2026-09-25T16:13:16.000 -66.100256438239 4357.450098603220 -5222.573468198740 -7.42839941713961 1.35749473169138 1.22250584352587
2026-09-25T16:13:18.000 -80.956877590611 4360.154078956030 -5220.115227895440 -7.42821548042400 1.34648447988043 1.23573342493510
2026-09-25T16:13:20.000 -95.813093340988 4362.836031976150 -5217.630538660490 -7.42799401529328 1.33546740818622 1.24895476411240
2026-09-25T16:13:22.000 -110.668828633491 4365.495944078940 -5215.119413044760 -7.42773502273015 1.32444357174589 1.26216979464415
2026-09-25T16:13:24.000 -125.524008414394 4368.133801790080 -5212.581863731930 -7.42743850390126 1.31341302573138 1.27537845014600
2026-09-25T16:13:26.000 -140.378557632482 4370.749591745620 -5210.017903538430 -7.42710446015727 1.30237582534917 1.28858066426305
2026-09-25T16:13:28.000 -155.232401239432 4373.343300692060 -5207.427545413350 -7.42673289303290 1.29133202584015 1.30177637067016
2026-09-25T16:13:30.000 -170.085464190169 4375.914915486410 -5204.810802438420 -7.42632380424696 1.28028168247942 1.31496550307222
2026-09-25T16:13:32.000 -184.937671443243 4378.464423096280 -5202.167687827910 -7.42587719570245 1.26922485057610 1.32814799520440
2026-09-25T16:13:34.000 -199.788947961194 4380.991810599920 -5199.498214928610 -7.42539306948655 1.25816158547312 1.34132378083244
2026-09-25T16:13:36.000 -214.639218710918 4383.497065186290 -5196.802397219720 -7.42487142787074 1.24709194254707 1.35449279375292
2026-09-25T16:13:38.000 -229.488408664043 4385.980174155160 -5194.080248312850 -7.42431227331086 1.23601597720797 1.36765496779356
2026-09-25T16:13:40.000 -244.336442797289 4388.441124917140 -5191.331781951890 -7.42371560844716 1.22493374489908 1.38081023681348
2026-09-25T16:13:42.000 -259.183246092841 4390.879904993760 -5188.557012013010 -7.42308143610437 1.21384530109671 1.39395853470351
2026-09-25T16:13:44.000 -274.028743538722 4393.296502017540 -5185.755952504550 -7.42240975929183 1.20275070131002 1.40709979538649
2026-09-25T16:13:46.000 -288.872860129154 4395.690903732040 -5182.928617566970 -7.42170058120348 1.19165000108077 1.42023395281753
2026-09-25T16:13:48.000 -303.715520864934 4398.063097991950 -5180.075021472790 -7.42095390521805 1.18054325598317 1.43336094098438
2026-09-25T16:13:50.000 -318.556650753800 4400.413072763130 -5177.195178626530 -7.42016973489905 1.16943052162359 1.44648069390767
2026-09-25T16:13:52.000 -333.396174810803 4402.740816122690 -5174.289103564620 -7.41934807399491 1.15831185364039 1.45959314564132
2026-09-25T16:13:54.000 -348.234018058674 4405.046316259060 -5171.356810955370 -7.41848892643904 1.14718730770370 1.47269823027272
2026-09-25T16:13:56.000 -363.070105528199 4407.329561472010 -5168.398315598850 -7.41759229634995 1.13605693951516 1.48579588192316
2026-09-25T16:13:58.000 -377.904362258583 4409.590540172770 -5165.413632426890 -7.41665818803130 1.12492080480771 1.49888603474813
2026-09-25T16:14:00.000 -392.736713297826 4411.829240884070 -5162.402776502950 -7.41568660597202 1.11377895934530 1.51196862293766
2026-09-25T16:14:02.000 -407.567083703090 4414.045652240180 -5159.365763022080 -7.41467755484637 1.10263145892271 1.52504358071667
2026-09-25T16:14:04.000 -422.395398541070 4416.239762987000 -5156.302607310850 -7.41363103951407 1.09147835936522 1.53811084234531
2026-09-25T16:14:06.000 -437.221582888368 4418.411561982120 -5153.213324827270 -7.41254706502034 1.08031971652843 1.55117034211930
2026-09-25T16:14:08.000 -452.045561831860 4420.561038194850 -5150.097931160720 -7.41142563659602 1.06915558629794 1.56422201437030
2026-09-25T16:14:10.000 -466.867260469072 4422.688180706320 -5146.956442031890 -7.41026675965761 1.05798602458911 1.57726579346630
2026-09-25T16:14:12.000 -481.686603908545 4424.792978709520 -5143.788873292690 -7.40907043980741 1.04681108734677 1.59030161381192
2026-09-25T16:14:14.000 -496.503517270215 4426.875421509340 -5140.595240926190 -7.40783668283354 1.03563083054494 1.60332940984885
2026-09-25T16:14:16.000 -511.317925685775 4428.935498522660 -5137.375561046520 -7.40656549471004 1.02444531018657 1.61634911605620
2026-09-25T16:14:18.000 -526.129754299058 4430.973199278400 -5134.129849898840 -7.40525688159693 1.01325458230320 1.62936066695088
2026-09-25T16:14:20.000 -540.938928266397 4432.988513417560 -5130.858123859220 -7.40391084984030 1.00205870295471 1.64236399708800
2026-09-25T16:14:22.000 -555.745372757007 4434.981430693300 -5127.560399434600 -7.40252740597231 0.99085772822899 1.65535904106125
2026-09-25T16:14:24.000 -570.549012953353 4436.951940970970 -5124.236693262670 -7.40110655671131 0.97965171424162 1.66834573350330
2026-09-25T16:14:26.000 -585.349774051523 4438.900034228190 -5120.887022111820 -7.39964830896186 0.96844071713560 1.68132400908621
2026-09-25T16:14:28.000 -600.147581261598 4440.825700554880 -5117.511402881090 -7.39815266981474 0.95722479308099 1.69429380252181
2026-09-25T16:14:30.000 -614.942359808030 4442.728930153340 -5114.109852600000 -7.39661964654705 0.94600399827461 1.70725504856211
2026-09-25T16:14:32.000 -629.734034930011 4444.609713338290 -5110.682388428570 -7.39504924662219 0.93477838893970 1.72020768199974
2026-09-25T16:14:34.000 -644.522531881843 4446.468040536910 -5107.229027657180 -7.39344147768990 0.92354802132559 1.73315163766832
2026-09-25T16:14:36.000 -659.307775933319 4448.303902288920 -5103.749787706500 -7.39179634758626 0.91231295170736 1.74608685044287
2026-09-25T16:14:38.000 -674.089692370085 4450.117289246610 -5100.244686127400 -7.39011386433374 0.90107323638552 1.75901325524026
2026-09-25T16:14:40.000 -688.868206494023 4451.908192174880 -5096.713740600880 -7.38839403614112 0.88982893168563 1.77193078701960
2026-09-25T16:14:42.000 -703.643243623615 4453.676601951330 -5093.156968938000 -7.38663687140357 0.87858009395798 1.78483938078263
2026-09-25T16:14:44.000 -718.414729094324 4455.422509566280 -5089.574389079730 -7.38484237870256 0.86732677957725 1.79773897157420
2026-09-25T16:14:46.000 -733.182588258958 4457.145906122800 -5085.966019096960 -7.38301056680587 0.85606904494210 1.81062949448261
2026-09-25T16:14:48.000 -747.946746488049 4458.846782836820 -5082.331877190310 -7.38114144466757 0.84480694647488 1.82351088464006
2026-09-25T16:14:50.000 -762.707129170223 4460.525131037110 -5078.671981690110 -7.37923502142793 0.83354054062125 1.83638307722306
2026-09-25T16:14:52.000 -777.463661712573 4462.180942165360 -5074.986351056320 -7.37729130641340 0.82226988384979 1.84924600745285
2026-09-25T16:14:54.000 -792.216269541031 4463.814207776230 -5071.275003878360 -7.37531030913656 0.81099503265168 1.86209961059576
2026-09-25T16:14:56.000 -806.964878100739 4465.424919537360 -5067.537958875120 -7.37329203929603 0.79971604354034 1.87494382196366
2026-09-25T16:14:58.000 -821.709412856425 4467.013069229470 -5063.775234894790 -7.37123650677638 0.78843297305101 1.88777857691436
2026-09-25T16:15:00.000 -836.449799292768 4468.578648746350 -5059.986850914800 -7.36914372164810 0.77714587774047 1.90060381085197
2026-09-25T16:15:02.000 -851.185962914778 4470.121650094930 -5056.172826041750 -7.36701369416745 0.76585481418663 1.91341945922732
2026-09-25T16:15:04.000 -865.917829248161 4471.642065395330 -5052.333179511270 -7.36484643477638 0.75455983898814 1.92622545753834
2026-09-25T16:15:06.000 -880.645323839691 4473.139886880870 -5048.467930687950 -7.36264195410244 0.74326100876412 1.93902174133046
2026-09-25T16:15:08.000 -895.368372257586 4474.615106898130 -5044.577099065230 -7.36040026295862 0.73195838015371 1.95180824619696
2026-09-25T16:15:10.000 -910.086900091874 4476.067717907000 -5040.660704265350 -7.35812137234329 0.72065200981576 1.96458490777936
2026-09-25T16:15:12.000 -924.800832954763 4477.497712480690 -5036.718766039180 -7.35580529343999 0.70934195442847 1.97735166176779
2026-09-25T16:15:14.000 -939.510096481017 4478.905083305810 -5032.751304266180 -7.35345203761738 0.69802827068903 1.99010844390131
2026-09-25T16:15:16.000 -954.214616328318 4480.289823182360 -5028.758338954290 -7.35106161642903 0.68671101531327 2.00285518996833
2026-09-25T16:15:18.000 -968.914318177644 4481.651925023790 -5024.739890239800 -7.34863404161330 0.67539024503532 2.01559183580691
2026-09-25T16:15:20.000 -983.609127733631 4482.991381857060 -5020.695978387290 -7.34616932509319 0.66406601660726 2.02831831730509
2026-09-25T16:15:22.000 -998.298970724948 4484.308186822640 -5016.626623789510 -7.34366747897617 0.65273838679879 2.04103457040127
2026-09-25T16:15:24.000 -1012.983772904660 4485.602333174530 -5012.531846967290 -7.34112851555404 0.64140741239688 2.05374053108449
2026-09-25T16:15:26.000 -1027.663460050610 4486.873814280360 -5008.411668569420 -7.33855244730272 0.63007315020546 2.06643613539476
2026-09-25T16:15:28.000 -1042.337957965760 4488.122623621370 -5004.266109372570 -7.33593928688214 0.61873565704507 2.07912131942338
2026-09-25T16:15:30.000 -1057.007192478580 4489.348754792460 -5000.095190281160 -7.33328904713602 0.60739498975257 2.09179601931322
2026-09-25T16:15:32.000 -1071.671089443430 4490.552201502200 -4995.898932327280 -7.33060174109171 0.59605120518077 2.10446017125903
2026-09-25T16:15:34.000 -1086.329574740890 4491.732957572900 -4991.677356670590 -7.32787738196004 0.58470436019819 2.11711371150774
2026-09-25T16:15:36.000 -1100.982574278140 4492.891016940640 -4987.430484598180 -7.32511598313509 0.57335451168871 2.12975657635869
2026-09-25T16:15:38.000 -1115.630013989340 4494.026373655240 -4983.158337524520 -7.32231755819408 0.56200171655125 2.14238870216396
2026-09-25T16:15:40.000 -1130.271819836010 4495.139021880370 -4978.860936991290 -7.31948212089714 0.55064603169954 2.15501002532858
2026-09-25T16:15:42.000 -1144.907917807320 4496.228955893510 -4974.538304667330 -7.31660968518713 0.53928751406178 2.16762048231081
2026-09-25T16:15:44.000 -1159.538233920560 4497.296170086050 -4970.190462348490 -7.31370026518953 0.52792622058037 2.18022000962240
2026-09-25T16:15:46.000 -1174.162694221420 4498.340658963240 -4965.817431957570 -7.31075387521219 0.51656220821164 2.19280854382881
2026-09-25T16:15:48.000 -1188.781224784410 4499.362417144290 -4961.419235544170 -7.30777052974521 0.50519553392556 2.20538602154946
2026-09-25T16:15:50.000 -1203.393751713190 4500.361439362320 -4956.995895284590 -7.30475024346072 0.49382625470551 2.21795237945794
2026-09-25T16:15:52.000 -1218.000201140940 4501.337720464480 -4952.547433481730 -7.30169303121280 0.48245442754800 2.23050755428225
2026-09-25T16:15:54.000 -1232.600499230750 4502.291255411900 -4948.073872564990 -7.29859890803722 0.47108010946239 2.24305148280501
2026-09-25T16:15:56.000 -1247.194572175940 4503.222039279730 -4943.575235090150 -7.29546788915134 0.45970335747069 2.25558410186368
2026-09-25T16:15:58.000 -1261.782346200480 4504.130067257200 -4939.051543739250 -7.29229998995396 0.44832422860731 2.26810534835074
2026-09-25T16:16:00.000 -1276.363747559270 4505.015334647610 -4934.502821320500 -7.28909522602515 0.43694277991876 2.28061515921392
2026-09-25T16:16:02.000 -1290.938702538590 4505.877836868360 -4929.929090768150 -7.28585361312610 0.42555906846353 2.29311347145639
2026-09-25T16:16:04.000 -1305.507137456420 4506.717569451000 -4925.330375142380 -7.28257516719902 0.41417315131176 2.30560022213694
2026-09-25T16:16:06.000 -1320.068978662780 4507.534528041200 -4920.706697629230 -7.27925990436696 0.40278508554506 2.31807534837019
2026-09-25T16:16:08.000 -1334.624152540150 4508.328708398830 -4916.058081540420 -7.27590784093375 0.39139492825633 2.33053878732676
2026-09-25T16:16:10.000 -1349.172585503770 4509.100106397940 -4911.384550313290 -7.27251899338383 0.38000273654947 2.34299047623349
2026-09-25T16:16:12.000 -1363.714204002040 4509.848718026820 -4906.686127510670 -7.26909337838213 0.36860856753923 2.35543035237357
2026-09-25T16:16:14.000 -1378.248934516890 4510.574539387980 -4901.962836820750 -7.26563101277402 0.35721247835099 2.36785835308677
2026-09-25T16:16:16.000 -1392.776703564080 4511.277566698200 -4897.214702057010 -7.26213191358518 0.34581452612056 2.38027441576960
2026-09-25T16:16:18.000 -1407.297437693640 4511.957796288530 -4892.441747158060 -7.25859609802151 0.33441476799398 2.39267847787551
2026-09-25T16:16:20.000 -1421.811063490170 4512.615224604350 -4887.643996187550 -7.25502358346905 0.32301326112731 2.40507047691504
2026-09-25T16:16:22.000 -1436.317507573230 4513.249848205330 -4882.821473334060 -7.25141438749390 0.31161006268649 2.41745035045605
2026-09-25T16:16:24.000 -1450.816696597690 4513.861663765490 -4877.974202910980 -7.24776852784219 0.30020522984708 2.42981803612387
2026-09-25T16:16:26.000 -1465.308557254100 4514.450668073240 -4873.102209356360 -7.24408602243995 0.28879881979413 2.44217347160151
2026-09-25T16:16:28.000 -1479.793016269020 4515.016858031320 -4868.205517232870 -7.24036688939312 0.27739088972196 2.45451659462982
2026-09-25T16:16:30.000 -1494.270000405420 4515.560230656920 -4863.284151227610 -7.23661114698747 0.26598149683400 2.46684734300773
2026-09-25T16:16:32.000 -1508.739436463030 4516.080783081590 -4858.338136152040 -7.23281881368857 0.25457069834258 2.47916565459241
2026-09-25T16:16:34.000 -1523.201251278680 4516.578512551360 -4853.367496941830 -7.22898990814177 0.24315855146878 2.49147146729948
2026-09-25T16:16:36.000 -1537.655371726650 4517.053416426700 -4848.372258656780 -7.22512444917215 0.23174511344220 2.50376471910322
2026-09-25T16:16:38.000 -1552.101724719080 4517.505492182520 -4843.352446480660 -7.22122245578452 0.22033044150085 2.51604534803679
2026-09-25T16:16:40.000 -1566.540237206290 4517.934737408250 -4838.308085721150 -7.21728394716337 0.20891459289088 2.52831329219241
2026-09-25T16:16:42.000 -1580.970836177150 4518.341149807810 -4833.239201809650 -7.21330894267291 0.19749762486645 2.54056848972164
2026-09-25T16:16:44.000 -1595.393448659430 4518.724727199620 -4828.145820301210 -7.20929746185706 0.18607959468955 2.55281087883554
2026-09-25T16:16:46.000 -1609.808001720180 4519.085467516650 -4823.027966874400 -7.20524952443939 0.17466055962977 2.56504039780496
2026-09-25T16:16:48.000 -1624.214422466050 4519.423368806400 -4817.885667331200 -7.20116515032321 0.16324057696416 2.57725698496074
2026-09-25T16:16:50.000 -1638.612638043720 4519.738429230950 -4812.718947596840 -7.19704435959151 0.15181970397700 2.58946057869400
2026-09-25T16:16:52.000 -1653.002575640180 4520.030647066950 -4807.527833719740 -7.19288717250703 0.14039799795962 2.60165111745632
2026-09-25T16:16:54.000 -1667.384162483140 4520.300020705640 -4802.312351871320 -7.18869360951221 0.12897551621023 2.61382853976010
2026-09-25T16:16:56.000 -1681.757325841370 4520.546548652840 -4797.072528345960 -7.18446369122928 0.11755231603366 2.62599278417873
2026-09-25T16:16:58.000 -1696.121993025060 4520.770229529030 -4791.808389560780 -7.18019743846021 0.10612845474123 2.63814378934694
2026-09-25T16:17:00.000 -1710.478091386200 4520.971062069280 -4786.519962055600 -7.17589487218680 0.09470398965049 2.65028149396103
2026-09-25T16:17:02.000 -1724.825548318910 4521.149045123310 -4781.207272492800 -7.17155601357064 0.08327897808504 2.66240583677920
2026-09-25T16:17:04.000 -1739.164291259810 4521.304177655520 -4775.870347657140 -7.16718088395318 0.07185347737429 2.67451675662182
2026-09-25T16:17:06.000 -1753.494247688400 4521.436458744940 -4770.509214455710 -7.16276950485571 0.06042754485330 2.68661419237174
2026-09-25T16:17:08.000 -1767.815345127380 4521.545887585290 -4765.123899917750 -7.15832189797943 0.04900123786248 2.69869808297460
2026-09-25T16:17:10.000 -1782.127511143050 4521.632463484970 -4759.714431194570 -7.15383808520542 0.03757461374742 2.71076836743916
2026-09-25T16:17:12.000 -1796.430673345640 4521.696185867090 -4754.280835559370 -7.14931808859469 0.02614772985865 2.72282498483762
2026-09-25T16:17:14.000 -1810.724759389690 4521.737054269460 -4748.823140407170 -7.14476193038821 0.01472064355139 2.73486787430593
2026-09-25T16:17:16.000 -1825.009696974400 4521.755068344590 -4743.341373254640 -7.14016963300689 0.00329341218533 2.74689697504417
2026-09-25T16:17:18.000 -1839.285413844000 4521.750227859740 -4737.835561739980 -7.13554121905159 -0.00813390687561 2.75891222631684
2026-09-25T16:17:20.000 -1853.551837788080 4521.722532696870 -4732.305733622800 -7.13087671130318 -0.01956125626355 2.77091356745326
2026-09-25T16:17:22.000 -1867.808896641980 4521.671982852710 -4726.751916783990 -7.12617613272248 -0.03098857860688 2.78290093784790
2026-09-25T16:17:24.000 -1882.056518287170 4521.598578438730 -4721.174139225590 -7.12143950645031 -0.04241581653053 2.79487427696074
2026-09-25T16:17:26.000 -1896.294630651530 4521.502319681120 -4715.572429070650 -7.11666685580743 -0.05384291265621 2.80683352431766
2026-09-25T16:17:28.000 -1910.523161709810 4521.383206920890 -4709.946814563100 -7.11185820429460 -0.06526980960271 2.81877861951074
2026-09-25T16:17:30.000 -1924.742039483920 4521.241240613760 -4704.297324067620 -7.10701357559250 -0.07669644998613 2.83070950219874
2026-09-25T16:17:32.000 -1938.951192043290 4521.076421330240 -4698.623986069490 -7.10213299356176 -0.08812277642018 2.84262611210737
2026-09-25T16:17:34.000 -1953.150547505300 4520.888749755630 -4692.926829174510 -7.09721648224288 -0.09954873151645 2.85452838902975
2026-09-25T16:17:36.000 -1967.340034035550 4520.678226690000 -4687.205882108790 -7.09226406585625 -0.11097425788466 2.86641627282673
2026-09-25T16:17:38.000 -1981.519579848280 4520.444853048180 -4681.461173718670 -7.08727576880208 -0.12239929813301 2.87828970342733
2026-09-25T16:17:40.000 -1995.689113206700 4520.188629859810 -4675.692732970550 -7.08225161566036 -0.13382379486840 2.89014862082907
2026-09-25T16:17:42.000 -2009.848562423360 4519.909558269310 -4669.900588950780 -7.07719163119082 -0.14524769069678 2.90199296509839
2026-09-25T16:17:44.000 -2023.997855860530 4519.607639535890 -4664.084770865490 -7.07209584033284 -0.15667092822338 2.91382267637106
2026-09-25T16:17:46.000 -2038.136921930510 4519.282875033540 -4658.245308040490 -7.06696426820541 -0.16809345005307 2.92563769485249
2026-09-25T16:17:48.000 -2052.265689096030 4518.935266251070 -4652.382229921090 -7.06179694010708 -0.17951519879062 2.93743796081818
2026-09-25T16:17:50.000 -2066.384085870600 4518.564814792040 -4646.495566072000 -7.05659388151582 -0.19093611704103 2.94922341461412
2026-09-25T16:17:52.000 -2080.492040818870 4518.171522374830 -4640.585346177140 -7.05135511808899 -0.20235614740978 2.96099399665708
2026-09-25T16:17:54.000 -2094.589482556960 4517.755390832580 -4634.651600039550 -7.04608067566321 -0.21377523250322 2.97274964743510
2026-09-25T16:17:56.000 -2108.676339752860 4517.316422113260 -4628.694357581200 -7.04077058025430 -0.22519331492882 2.98449030750781
2026-09-25T16:17:58.000 -2122.752541126780 4516.854618279580 -4622.713648842900 -7.03542485805715 -0.23661033729547 2.99621591750681
2026-09-25T16:18:00.000 -2136.818015451480 4516.369981509040 -4616.709503984090 -7.03004353544559 -0.24802624221384 3.00792641813605
2026-09-25T16:18:02.000 -2150.872691552650 4515.862514093940 -4610.681953282750 -7.02462663897233 -0.25944097229667 3.01962175017221
2026-09-25T16:18:04.000 -2164.916498309280 4515.332218441340 -4604.631027135230 -7.01917419536880 -0.27085447015906 3.03130185446507
2026-09-25T16:18:06.000 -2178.949364653970 4514.779097073040 -4598.556756056110 -7.01368623154501 -0.28226667841882 3.04296667193782
2026-09-25T16:18:08.000 -2192.971219573360 4514.203152625650 -4592.459170678030 -7.00816277458947 -0.29367753969677 3.05461614358749
2026-09-25T16:18:10.000 -2206.981992108420 4513.604387850490 -4586.338301751590 -7.00260385176900 -0.30508699661704 3.06625021048524
2026-09-25T16:18:12.000 -2220.981611354820 4512.982805613670 -4580.194180145160 -6.99700949052862 -0.31649499180741 3.07786881377674
2026-09-25T16:18:14.000 -2234.970006463330 4512.338408896000 -4574.026836844740 -6.99137971849140 -0.32790146789960 3.08947189468252
2026-09-25T16:18:16.000 -2248.947106640120 4511.671200793040 -4567.836302953830 -6.98571456345829 -0.33930636752962 3.10105939449826
2026-09-25T16:18:18.000 -2262.912841147150 4510.981184515090 -4561.622609693230 -6.98001405340803 -0.35070963333802 3.11263125459516
2026-09-25T16:18:20.000 -2276.867139302510 4510.268363387140 -4555.385788400960 -6.97427821649692 -0.36211120797028 3.12418741642025
2026-09-25T16:18:22.000 -2290.809930480780 4509.532740848900 -4549.125870532050 -6.96850708105870 -0.37351103407707 3.13572782149670
2026-09-25T16:18:24.000 -2304.741144113390 4508.774320454750 -4542.842887658410 -6.96270067560441 -0.38490905431458 3.14725241142413
2026-09-25T16:18:26.000 -2318.660709688980 4507.993105873780 -4536.536871468670 -6.95685902882219 -0.39630521134481 3.15876112787896
2026-09-25T16:18:28.000 -2332.568556753700 4507.189100889730 -4530.207853768040 -6.95098216957717 -0.40769944783591 3.17025391261462
2026-09-25T16:18:30.000 -2346.464614911670 4506.362309401010 -4523.855866478140 -6.94507012691126 -0.41909170646246 3.18173070746192
2026-09-25T16:18:32.000 -2360.348813825210 4505.512735420670 -4517.480941636850 -6.93912293004299 -0.43048192990581 3.19319145432931
2026-09-25T16:18:34.000 -2374.221083215300 4504.640383076380 -4511.083111398150 -6.93314060836741 -0.44187006085434 3.20463609520315
2026-09-25T16:18:36.000 -2388.081352861850 4503.745256610450 -4504.662408031990 -6.92712319145585 -0.45325604200379 3.21606457214800
2026-09-25T16:18:38.000 -2401.929552604120 4502.827360379760 -4498.218863924090 -6.92107070905582 -0.46463981605756 3.22747682730688
2026-09-25T16:18:40.000 -2415.765612341030 4501.886698855810 -4491.752511575810 -6.91498319109082 -0.47602132572701 3.23887280290154
2026-09-25T16:18:42.000 -2429.589462031510 4500.923276624630 -4485.263383603990 -6.90886066766017 -0.48740051373176 3.25025244123271
2026-09-25T16:18:44.000 -2443.401031694870 4499.937098386840 -4478.751512740800 -6.90270316903891 -0.49877732279997 3.26161568468037
2026-09-25T16:18:46.000 -2457.200251411160 4498.928168957570 -4472.216931833560 -6.89651072567758 -0.51015169566867 3.27296247570396
2026-09-25T16:18:48.000 -2470.987051321500 4497.896493266470 -4465.659673844580 -6.89028336820213 -0.52152357508401 3.28429275684268
2026-09-25T16:18:50.000 -2484.761361628430 4496.842076357700 -4459.079771851030 -6.88402112741373 -0.53289290380161 3.29560647071570
2026-09-25T16:18:52.000 -2498.523112596260 4495.764923389880 -4452.477259044760 -6.87772403428863 -0.54425962458677 3.30690356002237
2026-09-25T16:18:54.000 -2512.272234551450 4494.665039636120 -4445.852168732130 -6.87139211997804 -0.55562368021486 3.31818396754251
2026-09-25T16:18:56.000 -2526.008657882930 4493.542430483940 -4439.204534333880 -6.86502541580797 -0.56698501347154 3.32944763613660
2026-09-25T16:18:58.000 -2539.732313042440 4492.397101435280 -4432.534389384910 -6.85862395327910 -0.57834356715305 3.34069450874604
2026-09-25T16:19:00.000 -2553.443130544920 4491.229058106500 -4425.841767534200 -6.85218776406667 -0.58969928406655 3.35192452839334
2026-09-25T16:19:02.000 -2567.141040968820 4490.038306228320 -4419.126702544580 -6.84571688002030 -0.60105210703033 3.36313763818235
2026-09-25T16:19:04.000 -2580.825974956460 4488.824851645800 -4412.389228292590 -6.83921133316393 -0.61240197887417 3.37433378129852
2026-09-25T16:19:06.000 -2594.497863214390 4487.588700318340 -4405.629378768320 -6.83267115569565 -0.62374884243959 3.38551290100910
2026-09-25T16:19:08.000 -2608.156636513740 4486.329858319650 -4398.847188075260 -6.82609637998759 -0.63509264058011 3.39667494066334
2026-09-25T16:19:10.000 -2621.802225690540 4485.048331837730 -4392.042690430090 -6.81948703858582 -0.64643331616158 3.40781984369274
2026-09-25T16:19:12.000 -2635.434561646100 4483.744127174800 -4385.215920162560 -6.81284316421026 -0.65777081206247 3.41894755361127
2026-09-25T16:19:14.000 -2649.053575347330 4482.417250747340 -4378.366911715320 -6.80616478975450 -0.66910507117408 3.43005801401560
2026-09-25T16:19:16.000 -2662.659197827100 4481.067709086020 -4371.495699643730 -6.79945194828577 -0.68043603640091 3.44115116858529
2026-09-25T16:19:18.000 -2676.251360184620 4479.695508835710 -4364.602318615700 -6.79270467304480 -0.69176365066090 3.45222696108307
2026-09-25T16:19:20.000 -2689.829993585710 4478.300656755400 -4357.686803411550 -6.78592299744573 -0.70308785688572 3.46328533535501
2026-09-25T16:19:22.000 -2703.395029263220 4476.883159718230 -4350.749188923810 -6.77910695507601 -0.71440859802106 3.47432623533082
2026-09-25T16:19:24.000 -2716.946398517330 4475.443024711410 -4343.789510157080 -6.77225657969630 -0.72572581702690 3.48534960502402
2026-09-25T16:19:26.000 -2730.484032715950 4473.980258836220 -4336.807802227840 -6.76537190524041 -0.73703945687784 3.49635538853222
2026-09-25T16:19:28.000 -2744.007863294980 4472.494869308010 -4329.804100364290 -6.75845296581516 -0.74834946056333 3.50734353003735
2026-09-25T16:19:30.000 -2757.517821758740 4470.986863456080 -4322.778439906180 -6.75149979570031 -0.75965577108799 3.51831397380588
2026-09-25T16:19:32.000 -2771.013839680280 4469.456248723750 -4315.730856304660 -6.74451242934848 -0.77095833147189 3.52926666418912
2026-09-25T16:19:34.000 -2784.495848701730 4467.903032668260 -4308.661385122060 -6.73749090138506 -0.78225708475084 3.54020154562343
2026-09-25T16:19:36.000 -2797.963780534610 4466.327222960780 -4301.570062031780 -6.73043524660809 -0.79355197397670 3.55111856263050
2026-09-25T16:19:38.000 -2811.417566960260 4464.728827386340 -4294.456922818090 -6.72334549998822 -0.80484294221762 3.56201765981760
2026-09-25T16:19:40.000 -2824.857139830090 4463.107853843840 -4287.322003375930 -6.71622169666858 -0.81612993255838 3.57289878187785
2026-09-25T16:19:42.000 -2838.282431066010 4461.464310345980 -4280.165339710810 -6.70906387196469 -0.82741288810068 3.58376187359052
2026-09-25T16:19:44.000 -2851.693372660690 4459.798205019230 -4272.986967938560 -6.70187206136441 -0.83869175196341 3.59460687982126
2026-09-25T16:19:46.000 -2865.089896677970 4458.109546103820 -4265.786924285210 -6.69464630052778 -0.84996646728295 3.60543374552241
2026-09-25T16:19:48.000 -2878.471935253190 4456.398341953690 -4258.565245086800 -6.68738662528698 -0.86123697721348 3.61624241573329
2026-09-25T16:19:50.000 -2891.839420593510 4454.664601036440 -4251.321966789190 -6.68009307164618 -0.87250322492728 3.62703283558047
2026-09-25T16:19:52.000 -2905.192284978290 4452.908331933330 -4244.057125947910 -6.67276567578147 -0.88376515361501 3.63780495027812
2026-09-25T16:19:54.000 -2918.530460759380 4451.129543339190 -4236.770759227980 -6.66540447404076 -0.89502270648602 3.64855870512825
2026-09-25T16:19:56.000 -2931.853880361540 4449.328244062450 -4229.462903403710 -6.65800950294364 -0.90627582676865 3.65929404552103
2026-09-25T16:19:58.000 -2945.162476282710 4447.504443025010 -4222.133595358550 -6.65058079918126 -0.91752445771052 3.67001091693515
2026-09-25T16:20:00.000 -2958.456181094400 4445.658149262320 -4214.782872084910 -6.64311839961625 -0.92876854257887 3.68070926493809
2026-09-25T16:20:02.000 -2971.734927441990 4443.789371923220 -4207.410770683970 -6.63562234128256 -0.94000802466080 3.69138903518643
2026-09-25T16:20:04.000 -2984.998648045150 4441.898120270000 -4200.017328365500 -6.62809266138535 -0.95124284726363 3.70205017342624
2026-09-25T16:20:06.000 -2998.247275698070 4439.984403678270 -4192.602582447710 -6.62052939730083 -0.96247295371517 3.71269262549334
2026-09-25T16:20:08.000 -3011.480743269920 4438.048231637010 -4185.166570357030 -6.61293258657615 -0.97369828736402 3.72331633731366
2026-09-25T16:20:10.000 -3024.698983705090 4436.089613748440 -4177.709329627950 -6.60530226692922 -0.98491879157990 3.73392125490358
2026-09-25T16:20:12.000 -3037.901930023610 4434.108559728050 -4170.230897902830 -6.59763847624858 -0.99613440975394 3.74450732437026
2026-09-25T16:20:14.000 -3051.089515321430 4432.105079404510 -4162.731312931750 -6.58994125259324 -1.00734508529897 3.75507449191200
2026-09-25T16:20:16.000 -3064.261672770820 4430.079182719650 -4155.210612572280 -6.58221063419249 -1.01855076164984 3.76562270381855
2026-09-25T16:20:18.000 -3077.418335620640 4428.030879728400 -4147.668834789320 -6.57444665944575 -1.02975138226371 3.77615190647147
2026-09-25T16:20:20.000 -3090.559437196740 4425.960180598760 -4140.106017654910 -6.56664936692239 -1.04094689062036 3.78666204634449
2026-09-25T16:20:22.000 -3103.684910902300 4423.867095611760 -4132.522199348080 -6.55881879536153 -1.05213723022247 3.79715307000385
2026-09-25T16:20:24.000 -3116.794690218100 4421.751635161360 -4124.917418154600 -6.55095498367185 -1.06332234459596 3.80762492410864
2026-09-25T16:20:26.000 -3129.888708702950 4419.613809754490 -4117.291712466850 -6.54305797093142 -1.07450217729025 3.81807755541115
2026-09-25T16:20:28.000 -3142.966899993950 4417.453630010940 -4109.645120783600 -6.53512779638745 -1.08567667187855 3.82851091075722
2026-09-25T16:20:30.000 -3156.029197806900 4415.271106663320 -4101.977681709830 -6.52716449945609 -1.09684577195822 3.83892493708659
2026-09-25T16:20:32.000 -3169.075535936570 4413.066250557030 -4094.289433956580 -6.51916811972225 -1.10800942115096 3.84931958143327
2026-09-25T16:20:34.000 -3182.105848257090 4410.839072650210 -4086.580416340670 -6.51113869693934 -1.11916756310320 3.85969479092584
2026-09-25T16:20:36.000 -3195.120068722240 4408.589584013660 -4078.850667784630 -6.50307627102902 -1.13032014148633 3.87005051278782
2026-09-25T16:20:38.000 -3208.118131365840 4406.317795830850 -4071.100227316400 -6.49498088208104 -1.14146709999701 3.88038669433801
2026-09-25T16:20:40.000 -3221.099970302040 4404.023719397780 -4063.329134069210 -6.48685257035292 -1.15260838235744 3.89070328299082
2026-09-25T16:20:42.000 -3234.065519725680 4401.707366123020 -4055.537427281360 -6.47869137626975 -1.16374393231566 3.90100022625664
2026-09-25T16:20:44.000 -3247.014713912610 4399.368747527600 -4047.725146296040 -6.47049734042393 -1.17487369364583 3.91127747174212
2026-09-25T16:20:46.000 -3259.947487220030 4397.007875244990 -4039.892330561110 -6.46227050357492 -1.18599761014847 3.92153496715053
2026-09-25T16:20:48.000 -3272.863774086850 4394.624761021010 -4032.039019628960 -6.45401090664896 -1.19711562565081 3.93177266028209
2026-09-25T16:20:50.000 -3285.763509033970 4392.219416713820 -4024.165253156240 -6.44571859073885 -1.20822768400698 3.94199049903428
2026-09-25T16:20:52.000 -3298.646626664650 4389.791854293830 -4016.271070903750 -6.43739359710365 -1.21933372909834 3.95218843140217
2026-09-25T16:20:54.000 -3311.513061664850 4387.342085843660 -4008.356512736160 -6.42903596716843 -1.23043370483371 3.96236640547869
2026-09-25T16:20:56.000 -3324.362748803520 4384.870123558100 -4000.421618621900 -6.42064574252400 -1.24152755514967 3.97252436945501
2026-09-25T16:20:58.000 -3337.195622932970 4382.375979744030 -3992.466428632880 -6.41222296492663 -1.25261522401077 3.98266227162078
2026-09-25T16:21:00.000 -3350.011618989200 4379.859666820370 -3984.490982944370 -6.40376767629780 -1.26369665540984 3.99278006036445
2026-09-25T16:21:02.000 -3362.810671992200 4377.321197318020 -3976.495321834720 -6.39527991872390 -1.27477179336824 4.00287768417356
2026-09-25T16:21:04.000 -3375.592717046300 4374.760583879820 -3968.479485685240 -6.38675973445597 -1.28584058193608 4.01295509163503
2026-09-25T16:21:06.000 -3388.357689340500 4372.177839260480 -3960.443514979960 -6.37820716590944 -1.29690296519250 4.02301223143542
2026-09-25T16:21:08.000 -3401.105524148800 4369.572976326520 -3952.387450305420 -6.36962225566384 -1.30795888724591 4.03304905236124
2026-09-25T16:21:10.000 -3413.836156830510 4366.946008056210 -3944.311332350500 -6.36100504646254 -1.31900829223424 4.04306550329919
2026-09-25T16:21:12.000 -3426.549522830610 4364.296947539520 -3936.215201906220 -6.35235558121248 -1.33005112432519 4.05306153323642
2026-09-25T16:21:14.000 -3439.245557680040 4361.625807978040 -3928.099099865500 -6.34367390298387 -1.34108732771645 4.06303709126082
2026-09-25T16:21:16.000 -3451.924196996050 4358.932602684970 -3919.963067223000 -6.33496005501001 -1.35211684663597 4.07299212656123
2026-09-25T16:21:18.000 -3464.585376482510 4356.217345084980 -3911.807145074880 -6.32621408068692 -1.36313962534218 4.08292658842772
2026-09-25T16:21:20.000 -3477.229031930260 4353.480048714210 -3903.631374618650 -6.31743602357317 -1.37415560812424 4.09284042625180
2026-09-25T16:21:22.000 -3489.855099217420 4350.720727220220 -3895.435797152910 -6.30862592738957 -1.38516473930226 4.10273358952668
2026-09-25T16:21:24.000 -3502.463514309690 4347.939394361840 -3887.220454077180 -6.29978383601894 -1.39616696322756 4.11260602784749
2026-09-25T16:21:26.000 -3515.054213260730 4345.136064009220 -3878.985386891690 -6.29090979350588 -1.40716222428287 4.12245769091150
2026-09-25T16:21:28.000 -3527.627132212420 4342.310750143680 -3870.730637197180 -6.28200384405650 -1.41815046688259 4.13228852851835
2026-09-25T16:21:30.000 -3540.182207395240 4339.463466857700 -3862.456246694660 -6.27306603203817 -1.42913163547303 4.14209849057027
2026-09-25T16:21:32.000 -3552.719375128540 4336.594228354810 -3854.162257185260 -6.26409640197935 -1.44010567453261 4.15188752707227
2026-09-25T16:21:34.000 -3565.238571820920 4333.703048949580 -3845.848710570000 -6.25509499856928 -1.45107252857211 4.16165558813235
2026-09-25T16:21:36.000 -3577.739733970480 4330.789943067510 -3837.515648849560 -6.24606186665784 -1.46203214213493 4.17140262396173
2026-09-25T16:21:38.000 -3590.222798165220 4327.854925244970 -3829.163114124100 -6.23699705125528 -1.47298445979727 4.18112858487504
2026-09-25T16:21:40.000 -3602.687701083290 4324.898010129180 -3820.791148593060 -6.22790059753200 -1.48392942616842 4.19083342129049
2026-09-25T16:21:42.000 -3615.134379493350 4321.919212478070 -3812.399794554920 -6.21877255081842 -1.49486698589093 4.20051708373010
2026-09-25T16:21:44.000 -3627.562770254890 4318.918547160270 -3803.989094407040 -6.20961295660468 -1.50579708364093 4.21017952281987
2026-09-25T16:21:46.000 -3639.972810318530 4315.896029155010 -3795.559090645390 -6.20042186054053 -1.51671966412830 4.21982068928997
2026-09-25T16:21:48.000 -3652.364436726350 4312.851673552100 -3787.109825864410 -6.19119930843511 -1.52763467209693 4.22944053397496
2026-09-25T16:21:50.000 -3664.737586612220 4309.785495551790 -3778.641342756730 -6.18194534625675 -1.53854205232497 4.23903900781392
2026-09-25T16:21:52.000 -3677.092197202080 4306.697510464750 -3770.153684113020 -6.17266002013282 -1.54944174962509 4.24861606185069
2026-09-25T16:21:54.000 -3689.428205814310 4303.587733712010 -3761.646892821760 -6.16334337634956 -1.56033370884469 4.25817164723404
2026-09-25T16:21:56.000 -3701.745549860000 4300.456180824840 -3753.121011869020 -6.15399546135189 -1.57121787486614 4.26770571521782
2026-09-25T16:21:58.000 -3714.044166843300 4297.302867444730 -3744.576084338250 -6.14461632174329 -1.58209419260712 4.27721821716119
2026-09-25T16:22:00.000 -3726.323994361740 4294.127809323290 -3736.012153410090 -6.13520600428558 -1.59296260702074 4.28670910452879
2026-09-25T16:22:02.000 -3738.584970106490 4290.931022322210 -3727.429262362140 -6.12576455589885 -1.60382306309594 4.29617832889094
2026-09-25T16:22:04.000 -3750.827031862760 4287.712522413120 -3718.827454568750 -6.11629202366123 -1.61467550585763 4.30562584192377
2026-09-25T16:22:06.000 -3763.050117510060 4284.472325677610 -3710.206773500820 -6.10678845480882 -1.62551988036703 4.31505159540949
2026-09-25T16:22:08.000 -3775.254165022510 4281.210448307090 -3701.567262725560 -6.09725389673550 -1.63635613172190 4.32445554123654
2026-09-25T16:22:10.000 -3787.439112469210 4277.926906602740 -3692.908965906320 -6.08768839699280 -1.64718420505685 4.33383763139975
2026-09-25T16:22:12.000 -3799.604898014510 4274.621716975430 -3684.231926802340 -6.07809200328979 -1.65800404554358 4.34319781800060
2026-09-25T16:22:14.000 -3811.751459918310 4271.294895945660 -3675.536189268550 -6.06846476349293 -1.66881559839115 4.35253605324737
2026-09-25T16:22:16.000 -3823.878736536430 4267.946460143460 -3666.821797255370 -6.05880672562593 -1.67961880884630 4.36185228945537
2026-09-25T16:22:18.000 -3835.986666320880 4264.576426308340 -3658.088794808480 -6.04911793786965 -1.69041362219373 4.37114647904711
2026-09-25T16:22:20.000 -3848.075187820200 4261.184811289210 -3649.337226068580 -6.03939844856195 -1.70119998375636 4.38041857455254
2026-09-25T16:22:22.000 -3860.144239679760 4257.771632044270 -3640.567135271230 -6.02964830619756 -1.71197783889564 4.38966852860921
2026-09-25T16:22:24.000 -3872.193760642050 4254.336905640980 -3631.778566746610 -6.01986755942797 -1.72274713301185 4.39889629396255
2026-09-25T16:22:26.000 -3884.223689547070 4250.880649255940 -3622.971564919290 -6.01005625706128 -1.73350781154442 4.40810182346604
2026-09-25T16:22:28.000 -3896.233965332540 4247.402880174870 -3614.146174308010 -6.00021444806211 -1.74425981997217 4.41728507008141
2026-09-25T16:22:30.000 -3908.224527034300 4243.903615792450 -3605.302439525510 -5.99034218155143 -1.75500310381370 4.42644598687892
2026-09-25T16:22:32.000 -3920.195313786580 4240.382873612300 -3596.440405278260 -5.98043950680642 -1.76573760862764 4.43558452703756
2026-09-25T16:22:34.000 -3932.146264822320 4236.840671246890 -3587.560116366260 -5.97050647326041 -1.77646328001296 4.44470064384526
2026-09-25T16:22:36.000 -3944.077319473480 4233.277026417440 -3578.661617682850 -5.96054313050264 -1.78718006360935 4.45379429069914
2026-09-25T16:22:38.000 -3955.988417171350 4229.691956953860 -3569.744954214430 -5.95054952827821 -1.79788790509746 4.46286542110577
2026-09-25T16:22:40.000 -3967.879497446880 4226.085480794640 -3560.810171040310 -5.94052571648787 -1.80858675019926 4.47191398868136
2026-09-25T16:22:42.000 -3979.750499930960 4222.457615986810 -3551.857313332450 -5.93047174518793 -1.81927654467837 4.48093994715206
2026-09-25T16:22:44.000 -3991.601364354760 4218.808380685810 -3542.886426355220 -5.92038766459007 -1.82995723434035 4.48994325035416
2026-09-25T16:22:46.000 -4003.432030550030 4215.137793155430 -3533.897555465250 -5.91027352506118 -1.84062876503306 4.49892385223438
2026-09-25T16:22:48.000 -4015.242438449400 4211.445871767730 -3524.890746111130 -5.90012937712324 -1.85129108264696 4.50788170685010
2026-09-25T16:22:50.000 -4027.032528086700 4207.732635002940 -3515.866043833250 -5.88995527145311 -1.86194413311545 4.51681676836962
2026-09-25T16:22:52.000 -4038.802239597270 4203.998101449380 -3506.823494263530 -5.87975125888238 -1.87258786241520 4.52572899107244
2026-09-25T16:22:54.000 -4050.551513218280 4200.242289803380 -3497.763143125240 -5.86951739039719 -1.88322221656647 4.53461832934948
2026-09-25T16:22:56.000 -4062.280289289010 4196.465218869170 -3488.685036232750 -5.85925371713807 -1.89384714163345 4.54348473770340
2026-09-25T16:22:58.000 -4073.988508251180 4192.666907558830 -3479.589219491300 -5.84896029039968 -1.90446258372457 4.55232817074883
2026-09-25T16:23:00.000 -4085.676110649250 4188.847374892160 -3470.475738896810 -5.83863716163072 -1.91506848899284 4.56114858321266
2026-09-25T16:23:02.000 -4097.343037130750 4185.006639996610 -3461.344640535620 -5.82828438243362 -1.92566480363617 4.56994592993427
2026-09-25T16:23:04.000 -4108.989228446530 4181.144722107200 -3452.195970584270 -5.81790200456443 -1.93625147389772 4.57872016586588
2026-09-25T16:23:06.000 -4120.614625451160 4177.261640566420 -3443.029775309310 -5.80749007993253 -1.94682844606616 4.58747124607275
2026-09-25T16:23:08.000 -4132.219169103130 4173.357414824110 -3433.846101067010 -5.79704866060046 -1.95739566647608 4.59619912573348
2026-09-25T16:23:10.000 -4143.802800465230 4169.432064437430 -3424.644994303210 -5.78657779878366 -1.96795308150823 4.60490376014032
2026-09-25T16:23:12.000 -4155.365460704850 4165.485609070710 -3415.426501553020 -5.77607754685027 -1.97850063758987 4.61358510469940
2026-09-25T16:23:14.000 -4166.907091094230 4161.518068495390 -3406.190669440630 -5.76554795732086 -1.98903828119511 4.62224311493103
2026-09-25T16:23:16.000 -4178.427633010850 4157.529462589900 -3396.937544679090 -5.75498908286820 -1.99956595884517 4.63087774646996
2026-09-25T16:23:18.000 -4189.927027937640 4153.519811339600 -3387.667174070050 -5.74440097631703 -2.01008361710872 4.63948895506569
2026-09-25T16:23:20.000 -4201.405217463360 4149.489134836650 -3378.379604503550 -5.73378369064375 -2.02059120260217 4.64807669658272
2026-09-25T16:23:22.000 -4212.862143282880 4145.437453279930 -3369.074882957790 -5.72313727897621 -2.03108866198998 4.65664092700084
2026-09-25T16:23:24.000 -4224.297747197450 4141.364786974950 -3359.753056498890 -5.71246179459345 -2.04157594198498 4.66518160241538
2026-09-25T16:23:26.000 -4235.711971115060 4137.271156333750 -3350.414172280660 -5.70175729092535 -2.05205298934860 4.67369867903753
2026-09-25T16:23:28.000 -4247.104757050680 4133.156581874770 -3341.058277544380 -5.69102382155247 -2.06251975089121 4.68219211319457
2026-09-25T16:23:30.000 -4258.476047126620 4129.021084222820 -3331.685419618560 -5.68026144020567 -2.07297617347239 4.69066186133018
2026-09-25T16:23:32.000 -4269.825783572770 4124.864684108920 -3322.295645918710 -5.66947020076588 -2.08342220400122 4.69910788000466
2026-09-25T16:23:34.000 -4281.153908726970 4120.687402370220 -3312.889003947070 -5.65865015726380 -2.09385778943653 4.70753012589526
2026-09-25T16:23:36.000 -4292.460365035240 4116.489259949900 -3303.465541292450 -5.64780136387961 -2.10428287678720 4.71592855579641
2026-09-25T16:23:38.000 -4303.745095052120 4112.270277897090 -3294.025305629940 -5.63692387494268 -2.11469741311240 4.72430312661998
2026-09-25T16:23:40.000 -4315.008041440950 4108.030477366730 -3284.568344720670 -5.62601774493126 -2.12510134552187 4.73265379539557
2026-09-25T16:23:42.000 -4326.249146974210 4103.769879619500 -3275.094706411630 -5.61508302847220 -2.13549462117618 4.74098051927074
2026-09-25T16:23:44.000 -4337.468354533730 4099.488506021720 -3265.604438635350 -5.60411978034067 -2.14587718728695 4.74928325551131
2026-09-25T16:23:46.000 -4348.665607111070 4095.186378045210 -3256.097589409750 -5.59312805545980 -2.15624899111714 4.75756196150157
2026-09-25T16:23:48.000 -4359.840847807780 4090.863517267230 -3246.574206837840 -5.58210790890044 -2.16660997998128 4.76581659474458
2026-09-25T16:23:50.000 -4370.994019835690 4086.519945370350 -3237.034339107520 -5.57105939588083 -2.17696010124570 4.77404711286237
2026-09-25T16:23:52.000 -4382.125066517230 4082.155684142370 -3227.478034491320 -5.55998257176631 -2.18729930232876 4.78225347359624
2026-09-25T16:23:54.000 -4393.233931285700 4077.770755476180 -3217.905341346160 -5.54887749206901 -2.19762753070111 4.79043563480698
2026-09-25T16:23:56.000 -4404.320557685560 4073.365181369690 -3208.316308113120 -5.53774421244757 -2.20794473388587 4.79859355447514
2026-09-25T16:23:58.000 -4415.384889372740 4068.938983925710 -3198.710983317220 -5.52658278870681 -2.21825085945893 4.80672719070123
2026-09-25T16:24:00.000 -4426.426870114930 4064.492185351840 -3189.089415567140 -5.51539327679747 -2.22854585504910 4.81483650170601
2026-09-25T16:24:02.000 -4437.446443791880 4060.024807960380 -3179.451653554990 -5.50417573281590 -2.23882966833834 4.82292144583069
2026-09-25T16:24:04.000 -4448.443554395640 4055.536874168200 -3169.797746056090 -5.49293021300375 -2.24910224706201 4.83098198153720
2026-09-25T16:24:06.000 -4459.418146030930 4051.028406496650 -3160.127741928730 -5.48165677374772 -2.25936353900906 4.83901806740840
2026-09-25T16:24:08.000 -4470.370162915350 4046.499427571460 -3150.441690113880 -5.47035547157924 -2.26961349202224 4.84702966214834
2026-09-25T16:24:10.000 -4481.299549379750 4041.949960122590 -3140.739639635010 -5.45902636317418 -2.27985205399832 4.85501672458247
2026-09-25T16:24:12.000 -4492.206249868440 4037.380026984190 -3131.021639597800 -5.44766950535263 -2.29007917288829 4.86297921365788
2026-09-25T16:24:14.000 -4503.090208939520 4032.789651094420 -3121.287739189910 -5.43628495507854 -2.30029479669754 4.87091708844353
2026-09-25T16:24:16.000 -4513.951371265180 4028.178855495410 -3111.537987680760 -5.42487276945950 -2.31049887348613 4.87883030813050
2026-09-25T16:24:18.000 -4524.789681631960 4023.547663333090 -3101.772434421250 -5.41343300574646 -2.32069135136895 4.88671883203218
2026-09-25T16:24:20.000 -4535.605084941030 4018.896097857090 -3091.991128843530 -5.40196572133345 -2.33087217851593 4.89458261958453
2026-09-25T16:24:22.000 -4546.397526208520 4014.224182420700 -3082.194120460770 -5.39047097375734 -2.34104130315224 4.90242163034628
2026-09-25T16:24:24.000 -4557.166950565740 4009.531940480640 -3072.381458866890 -5.37894882069755 -2.35119867355853 4.91023582399920
2026-09-25T16:24:26.000 -4567.913303259530 4004.819395597060 -3062.553193736310 -5.36739931997583 -2.36134423807110 4.91802516034829
2026-09-25T16:24:28.000 -4578.636529652510 4000.086571433360 -3052.709374823750 -5.35582252955598 -2.37147794508214 4.92578959932200
2026-09-25T16:24:30.000 -4589.336575223350 3995.333491756100 -3042.850051963910 -5.34421850754363 -2.38159974303990 4.93352910097252
2026-09-25T16:24:32.000 -4600.013385567110 3990.560180434900 -3032.975275071290 -5.33258731218594 -2.39170958044897 4.94124362547593
2026-09-25T16:24:34.000 -4610.666906395460 3985.766661442300 -3023.085094139910 -5.32092900187146 -2.40180740587043 4.94893313313248
2026-09-25T16:24:36.000 -4621.297083536980 3980.952958853670 -3013.179559243050 -5.30924363512977 -2.41189316792209 4.95659758436681
2026-09-25T16:24:38.000 -4631.903862937470 3976.119096847070 -3003.258720533030 -5.29753127063136 -2.42196681527873 4.96423693972817
2026-09-25T16:24:40.000 -4642.487190660200 3971.265099703190 -2993.322628240940 -5.28579196718729 -2.43202829667231 4.97185115989066
2026-09-25T16:24:42.000 -4653.047012886220 3966.390991805170 -2983.371332676400 -5.27402578374907 -2.44207756089220 4.97944020565346
2026-09-25T16:24:44.000 -4663.583275914590 3961.496797638510 -2973.404884227310 -5.26223277940834 -2.45211455678542 4.98700403794106
2026-09-25T16:24:46.000 -4674.095926162730 3956.582541790980 -2963.423333359590 -5.25041301339670 -2.46213923325687 4.99454261780351
2026-09-25T16:24:48.000 -4684.584910166640 3951.648248952460 -2953.426730616930 -5.23856654508546 -2.47215153926956 5.00205590641666
2026-09-25T16:24:50.000 -4695.050174581210 3946.693943914860 -2943.415126620560 -5.22669343398544 -2.48215142384489 5.00954386508236
2026-09-25T16:24:52.000 -4705.491666180490 3941.719651571980 -2933.388572068950 -5.21479373974674 -2.49213883606287 5.01700645522876
2026-09-25T16:24:54.000 -4715.909331857960 3936.725396919420 -2923.347117737620 -5.20286752215848 -2.50211372506240 5.02444363841049
2026-09-25T16:24:56.000 -4726.303118626840 3931.711205054420 -2913.290814478830 -5.19091484114867 -2.51207604004151 5.03185537630895
2026-09-25T16:24:58.000 -4736.672973620320 3926.677101175760 -2903.219713221370 -5.17893575678388 -2.52202573025763 5.03924163073255
2026-09-25T16:25:00.000 -4747.018844091870 3921.623110583680 -2893.133864970260 -5.16693032926912 -2.53196274502787 5.04660236361693
2026-09-25T16:25:02.000 -4757.340677415520 3916.549258679700 -2883.033320806560 -5.15489861894753 -2.54188703372931 5.05393753702523
2026-09-25T16:25:04.000 -4767.638421086110 3911.455570966520 -2872.918131887020 -5.14284068630022 -2.55179854579925 5.06124711314834
2026-09-25T16:25:06.000 -4777.912022719580 3906.342073047930 -2862.788349443940 -5.13075659194603 -2.56169723073551 5.06853105430514
2026-09-25T16:25:08.000 -4788.161430053260 3901.208790628630 -2852.644024784820 -5.11864639664126 -2.57158303809673 5.07578932294277
2026-09-25T16:25:10.000 -4798.386590946110 3896.055749514180 -2842.485209292140 -5.10651016127950 -2.58145591750267 5.08302188163687
2026-09-25T16:25:12.000 -4808.587453379020 3890.882975610800 -2832.311954423100 -5.09434794689136 -2.59131581863450 5.09022869309184
2026-09-25T16:25:14.000 -4818.763965455100 3885.690494925330 -2822.124311709380 -5.08215981464424 -2.60116269123510 5.09740972014109
2026-09-25T16:25:16.000 -4828.916075399890 3880.478333565020 -2811.922332756830 -5.06994582584210 -2.61099648510940 5.10456492574732
2026-09-25T16:25:18.000 -4839.043731561720 3875.246517737470 -2801.706069245290 -5.05770604192518 -2.62081715012467 5.11169427300275
2026-09-25T16:25:20.000 -4849.146882411900 3869.995073750470 -2791.475572928240 -5.04544052446982 -2.63062463621084 5.11879772512940
2026-09-25T16:25:22.000 -4859.225476545040 3864.724028011910 -2781.230895632630 -5.03314933518812 -2.64041889336087 5.12587524547933
2026-09-25T16:25:24.000 -4869.279462679330 3859.433407029620 -2770.972089258530 -5.02083253592775 -2.65019987163100 5.13292679753492
2026-09-25T16:25:26.000 -4879.308789656750 3854.123237411230 -2760.699205778940 -5.00849018867165 -2.65996752114114 5.13995234490911
2026-09-25T16:25:28.000 -4889.313406443430 3848.793545864100 -2750.412297239520 -4.99612235553777 -2.66972179207520 5.14695185134567
2026-09-25T16:25:30.000 -4899.293262129820 3843.444359195150 -2740.111415758270 -4.98372909877880 -2.67946263468138 5.15392528071945
2026-09-25T16:25:32.000 -4909.248305931050 3838.075704310720 -2729.796613525350 -4.97131048078189 -2.68918999927260 5.16087259703665
2026-09-25T16:25:34.000 -4919.178487187130 3832.687608216490 -2719.467942802740 -4.95886656406833 -2.69890383622672 5.16779376443506
2026-09-25T16:25:36.000 -4929.083755363280 3827.280098017280 -2709.125455924040 -4.94639741129331 -2.70860409598700 5.17468874718433
2026-09-25T16:25:38.000 -4938.964060050120 3821.853200917000 -2698.769205294170 -4.93390308524557 -2.71829072906238 5.18155750968621
2026-09-25T16:25:40.000 -4948.819350964020 3816.406944218440 -2688.399243389110 -4.92138364884715 -2.72796368602782 5.18840001647481
2026-09-25T16:25:42.000 -4958.649577947310 3810.941355323200 -2678.015622755640 -4.90883916515300 -2.73762291752470 5.19521623221686
2026-09-25T16:25:44.000 -4968.454690968560 3805.456461731520 -2667.618396011080 -4.89626969735074 -2.74726837426111 5.20200612171191
2026-09-25T16:25:46.000 -4978.234640122850 3799.952291042150 -2657.207615843000 -4.88367530876030 -2.75690000701222 5.20876964989266
2026-09-25T16:25:48.000 -4987.989375632040 3794.428870952230 -2646.783335009010 -4.87105606283357 -2.76651776662064 5.21550678182512
2026-09-25T16:25:50.000 -4997.718847845010 3788.886229257150 -2636.345606336410 -4.85841202315411 -2.77612160399674 5.22221748270888
2026-09-25T16:25:52.000 -5007.423007237960 3783.324393850410 -2625.894482721980 -4.84574325343676 -2.78571147011900 5.22890171787737
2026-09-25T16:25:54.000 -5017.101804414630 3777.743392723480 -2615.430017131730 -4.83304981752732 -2.79528731603435 5.23555945279805
2026-09-25T16:25:56.000 -5026.755190106590 3772.143253965670 -2604.952262600560 -4.82033177940221 -2.80484909285854 5.24219065307268
2026-09-25T16:25:58.000 -5036.383115173500 3766.524005763990 -2594.461272232050 -4.80758920316806 -2.81439675177643 5.24879528443751
2026-09-25T16:26:00.000 -5045.985530603340 3760.885676403000 -2583.957099198170 -4.79482215306139 -2.82393024404234 5.25537331276353
2026-09-25T16:26:02.000 -5055.562387512730 3755.228294264700 -2573.439796739020 -4.78203069344823 -2.83344952098041 5.26192470405667
2026-09-25T16:26:04.000 -5065.113637147130 3749.551887828370 -2562.909418162540 -4.76921488882375 -2.84295453398488 5.26844942445804
2026-09-25T16:26:06.000 -5074.639230881100 3743.856485670410 -2552.366016844270 -4.75637480381187 -2.85244523452046 5.27494744024410
2026-09-25T16:26:08.000 -5084.139120218610 3738.142116464250 -2541.809646227040 -4.74351050316489 -2.86192157412261 5.28141871782689
2026-09-25T16:26:10.000 -5093.613256793250 3732.408808980140 -2531.240359820730 -4.73062205176310 -2.87138350439789 5.28786322375425
2026-09-25T16:26:12.000 -5103.061592368500 3726.656592085090 -2520.658211202010 -4.71770951461440 -2.88083097702424 5.29428092470997
2026-09-25T16:26:14.000 -5112.484078837970 3720.885494742650 -2510.063254014000 -4.70477295685391 -2.89026394375131 5.30067178751403
2026-09-25T16:26:16.000 -5121.880668225680 3715.095546012800 -2499.455541966080 -4.69181244374358 -2.89968235640076 5.30703577912277
2026-09-25T16:26:18.000 -5131.251312686300 3709.286775051830 -2488.835128833580 -4.67882804067178 -2.90908616686653 5.31337286662905
2026-09-25T16:26:20.000 -5140.595964505400 3703.459211112150 -2478.202068457480 -4.66581981315292 -2.91847532711518 5.31968301726248
2026-09-25T16:26:22.000 -5149.914576099700 3697.612883542160 -2467.556414744200 -4.65278782682707 -2.92784978918613 5.32596619838957
2026-09-25T16:26:24.000 -5159.207100017340 3691.747821786120 -2456.898221665260 -4.63973214745952 -2.93720950519195 5.33222237751388
2026-09-25T16:26:26.000 -5168.473488938100 3685.864055383980 -2446.227543257060 -4.62665284094045 -2.94655442731867 5.33845152227622
2026-09-25T16:26:28.000 -5177.713695673680 3679.961613971260 -2435.544433620550 -4.61354997328445 -2.95588450782602 5.34465360045482
2026-09-25T16:26:30.000 -5186.927673167910 3674.040527278870 -2424.848946921020 -4.60042361063021 -2.96519969904769 5.35082857996545
2026-09-25T16:26:31.049 -5191.756154461040 3670.923430312290 -2419.226946516080 -4.59352051277667 -2.97008587722488 5.35406069543971
2026-09-25T16:30:31.049 -6092.540103779390 2833.603590177690 -1061.879649652040 -2.86702573865919 -3.96524311525671 5.88816769041906
2026-09-25T16:34:31.049 -6551.127264297700 1790.631463285190 372.745782617159 -0.93104764575818 -4.67329327220008 5.99398488599469
2026-09-25T16:38:31.049 -6533.958308326200 617.622595964160 1780.220883647310 1.07330316480452 -5.04218278117585 5.66323956077812
2026-09-25T16:42:31.049 -6042.204257437650 -600.243404308167 3058.021719344090 2.99958510928180 -5.04482700883579 4.92002878276519
2026-09-25T16:46:31.049 -5111.671250076030 -1774.523833645490 4113.127518036830 4.70749099822242 -4.68122919061417 3.81884749184166
2026-09-25T16:50:31.049 -3810.056969519450 -2819.998661746820 4868.809870503220 6.07313845956619 -3.97801465632945 2.44009666175351
2026-09-25T16:54:31.049 -2231.931874227000 -3660.831560889350 5270.155758845140 6.99777186726787 -2.98625274448974 0.88404226361848
2026-09-25T16:58:31.049 -491.849344987548 -4236.013971689950 5287.982101264430 7.41459334569500 -1.77768500974295 -0.73646546355405
2026-09-25T17:02:31.049 1283.917387969340 -4503.728669200910 4920.893718663530 7.29325988967666 -0.43953812840193 -2.30406937651576
2026-09-25T17:06:31.049 2966.413019265550 -4444.353234945670 4195.399274853220 6.64193314180724 0.93150530243889 -3.70493237060509
2026-09-25T17:10:31.049 4433.269720208850 -4061.946533739540 3164.101926025420 5.50711334948754 2.23593859438384 -4.83674713378072
2026-09-25T17:14:31.050 5577.632084660300 -3384.081083364340 1902.005279813750 3.97086608048565 3.37852635602992 -5.61636363379505
2026-09-25T17:18:31.049 6316.078886207370 -2459.950420920830 501.105433801316 2.14526724262844 4.27551464845447 -5.98627910480287
2026-09-25T17:22:31.050 6594.885401321890 -1356.800025279940 -936.373796230799 0.16411579260201 4.86120898093200 -5.91935172657508
2026-09-25T17:26:31.049 6394.028944008600 -154.950291331647 -2305.578283163100 -1.82734276694106 5.09303960268942 -5.42094237730359
2026-09-25T17:30:31.050 5728.606916417460 1058.178454236620 -3506.821949489750 -3.68359734023189 4.95478261672497 -4.52844638181614
2026-09-25T17:34:31.049 4647.541245605270 2194.554225853850 -4452.935253767730 -5.27006443419167 4.45750675647200 -3.30801259973688
2026-09-25T17:38:31.050 3229.748596657290 3171.955984222750 -5075.540149595560 -6.47282384135027 3.63817332059761 -1.84903026225641
2026-09-25T17:42:31.049 1578.226363166860 3919.839324641030 -5329.827097519480 -7.20620909606720 2.55647731143229 -0.25731183880549
2026-09-25T17:46:31.050 -187.425167774441 4384.278928117000 -5197.603431759050 -7.41824783690842 1.29038391272296 1.35244820323258
2026-09-25T17:50:31.049 -1939.515717529460 4531.716963237840 -4688.488846797240 -7.09384457367053 -0.06931394692611 2.86447446197086
2026-09-25T17:54:31.050 -3551.279350590990 4351.326990398880 -3839.237155980450 -6.25579000045459 -1.42501804120909 4.16970937432214
2026-09-25T17:58:31.049 -4905.878877974660 3855.872120864900 -2711.212660525510 -4.96365055117862 -2.67889844309655 5.17335154092827
2026-09-25T18:02:31.050 -5904.848754060490 3080.925809450380 -1386.115097183230 -3.31013358572929 -3.73985391562661 5.80181455607298
2026-09-25T18:06:31.049 -6475.357699629410 2082.438850887290 39.830615075865 -1.41492053694077 -4.53026163377453 6.00847473279641
2026-09-25T18:10:31.050 -6575.696649007730 932.753067709468 1462.867204751910 0.58395318579870 -4.99207133429969 5.77765325780808
2026-09-25T18:14:31.049 -6198.447876177880 -284.681552255859 2779.353837579000 2.54058181907806 -5.09135415703861 5.12599812654912
2026-09-25T18:18:31.050 -5371.052792895230 -1481.446117411220 3893.425749894590 4.31224870429098 -4.82090857373213 4.10124328566240
2026-09-25T18:22:31.049 -4153.722949215670 -2570.663421111990 4724.041179844610 5.77027266558765 -4.20063664342449 2.77833628646087
2026-09-25T18:26:31.050 -2634.929637901960 -3473.321461576680 5210.840459814930 6.80922389536491 -3.27571270420665 1.25357119749558
2026-09-25T18:30:31.049 -924.920500771546 -4123.936735554490 5318.432354883150 7.35405224934551 -2.11300636394304 -0.36250987470999
2026-09-25T18:34:31.050 852.213039427279 -4475.226502164620 5038.902999086120 7.36513949385809 -0.79644833434981 -1.95280882074730
2026-09-25T18:38:31.049 2567.438046373010 -4501.519213925370 4392.404701937520 6.84116189736668 0.57886476790213 -3.40192178382477
2026-09-25T18:42:31.049 4096.045654277360 -4200.654957524290 3425.777881282680 5.81934996504619 1.91321493608616 -4.60416119681360
2026-09-25T18:46:31.049 5326.708988686160 -3594.260544718740 2209.277288135800 4.37339156992008 3.10932525072138 -5.47133336070390
2026-09-25T18:50:31.049 6169.700073140640 -2726.294130669800 831.540870202438 2.60857649440512 4.07954923771299 -5.93945754106414
2026-09-25T18:54:31.049 6563.627051124080 -1659.899521892310 -606.894724088206 0.65423907020917 4.75273525701413 -5.97407260873973
2026-09-25T18:58:31.049 6480.032604865810 -472.738878650237 -2001.073974380860 -1.34627686815673 5.07982291197005 -5.57302922797561
2026-09-25T19:02:31.049 5925.449723501400 748.793168046189 -3249.431425617540 -3.24662648366747 5.03755200239547 -4.76652147758704
2026-09-25T19:06:31.049 4940.761772266440 1915.989835592880 -4261.295121586240 -4.90872505775946 4.62996865944827 -3.61447902438298
2026-09-25T19:10:31.049 3597.965417147270 2944.333610217750 -4963.460719713490 -6.21292288174124 3.88762785779638 -2.20153423306217
2026-09-25T19:14:31.049 1994.720915625250 3759.564447141840 -5305.347382769540 -7.06618847876864 2.86485702558813 -0.63039211469978
2026-09-25T19:18:31.049 247.205442038876 4302.900653663900 -5262.451557681950 -7.40803675018973 1.63551424659205 0.98561885460053
2026-09-25T19:22:31.049 -1518.181074534100 4535.120729512760 -4837.970892536420 -7.21420622802660 0.28782128617250 2.53029052737549
2026-09-25T19:26:31.049 -3173.741143942080 4439.315200077070 -4062.555142985760 -6.49822346258234 -1.08154906467970 3.89234057633666
2026-09-25T19:30:31.049 -4599.525604838600 4022.148826672100 -2992.212287456360 -5.31085888457332 -2.37393718001034 4.97299192983037
2026-09-25T19:34:31.049 -5691.967829173870 3313.514854803390 -1704.423033193670 -3.73713894426778 -3.49560216023361 5.69320782451420
2026-09-25T19:38:31.049 -6371.482795786420 2364.520124656630 -292.648246961730 -1.89074342467103 -4.36462249907679 5.99974186627026
2026-09-25T19:42:31.049 -6588.427665031370 1243.874265949520 1140.425322846170 0.09400687197260 -4.91719843408194 5.86952064120345
2026-09-25T19:46:31.049 -6326.884802345890 32.898147991059 2490.435916715990 2.07221384668384 -5.11274656837865 5.31178958750769
2026-09-25T19:50:31.049 -5605.861573909320 -1180.469812295660 3659.073014711820 3.89960050070088 -4.93702855331911 4.36736647602159
2026-09-25T19:54:31.049 -4477.828892010830 -2308.137767649750 4561.300728956050 5.44329007313654 -4.40296973858168 3.10532869570083
2026-09-25T19:58:31.049 -3024.800514006350 -3268.286325145120 5131.539346948580 6.59147737052112 -3.54956370886208 1.61768367073404
2026-09-25T20:02:31.049 -1352.278539401000 -3991.278083219760 5328.355460178800 7.26132966722268 -2.43864075610202 0.01239566279002
2026-09-25T20:06:31.049 418.386644772525 -4424.606605601890 5137.373163915770 7.40430682534272 -1.15031386577660 -1.59432776658144
2026-09-25T20:10:31.049 2158.661910648640 -4536.661273694200 4572.307389533960 7.00950626356586 0.22239119974968 -3.08594681172207
2026-09-25T20:14:31.050 3742.059574883730 -4319.064117463060 3674.060984198820 6.10482207841314 1.58004472515879 -4.35380940092387
2026-09-25T20:18:31.049 5053.302800807920 -3787.373673662770 2507.873216782950 4.75531859972605 2.82379238174735 -5.30501285535960
2026-09-25T20:22:31.050 5996.801564898640 -2980.078210019910 1158.672892810150 3.05905924233224 3.86260923275202 -5.86945271284440
2026-09-25T20:26:31.049 6503.798387298790 -1955.868988919600 -275.105413439949 1.14019831334622 4.62028137639702 -6.00548579549213
2026-09-25T20:30:31.050 6537.537518353340 -789.333643644160 -1688.821819668620 -0.86045816882630 5.04142444057558 -5.70339106955769
2026-09-25T20:34:31.049 6095.970139356300 434.602093388852 -2979.432869755140 -2.79640383874501 5.09581593835932 -4.98606864858939
2026-09-25T20:38:31.050 5211.757281917290 1626.999931153450 -4053.121409827360 -4.52672326261060 4.78038708915962 -3.90694896297811
2026-09-25T20:42:31.049 3949.649545666380 2701.449025097670 -4832.129532133640 -5.92654855144401 4.11905004966327 -2.54550373733246
2026-09-25T20:46:31.050 2401.544640337950 3580.303562046260 -5260.279965492180 -6.89579338278147 3.16040803214025 -1.00093558717634
2026-09-25T20:50:31.049 679.713939442384 4200.173214978540 -5306.845366238590 -7.36566587244010 1.97390004460196 0.61514495525284
2026-09-25T20:54:31.050 -1091.263003746060 4516.338520795470 -4968.596333491020 -7.30289576130358 0.64476709494070 2.18650502152191
2026-09-25T20:58:31.049 -2783.305303308550 4505.866464159720 -4269.977323764660 -6.71175300373561 -0.73168089157363 3.60004862191673
2026-09-25T21:02:31.050 -4273.882634562930 4169.274372925200 -3261.429229974700 -5.63401906478024 -2.05644303054091 4.75349198708947
2026-09-25T21:06:31.049 -5454.781855458000 3530.612648201240 -2015.913742023350 -4.14665042455080 -3.23356004087871 5.56260306392510
2026-09-25T21:10:31.050 -6240.028465139110 2635.890471957520 -623.780857265403 -2.35696343326966 -4.17717892418751 5.96769501921874
2026-09-25T21:14:31.049 -6572.303315570300 1549.839072817470 813.752006675596 -0.39496042980485 -4.81813439585313 5.93851307339791
2026-09-25T21:18:31.050 -6427.270434520120 351.238348437225 2192.015170949420 1.59621103912838 -5.10930722362206 5.47678414617544
2026-09-25T21:22:31.049 -5815.439766873900 -872.868707652876 3410.626212700870 3.47120924851308 -5.02940311909248 4.61626367684581
2026-09-25T21:26:31.050 -4781.351813910250 -2033.598219015120 4380.895326008700 5.09357734578168 -4.58442911135560 3.41997557206910
2026-09-25T21:30:31.049 -3400.208770500020 -3046.725410336410 5032.283574369470 6.34577072759590 -3.80689310399818 1.97515199756709
2026-09-25T21:34:31.050 -1772.325971237740 -3838.762684492920 5317.457858739010 7.13728879106918 -2.75321523660161 0.38678227100069
2026-09-25T21:38:31.049 -15.834268670050 -4352.227089109730 5215.655691074830 7.41098955411381 -1.49949398122974 -1.23006216318732
2026-09-25T21:42:31.049 1741.803246040750 -4549.724366889040 4734.134578504220 7.14666213693846 -0.13611163757127 -2.75827141657390
2026-09-25T21:46:31.049 3372.887951046750 -4416.677106723590 3907.706952921270 6.36265930318641 1.23826834645332 -4.08667433040526
2026-09-25T21:50:31.049 4758.712582732880 -3962.490330361800 2796.351421432230 5.11520826105612 2.52366931391968 -5.11804065516405
2026-09-25T21:54:31.049 5798.272974173850 -3219.987585708880 1480.956576621810 3.49476625779309 3.62611903210592 -5.77646381101136
2026-09-25T21:58:31.049 6415.783859629960 -2243.109963211610 57.458554085880 1.61976697845907 4.46476301479310 -6.01332054084681
2026-09-25T22:02:31.049 6566.380329339090 -1102.983845672350 -1370.243218104400 -0.37221416162560 4.97819793320079 -5.81135380737151
2026-09-25T22:06:31.049 6239.450528801100 117.365349881138 -2698.037583494420 -2.33517285785109 5.12929864893681 -5.18602501990223
2026-09-25T22:10:31.049 5459.307423398480 1329.205921313870 -3829.331061761820 -4.12596193753255 4.90789769497375 -4.18406250840622
2026-09-25T22:14:31.049 4283.182159601040 2444.657869519490 -4682.118279544950 -5.61509714880387 4.33111609788343 -2.87944321344503
2026-09-25T22:18:31.049 2796.810435866360 3383.058576321790 -5194.834975399950 -6.69587207749086 3.44153551040124 -1.36743345167994
2026-09-25T22:22:31.049 1108.073478197830 4076.692355213000 -5330.632101492200 -7.29143778105856 2.30375630670924 0.24253412855388
2026-09-25T22:26:31.049 -660.787611229398 4475.524339535080 -5079.859076997110 -7.35960225352263 0.99965306444317 1.83454221993542
2026-09-25T22:30:31.049 -2381.847986359190 4550.687361213070 -4460.674434990170 -6.89543458798840 -0.37724836935409 3.29407148743969
2026-09-25T22:34:31.049 -3930.531635953990 4296.539639842060 -3517.779241935410 -5.93166105786286 -1.72801255808420 4.51571706640792
2026-09-25T22:38:31.049 -5194.481450184990 3731.166173689640 -2319.343159665270 -4.53690925326454 -2.95499688162520 5.41047973261948
2026-09-25T22:42:31.049 -6081.732180344860 2895.231744731280 -952.246981762967 -2.81154875674544 -3.96885074593627 5.91247426743670
2026-09-25T22:46:31.049 -6527.552876898550 1849.168853678320 484.148178524109 -0.88080703972029 -4.69527757730494 5.98433081952876
2026-09-25T22:50:31.049 -6499.337714841540 668.826301518826 1885.278145013190 1.11454198844556 -5.08095131186663 5.62035336097744
2026-09-25T22:54:31.049 -5999.073046727310 -560.093466786287 3149.090781744890 3.02884327923500 -5.09760956189892 4.84705188128328
2026-09-25T22:58:31.049 -5063.180375094520 -1748.344573750440 4183.581871050940 4.72261903817927 -4.74415502478906 3.72109465153688
2026-09-25T23:02:31.049 -3759.753340421000 -2809.685696303490 4913.532774467010 6.07302722447439 -4.04650767242516 2.32474038821881
2026-09-25T23:06:31.049 -2183.488067640330 -3667.133492111870 5285.912384514970 6.98249344904993 -3.05537697634641 0.75947468943182
2026-09-25T23:10:31.049 -448.786943835361 -4258.477103287030 5273.632154137800 7.38530440526312 -1.84240918320939 -0.86126325837286
2026-09-25T23:14:31.050 1318.475387440280 -4540.715736769840 4877.473447631330 7.25211339779182 -0.49509145772565 -2.42005130667234
2026-09-25T23:18:31.049 2989.962015066670 -4493.149838722590 4126.054202770330 6.59189060534059 0.88925671017104 -3.80366664957672
2026-09-25T23:22:31.050 4444.093479474530 -4118.962624977910 3073.864445826140 5.45173898165031 2.21011084429408 -4.91104827001630
2026-09-25T23:26:31.049 5574.920045768600 -3445.125940096110 1797.433899263320 3.91412526465566 3.37098701525322 -5.66077416786757
2026-09-25T23:30:31.050 6299.994854837770 -2520.544077040850 389.815220792050 2.09125152089246 4.28677877328180 -5.99750331536675
2026-09-25T23:34:31.049 6566.563363633910 -1412.511118051810 -1046.261188671000 0.11678545345357 4.89036581797342 -5.89650250836760
2026-09-25T23:38:31.050 6355.511899981810 -201.724163515492 -2406.037663164910 -1.86444013963410 5.13790295167280 -5.36571951664363
2026-09-25T23:42:31.049 5682.695251690340 1023.740432207940 -3590.530434727380 -3.70774810015364 5.01208981758816 -4.44494015319210
2026-09-25T23:46:31.050 4597.569018104190 2174.953326484560 -4513.801305299870 -5.27955503919337 4.52308418385734 -3.20232926468461
2026-09-25T23:50:31.049 3179.331869641650 3168.610862939270 -5109.135368804680 -6.46702427538308 3.70722638495998 -1.72883478329349
2026-09-25T23:54:31.050 1531.002351227030 3932.976855615350 -5333.694149850330 -7.18556457090682 2.62393189387802 -0.13126994718640
2026-09-25T23:58:31.049 -228.049681067753 4412.912564601770 -5171.426457484990 -7.38421719472515 1.35126392533673 1.47525692942133
2026-09-26T00:02:31.050 -1970.594465717000 4573.719873389710 -4634.120185817530 -7.04879527734114 -0.01946047469427 2.97516301026497
2026-09-26T00:06:31.049 -3570.537753801890 4403.601462694360 -3760.575127976250 -6.20292663306192 -1.38979608991306 4.26023355642505
2026-09-26T00:10:31.050 -4911.884410082530 3914.575625144390 -2613.920211707340 -4.90672925130965 -2.66087583428341 5.23712671067418
2026-09-26T00:14:31.049 -5897.108033232630 3141.746903358590 -1277.220288101340 -3.25319057696618 -3.74032835387505 5.83411389300934
2026-09-26T00:18:31.050 -6454.360776793720 2140.923638926300 152.427470066248 -1.36207804831282 -4.54911971147506 6.00681303871476
2026-09-26T00:22:31.049 -6542.908718509270 984.640165096713 1570.966779189950 0.62874448923185 -5.02784405144504 5.74205917621238
2026-09-26T00:26:31.050 -6156.225164371270 -243.156187039796 2875.074236478240 2.57391324270163 -5.14140819461852 5.05907299641336
2026-09-26T00:30:31.049 -5322.464594057790 -1453.295941733660 3969.795945487420 4.33163237806517 -4.88163939148664 4.00791106213274
2026-09-26T00:34:31.050 -4102.309398197600 -2557.936175315190 4775.510193761530 5.77429150316470 -4.26764205306025 2.66542960110927
2026-09-26T00:38:31.049 -2584.437603157790 -3476.940873895260 5233.676054355990 6.79756339925950 -3.34409991809964 1.12933250055981
2026-09-26T00:42:31.049 -879.035363458463 -4143.642661210630 5310.996058502850 7.32756848481468 -2.17786788990975 -0.48899611970738
2026-09-26T00:46:31.049 890.152171325482 -4509.604028957130 5001.759337055680 7.32581457423423 -0.85310209185642 -2.07237836400554
2026-09-26T00:50:31.049 2594.678265729380 -4548.087340801920 4328.273615712670 6.79188021998355 0.53455184478687 -3.50587209797244
2026-09-26T00:54:31.049 4110.618573114140 -4256.042173766010 3339.345811543960 5.76371900229542 1.88449007405416 -4.68491190291610
2026-09-26T00:58:31.049 5327.575191538630 -3654.449306167290 2106.860900277970 4.31551198869827 3.09828297337098 -5.52296964137662
2026-09-26T01:02:31.049 6156.834333503550 -2786.915391163490 720.624339127036 2.55272980771580 4.08701498823952 -5.95823165021637
2026-09-26T01:06:31.049 6538.012489980640 -1716.546560113830 -718.214695113773 0.60450190518875 4.77818345723882 -5.95863926580359
2026-09-26T01:10:31.049 6443.589395996600 -521.294339223252 -2104.675843304430 -1.38621437049856 5.12139509359867 -5.52455419723515
2026-09-26T01:14:31.049 5880.899905074170 711.861919098263 -3337.776702879410 -3.27384274719692 5.09226553281550 -4.68865574174968
2026-09-26T01:18:31.049 4891.405866075460 1893.380513396800 -4327.982873772260 -4.92133417505560 4.69388175300772 -3.51297668959532
2026-09-26T01:22:31.049 3547.425665714370 2937.710406994690 -5003.677586573360 -6.21014537043851 3.95611926717558 -2.08378416602945
2026-09-26T01:26:31.049 1946.671366291200 3769.427586034430 -5316.194132935700 -7.04835523924452 2.93289986716992 -0.50486341437653
2026-09-26T01:30:31.049 205.120152340343 4328.533757344570 -5243.135845450180 -7.37646558761946 1.69807089810864 1.10993011319436
2026-09-26T01:34:31.049 -1551.254641662190 4574.638736518450 -4789.865307661180 -7.17111783867378 0.34025305306308 2.64443832419437
2026-09-26T01:38:31.049 -3195.386418017880 4489.807069895440 -3989.113515349980 -6.44664190914312 -1.04309089060552 3.98803642288279
2026-09-26T01:42:31.049 -4608.135573881080 4079.902676585790 -2898.731190264160 -5.25446571379184 -2.35225214948992 5.04327261682137
2026-09-26T01:46:31.049 -5686.866652264300 3374.286261134550 -1597.659154946360 -3.67995382240881 -3.49229653668543 5.73293088253838
2026-09-26T01:50:31.049 -6352.969220029880 2423.843524934800 -180.339231663097 -1.83683139744414 -4.37991006417876 6.00592426218481
2026-09-26T01:54:31.049 -6557.762760507940 1297.401447925720 1250.110404624220 0.14073149168993 -4.94990313873809 5.84158645590924
2026-09-26T01:58:31.049 -6286.220599136410 76.720890042997 2589.494005589370 2.10829667644249 -5.16040179161197 5.25169747692857
2026-09-26T02:02:31.049 -5558.097461598970 -1149.531772029200 3740.263198496780 3.92229660989544 -4.99608280938417 4.27947610372250
2026-09-26T02:06:31.049 -4426.410358665670 -2292.318993202010 4618.690352284040 5.45086140844459 -4.46914741898210 2.99610017444355
2026-09-26T02:10:31.049 -2973.444503827310 -3268.727047217670 5160.937362878390 6.58338833580117 -3.61804650495097 1.49506689574208
2026-09-26T02:14:31.050 -1304.701482090210 -4007.927835432790 5327.602350210040 7.23809818690370 -2.50440908495089 -0.11470788308358
2026-09-26T02:18:31.049 458.721566546932 -4456.238534578400 5106.510298680380 7.36756096600505 -1.20864881662384 -1.71659423957425
2026-09-26T02:22:31.050 2188.819448445620 -4580.973822393090 4513.580619015770 6.96195761142800 0.17570154104366 -3.19446360284547
2026-09-26T02:26:31.049 3759.848278114520 -4372.837642289090 3591.748073184250 6.04993811971584 1.54836960057178 -4.44063576789812
2026-09-26T02:30:31.050 5057.438846112350 -3846.706528471780 2407.979225228920 4.69713644412782 2.80941341741804 -5.36379307817884
2026-09-26T02:34:31.049 5987.008791323820 -3040.672942115090 1048.488656115240 3.00189193578486 3.86653332231206 -5.89590394436265
2026-09-26T02:38:31.050 6480.833776417990 -2013.341485594120 -387.543043217959 1.08828931303552 4.64221523217105 -5.99769966896359
2026-09-26T02:42:31.049 6503.139971789590 -839.526215203850 -1795.319679285780 -0.90323207070826 5.07979243937828 -5.66199418736622
2026-09-26T02:46:31.050 6052.729359974000 395.325628538202 -3072.249611015600 -2.82686890519610 5.14787406249613 -4.91417585930476
2026-09-26T02:50:31.049 5162.911324551630 1601.499775005950 -4125.540690073540 -4.54270284576313 4.84244971139315 -3.80992011301760
2026-09-26T02:54:31.050 3898.817881865620 2691.606224655340 -4878.942220530330 -5.92704502694784 4.18667387182857 -2.43044455381515
2026-09-26T02:58:31.049 2352.449857650780 3586.868723600570 -5278.137824098250 -6.88093797968602 3.22867914528648 -0.87616001347646
